,Station,Easting,Northing,Elevation,Alignment_Station_int
1,204+874.1,2612071.5482,1269294.1221,270.962,204874.1
3,204+876,2612072.9907,1269295.3587,270.989,204876.0
5,204+879,2612075.3031,1269297.2698,271.033,204879.0
7,204+882,2612077.6574,1269299.1291,271.076,204882.0
9,204+885,2612080.0523,1269300.9358,271.12,204885.0
11,204+888,2612082.4866,1269302.689,271.163,204888.0
13,204+891,2612084.9592,1269304.3878,271.207,204891.0
15,204+894,2612087.4688,1269306.0314,271.25,204894.0
17,204+897,2612090.0142,1269307.619,271.294,204897.0
19,204+900,2612092.5942,1269309.1498,271.337,204900.0
21,204+903,2612095.2075,1269310.6231,271.381,204903.0
23,204+906,2612097.8528,1269312.0381,271.424,204906.0
25,204+909,2612100.5287,1269313.3941,271.468,204909.0
27,204+912,2612103.2341,1269314.6905,271.511,204912.0
29,204+915,2612105.9675,1269315.9266,271.555,204915.0
31,204+918,2612108.7277,1269317.1019,271.598,204918.0
33,204+921,2612111.5132,1269318.2157,271.642,204921.0
35,204+924,2612114.3227,1269319.2675,271.685,204924.0
37,204+927,2612117.1548,1269320.2568,271.729,204927.0
39,204+927.637,2612117.7589,1269320.4587,271.738,204927.637
41,204+930,2612120.0082,1269321.1831,271.771,204930.0
43,204+933,2612122.8813,1269322.0459,271.811,204933.0
45,204+936,2612125.7729,1269322.8449,271.847,204936.0
47,204+939,2612128.6815,1269323.5796,271.879,204939.0
49,204+942,2612131.6057,1269324.2496,271.909,204942.0
51,204+945,2612134.5439,1269324.8547,271.935,204945.0
53,204+948,2612137.4949,1269325.3946,271.958,204948.0
55,204+951,2612140.4571,1269325.8689,271.978,204951.0
57,204+954,2612143.4291,1269326.2774,271.994,204954.0
59,204+957,2612146.4094,1269326.6201,272.007,204957.0
61,204+960,2612149.3966,1269326.8965,272.017,204960.0
63,204+963,2612152.3891,1269327.1068,272.023,204963.0
65,204+966,2612155.3856,1269327.2506,272.027,204966.0
67,204+969,2612158.3846,1269327.3281,272.027,204969.0
69,204+972,2612161.3845,1269327.339,272.023,204972.0
71,204+975,2612164.3839,1269327.2835,272.017,204975.0
73,204+978,2612167.3814,1269327.1615,272.007,204978.0
75,204+981,2612170.3754,1269326.9731,271.994,204981.0
77,204+984,2612173.3645,1269326.7185,271.978,204984.0
79,204+987,2612176.3472,1269326.3977,271.958,204987.0
81,204+990,2612179.3221,1269326.0108,271.935,204990.0
83,204+993,2612182.2877,1269325.5581,271.909,204993.0
85,204+996,2612185.2425,1269325.0399,271.879,204996.0
87,204+999,2612188.1852,1269324.4562,271.847,204999.0
89,205+002,2612191.1141,1269323.8075,271.811,205002.0
91,205+005,2612194.028,1269323.0941,271.771,205005.0
93,205+008,2612196.9253,1269322.3163,271.729,205008.0
95,205+011,2612199.8047,1269321.4745,271.683,205011.0
97,205+014,2612202.6648,1269320.569,271.634,205014.0
99,205+014.027,2612202.6903,1269320.5606,271.633,205014.027
101,205+017,2612205.5957,1269319.6207,271.581,205017.0
103,205+020,2612208.4335,1269318.6479,271.526,205020.0
105,205+023,2612211.2494,1269317.6135,271.467,205023.0
107,205+026,2612214.0425,1269316.5186,271.404,205026.0
109,205+029,2612216.8114,1269315.3643,271.339,205029.0
111,205+032,2612219.5554,1269314.1517,271.27,205032.0
113,205+035,2612222.2733,1269312.8819,271.198,205035.0
115,205+038,2612224.9643,1269311.5559,271.123,205038.0
117,205+041,2612227.6275,1269310.1749,271.044,205041.0
119,205+044,2612230.262,1269308.7399,270.962,205044.0
121,205+047,2612232.8671,1269307.2522,270.877,205047.0
123,205+050,2612235.4419,1269305.7128,270.789,205050.0
125,205+053,2612237.9859,1269304.1228,270.697,205053.0
127,205+056,2612240.4982,1269302.4833,270.602,205056.0
129,205+059,2612242.9784,1269300.7956,270.504,205059.0
131,205+062,2612245.4258,1269299.0607,270.402,205062.0
133,205+065,2612247.8502,1269297.2719,270.298,205065.0
137,205+068,2612250.2986,1269295.5607,270.19,205068.0
139,205+071,2612252.7376,1269293.814,270.078,205071.0
141,205+074,2612255.1563,1269292.0392,269.964,205074.0
143,205+077,2612257.5543,1269290.2366,269.846,205077.0
145,205+080,2612259.9314,1269288.4065,269.725,205080.0
147,205+083,2612262.2872,1269286.5491,269.6,205083.0
149,205+086,2612264.6214,1269284.6646,269.473,205086.0
151,205+089,2612266.9338,1269282.7533,269.342,205089.0
153,205+092,2612269.2239,1269280.8155,269.207,205092.0
155,205+095,2612271.4915,1269278.8513,269.07,205095.0
157,205+098,2612273.7363,1269276.8611,268.929,205098.0
159,205+101,2612275.958,1269274.8452,268.785,205101.0
161,205+104,2612278.1562,1269272.8038,268.638,205104.0
163,205+107,2612280.3308,1269270.7371,268.487,205107.0
165,205+110,2612282.4814,1269268.6455,268.333,205110.0
167,205+113,2612284.6077,1269266.5292,268.176,205113.0
169,205+116,2612286.7095,1269264.3885,268.015,205116.0
171,205+119,2612288.7864,1269262.2237,267.852,205119.0
173,205+122,2612290.8382,1269260.0351,267.685,205122.0
175,205+125,2612292.8646,1269257.8229,267.514,205125.0
177,205+125.545,2612293.2297,1269257.4188,267.483,205125.545
179,205+128,2612294.8653,1269255.5875,267.342,205128.0
181,205+131,2612296.8401,1269253.3292,267.169,205131.0
183,205+134,2612298.7887,1269251.0483,266.997,205134.0
185,205+137,2612300.7109,1269248.745,266.824,205137.0
187,205+140,2612302.6064,1269246.4197,266.652,205140.0
189,205+143,2612304.4749,1269244.0726,266.479,205143.0
191,205+146,2612306.3162,1269241.7042,266.307,205146.0
193,205+149,2612308.1301,1269239.3147,266.134,205149.0
195,205+152,2612309.9163,1269236.9044,265.962,205152.0
197,205+155,2612311.6745,1269234.4737,265.789,205155.0
199,205+158,2612313.4046,1269232.0228,265.617,205158.0
201,205+161,2612315.1063,1269229.5521,265.444,205161.0
203,205+162.354,2612315.865,1269228.4306,265.367,205162.354
205,205+164,2612316.787,1269227.0617,265.272,205164.0
207,205+167,2612318.4418,1269224.5594,265.099,205167.0
209,205+170,2612320.0698,1269222.0395,264.927,205170.0
211,205+173,2612321.6723,1269219.5034,264.754,205173.0
213,205+176,2612323.2505,1269216.9521,264.582,205176.0
215,205+179,2612324.8057,1269214.3867,264.409,205179.0
217,205+182,2612326.3393,1269211.8083,264.237,205182.0
219,205+185,2612327.8526,1269209.218,264.064,205185.0
221,205+188,2612329.347,1269206.6167,263.892,205188.0
223,205+191,2612330.8239,1269204.0054,263.719,205191.0
225,205+194,2612332.2847,1269201.3851,263.547,205194.0
227,205+197,2612333.7308,1269198.7566,263.374,205197.0
229,205+200,2612335.1636,1269196.1209,263.202,205200.0
231,205+203,2612336.5846,1269193.4788,263.029,205203.0
233,205+206,2612337.9953,1269190.8312,262.857,205206.0
235,205+209,2612339.3971,1269188.1789,262.684,205209.0
237,205+212,2612340.7916,1269185.5226,262.512,205212.0
239,205+215,2612342.1801,1269182.8633,262.339,205215.0
241,205+218,2612343.5643,1269180.2017,262.167,205218.0
243,205+220.619,2612344.7703,1269177.8768,262.016,205220.619
245,205+221,2612344.9482,1269177.54,261.994,205221.0
247,205+224,2612346.3503,1269174.8878,261.822,205224.0
249,205+227,2612347.754,1269172.2365,261.649,205227.0
251,205+230,2612349.1593,1269169.586,261.477,205230.0
253,205+230.263,2612349.2826,1269169.3536,261.462,205230.263
255,205+233,2612350.5662,1269166.9364,261.305,205233.0
257,205+236,2612351.9747,1269164.2875,261.133,205236.0
259,205+239,2612353.3848,1269161.6396,260.962,205239.0
261,205+242,2612354.7964,1269158.9925,260.792,205242.0
263,205+245,2612356.2097,1269156.3462,260.622,205245.0
265,205+248,2612357.6245,1269153.7008,260.452,205248.0
267,205+251,2612359.041,1269151.0562,260.284,205251.0
269,205+254,2612360.459,1269148.4125,260.116,205254.0
271,205+257,2612361.8786,1269145.7696,259.948,205257.0
273,205+260,2612363.2998,1269143.1276,259.781,205260.0
275,205+263,2612364.7225,1269140.4865,259.615,205263.0
277,205+266,2612366.1469,1269137.8462,259.45,205266.0
279,205+269,2612367.5728,1269135.2067,259.284,205269.0
281,205+272,2612369.0003,1269132.5681,259.12,205272.0
283,205+275,2612370.4295,1269129.9304,258.956,205275.0
285,205+278,2612371.8601,1269127.2935,258.793,205278.0
287,205+281,2612373.2924,1269124.6575,258.63,205281.0
289,205+284,2612374.7263,1269122.0223,258.468,205284.0
291,205+287,2612376.1617,1269119.388,258.307,205287.0
293,205+290,2612377.5987,1269116.7546,258.146,205290.0
295,205+293,2612379.0373,1269114.122,257.986,205293.0
297,205+296,2612380.4775,1269111.4903,257.826,205296.0
299,205+299,2612381.9192,1269108.8595,257.667,205299.0
301,205+302,2612383.3625,1269106.2295,257.508,205302.0
303,205+305,2612384.8074,1269103.6004,257.351,205305.0
305,205+308,2612386.2539,1269100.9721,257.193,205308.0
307,205+311,2612387.702,1269098.3447,257.037,205311.0
309,205+314,2612389.1516,1269095.7182,256.881,205314.0
311,205+317,2612390.6028,1269093.0926,256.725,205317.0
313,205+320,2612392.0556,1269090.4678,256.57,205320.0
315,205+323,2612393.51,1269087.8439,256.416,205323.0
317,205+326,2612394.9659,1269085.2209,256.262,205326.0
319,205+329,2612396.4234,1269082.5987,256.109,205329.0
321,205+332,2612397.8825,1269079.9775,255.957,205332.0
323,205+335,2612399.3432,1269077.3571,255.805,205335.0
325,205+338,2612400.8054,1269074.7375,255.654,205338.0
327,205+341,2612402.2692,1269072.1189,255.503,205341.0
329,205+342.439,2612402.9719,1269070.8631,255.431,205342.439
331,205+344,2612403.7346,1269069.5011,255.353,205344.0
333,205+347,2612405.2015,1269066.8842,255.203,205347.0
335,205+350,2612406.67,1269064.2682,255.053,205350.0
337,205+353,2612408.1401,1269061.6531,254.902,205353.0
339,205+356,2612409.6117,1269059.0389,254.752,205356.0
341,205+359,2612411.0849,1269056.4255,254.602,205359.0
343,205+362,2612412.5597,1269053.813,254.452,205362.0
345,205+365,2612414.0361,1269051.2015,254.302,205365.0
347,205+368,2612415.514,1269048.5908,254.152,205368.0
349,205+371,2612416.9935,1269045.9809,254.002,205371.0
351,205+374,2612418.4745,1269043.372,253.852,205374.0
353,205+377,2612419.9571,1269040.764,253.702,205377.0
355,205+380,2612421.4413,1269038.1568,253.552,205380.0
357,205+383,2612422.9271,1269035.5506,253.402,205383.0
359,205+386,2612424.4144,1269032.9452,253.252,205386.0
361,205+389,2612425.9032,1269030.3407,253.101,205389.0
363,205+389.861,2612426.3308,1269029.5935,253.058,205389.861
365,205+392,2612427.3933,1269027.7369,252.951,205392.0
367,205+395,2612428.8834,1269025.1332,252.801,205395.0
369,205+398,2612430.3735,1269022.5294,252.651,205398.0
371,205+401,2612431.8636,1269019.9256,252.501,205401.0
373,205+404,2612433.3537,1269017.3219,252.351,205404.0
375,205+407,2612434.8438,1269014.7181,252.201,205407.0
377,205+410,2612436.3339,1269012.1143,252.051,205410.0
379,205+413,2612437.824,1269009.5106,251.901,205413.0
381,205+416,2612439.3141,1269006.9068,251.751,205416.0
383,205+419,2612440.8041,1269004.303,251.601,205419.0
385,205+422,2612442.2942,1269001.6993,251.451,205422.0
387,205+425,2612443.7843,1268999.0955,251.3,205425.0
389,205+428,2612445.2744,1268996.4917,251.15,205428.0
391,205+431,2612446.7645,1268993.888,251.0,205431.0
393,205+434,2612448.2546,1268991.2842,250.85,205434.0
395,205+437,2612449.7447,1268988.6804,250.7,205437.0
397,205+440,2612451.2348,1268986.0767,250.55,205440.0
399,205+443,2612452.7249,1268983.4729,250.4,205443.0
401,205+446,2612454.215,1268980.8691,250.25,205446.0
403,205+449,2612455.7051,1268978.2653,250.1,205449.0
405,205+452,2612457.1952,1268975.6616,249.95,205452.0
407,205+455,2612458.6853,1268973.0578,249.8,205455.0
409,205+458,2612460.1754,1268970.454,249.65,205458.0
411,205+461,2612461.6655,1268967.8503,249.499,205461.0
413,205+464,2612463.1556,1268965.2465,249.349,205464.0
415,205+467,2612464.6457,1268962.6427,249.199,205467.0
417,205+470,2612466.1358,1268960.039,249.049,205470.0
419,205+473,2612467.6259,1268957.4352,248.899,205473.0
421,205+476,2612469.116,1268954.8314,248.749,205476.0
423,205+479,2612470.6061,1268952.2277,248.599,205479.0
425,205+482,2612472.0962,1268949.6239,248.449,205482.0
427,205+485,2612473.5863,1268947.0201,248.299,205485.0
429,205+488,2612475.0764,1268944.4164,248.149,205488.0
431,205+491,2612476.5665,1268941.8126,247.999,205491.0
433,205+494,2612478.0566,1268939.2088,247.849,205494.0
435,205+497,2612479.5467,1268936.6051,247.698,205497.0
437,205+500,2612481.0368,1268934.0013,247.548,205500.0
439,205+503,2612482.5269,1268931.3975,247.398,205503.0
441,205+506,2612484.017,1268928.7938,247.248,205506.0
443,205+509,2612485.5071,1268926.19,247.098,205509.0
445,205+512,2612486.9972,1268923.5862,246.948,205512.0
447,205+515,2612488.4873,1268920.9825,246.798,205515.0
449,205+518,2612489.9774,1268918.3787,246.648,205518.0
451,205+521,2612491.4675,1268915.7749,246.498,205521.0
453,205+524,2612492.9576,1268913.1711,246.348,205524.0
455,205+527,2612494.4477,1268910.5674,246.198,205527.0
457,205+530,2612495.9378,1268907.9636,246.048,205530.0
459,205+533,2612497.4279,1268905.3598,245.897,205533.0
461,205+536,2612498.918,1268902.7561,245.747,205536.0
463,205+539,2612500.4081,1268900.1523,245.597,205539.0
465,205+542,2612501.8982,1268897.5485,245.447,205542.0
467,205+545,2612503.3883,1268894.9448,245.297,205545.0
469,205+548,2612504.8784,1268892.341,245.147,205548.0
471,205+551,2612506.3685,1268889.7372,244.997,205551.0
473,205+554,2612507.8586,1268887.1335,244.847,205554.0
475,205+557,2612509.3487,1268884.5297,244.697,205557.0
477,205+560,2612510.8388,1268881.9259,244.547,205560.0
479,205+563,2612512.3289,1268879.3222,244.397,205563.0
481,205+566,2612513.819,1268876.7184,244.247,205566.0
483,205+569,2612515.3091,1268874.1146,244.096,205569.0
485,205+572,2612516.7992,1268871.5109,243.946,205572.0
487,205+575,2612518.2893,1268868.9071,243.796,205575.0
489,205+578,2612519.7794,1268866.3033,243.646,205578.0
491,205+581,2612521.2695,1268863.6996,243.496,205581.0
493,205+584,2612522.7596,1268861.0958,243.346,205584.0
495,205+587,2612524.2496,1268858.492,243.196,205587.0
497,205+590,2612525.7397,1268855.8883,243.046,205590.0
499,205+593,2612527.2298,1268853.2845,242.896,205593.0
501,205+596,2612528.7199,1268850.6807,242.746,205596.0
503,205+599,2612530.21,1268848.077,242.596,205599.0
505,205+602,2612531.7001,1268845.4732,242.446,205602.0
507,205+605,2612533.1902,1268842.8694,242.295,205605.0
509,205+608,2612534.6803,1268840.2656,242.145,205608.0
511,205+611,2612536.1704,1268837.6619,241.995,205611.0
513,205+614,2612537.6605,1268835.0581,241.845,205614.0
515,205+617,2612539.1506,1268832.4543,241.695,205617.0
517,205+620,2612540.6407,1268829.8506,241.545,205620.0
519,205+623,2612542.1308,1268827.2468,241.395,205623.0
521,205+626,2612543.6209,1268824.643,241.245,205626.0
523,205+629,2612545.111,1268822.0393,241.095,205629.0
525,205+632,2612546.6011,1268819.4355,240.945,205632.0
527,205+635,2612548.0912,1268816.8317,240.795,205635.0
529,205+638,2612549.5813,1268814.228,240.645,205638.0
531,205+641,2612551.0714,1268811.6242,240.494,205641.0
533,205+644,2612552.5615,1268809.0204,240.344,205644.0
535,205+647,2612554.0516,1268806.4167,240.194,205647.0
537,205+650,2612555.5417,1268803.8129,240.044,205650.0
539,205+653,2612557.0318,1268801.2091,239.894,205653.0
541,205+656,2612558.5219,1268798.6054,239.744,205656.0
543,205+659,2612560.012,1268796.0016,239.594,205659.0
545,205+662,2612561.5021,1268793.3978,239.444,205662.0
547,205+665,2612562.9922,1268790.7941,239.294,205665.0
549,205+668,2612564.4823,1268788.1903,239.144,205668.0
551,205+671,2612565.9724,1268785.5865,238.994,205671.0
553,205+674,2612567.4625,1268782.9828,238.844,205674.0
555,205+677,2612568.9526,1268780.379,238.693,205677.0
557,205+680,2612570.4427,1268777.7752,238.543,205680.0
559,205+683,2612571.9328,1268775.1715,238.393,205683.0
561,205+686,2612573.4229,1268772.5677,238.243,205686.0
563,205+689,2612574.913,1268769.9639,238.093,205689.0
565,205+692,2612576.4031,1268767.3601,237.943,205692.0
567,205+695,2612577.8932,1268764.7564,237.793,205695.0
569,205+698,2612579.3833,1268762.1526,237.643,205698.0
571,205+701,2612580.8734,1268759.5488,237.493,205701.0
573,205+704,2612582.3635,1268756.9451,237.343,205704.0
575,205+707,2612583.8536,1268754.3413,237.193,205707.0
577,205+710,2612585.3437,1268751.7375,237.043,205710.0
579,205+713,2612586.8338,1268749.1338,236.892,205713.0
581,205+716,2612588.3239,1268746.53,236.742,205716.0
583,205+719,2612589.814,1268743.9262,236.592,205719.0
585,205+722,2612591.3041,1268741.3225,236.442,205722.0
587,205+725,2612592.7942,1268738.7187,236.292,205725.0
589,205+728,2612594.2843,1268736.1149,236.142,205728.0
591,205+731,2612595.7744,1268733.5112,235.992,205731.0
593,205+734,2612597.2645,1268730.9074,235.842,205734.0
595,205+737,2612598.7546,1268728.3036,235.692,205737.0
597,205+740,2612600.2447,1268725.6999,235.542,205740.0
599,205+743,2612601.7348,1268723.0961,235.392,205743.0
601,205+746,2612603.2249,1268720.4923,235.242,205746.0
603,205+749,2612604.715,1268717.8886,235.091,205749.0
605,205+752,2612606.2051,1268715.2848,234.941,205752.0
607,205+755,2612607.6952,1268712.681,234.791,205755.0
609,205+758,2612609.1852,1268710.0773,234.641,205758.0
611,205+761,2612610.6753,1268707.4735,234.491,205761.0
613,205+764,2612612.1654,1268704.8697,234.341,205764.0
615,205+767,2612613.6555,1268702.266,234.191,205767.0
617,205+770,2612615.1456,1268699.6622,234.041,205770.0
619,205+773,2612616.6357,1268697.0584,233.891,205773.0
621,205+776,2612618.1258,1268694.4546,233.741,205776.0
623,205+779,2612619.6159,1268691.8509,233.591,205779.0
625,205+782,2612621.106,1268689.2471,233.441,205782.0
627,205+785,2612622.5961,1268686.6433,233.29,205785.0
629,205+788,2612624.0862,1268684.0396,233.14,205788.0
631,205+791,2612625.5763,1268681.4358,232.99,205791.0
633,205+794,2612627.0664,1268678.832,232.84,205794.0
635,205+797,2612628.5565,1268676.2283,232.69,205797.0
637,205+800,2612630.0466,1268673.6245,232.54,205800.0
639,205+803,2612631.5367,1268671.0207,232.39,205803.0
641,205+806,2612633.0268,1268668.417,232.24,205806.0
643,205+809,2612634.5169,1268665.8132,232.09,205809.0
645,205+812,2612636.007,1268663.2094,231.94,205812.0
647,205+815,2612637.4971,1268660.6057,231.79,205815.0
649,205+818,2612638.9872,1268658.0019,231.64,205818.0
651,205+821,2612640.4773,1268655.3981,231.489,205821.0
653,205+824,2612641.9674,1268652.7944,231.339,205824.0
655,205+827,2612643.4575,1268650.1906,231.189,205827.0
657,205+830,2612644.9476,1268647.5868,231.039,205830.0
659,205+833,2612646.4377,1268644.9831,230.889,205833.0
661,205+836,2612647.9278,1268642.3793,230.739,205836.0
663,205+839,2612649.4179,1268639.7755,230.589,205839.0
665,205+842,2612650.908,1268637.1718,230.439,205842.0
667,205+845,2612652.3981,1268634.568,230.289,205845.0
669,205+848,2612653.8882,1268631.9642,230.139,205848.0
671,205+851,2612655.3783,1268629.3604,229.989,205851.0
673,205+854,2612656.8684,1268626.7567,229.839,205854.0
675,205+857,2612658.3585,1268624.1529,229.688,205857.0
677,205+860,2612659.8486,1268621.5491,229.538,205860.0
679,205+863,2612661.3387,1268618.9454,229.388,205863.0
681,205+866,2612662.8288,1268616.3416,229.238,205866.0
683,205+869,2612664.3189,1268613.7378,229.088,205869.0
685,205+872,2612665.809,1268611.1341,228.938,205872.0
687,205+875,2612667.2991,1268608.5303,228.788,205875.0
689,205+878,2612668.7892,1268605.9265,228.638,205878.0
691,205+881,2612670.2793,1268603.3228,228.488,205881.0
693,205+884,2612671.7694,1268600.719,228.338,205884.0
695,205+887,2612673.2595,1268598.1152,228.188,205887.0
697,205+890,2612674.7496,1268595.5115,228.037,205890.0
699,205+893,2612676.2397,1268592.9077,227.887,205893.0
701,205+896,2612677.7298,1268590.3039,227.737,205896.0
703,205+899,2612679.2199,1268587.7002,227.587,205899.0
705,205+899.115,2612679.277,1268587.6003,227.581,205899.115
707,205+902,2612680.71,1268585.0964,227.438,205902.0
709,205+905,2612682.2001,1268582.4926,227.289,205905.0
711,205+908,2612683.6902,1268579.8889,227.141,205908.0
713,205+911,2612685.1803,1268577.2851,226.994,205911.0
715,205+914,2612686.6704,1268574.6813,226.848,205914.0
717,205+917,2612688.1605,1268572.0776,226.703,205917.0
719,205+920,2612689.6506,1268569.4738,226.559,205920.0
721,205+923,2612691.1407,1268566.87,226.415,205923.0
723,205+926,2612692.6307,1268564.2663,226.273,205926.0
725,205+929,2612694.1208,1268561.6625,226.131,205929.0
727,205+932,2612695.6109,1268559.0587,225.991,205932.0
729,205+935,2612697.101,1268556.4549,225.851,205935.0
731,205+938,2612698.5911,1268553.8512,225.712,205938.0
733,205+941,2612700.0812,1268551.2474,225.574,205941.0
735,205+944,2612701.5713,1268548.6436,225.437,205944.0
737,205+947,2612703.0614,1268546.0399,225.301,205947.0
739,205+950,2612704.5515,1268543.4361,225.166,205950.0
741,205+953,2612706.0416,1268540.8323,225.031,205953.0
743,205+956,2612707.5317,1268538.2286,224.898,205956.0
745,205+959,2612709.0218,1268535.6248,224.765,205959.0
747,205+962,2612710.5119,1268533.021,224.634,205962.0
749,205+965,2612712.002,1268530.4173,224.503,205965.0
751,205+968,2612713.4921,1268527.8135,224.373,205968.0
753,205+971,2612714.9822,1268525.2097,224.244,205971.0
755,205+974,2612716.4723,1268522.606,224.116,205974.0
757,205+977,2612717.9624,1268520.0022,223.989,205977.0
759,205+980,2612719.4525,1268517.3984,223.863,205980.0
761,205+983,2612720.9426,1268514.7947,223.738,205983.0
763,205+986,2612722.4327,1268512.1909,223.613,205986.0
765,205+989,2612723.9228,1268509.5871,223.49,205989.0
767,205+992,2612725.4129,1268506.9834,223.367,205992.0
769,205+995,2612726.903,1268504.3796,223.245,205995.0
771,205+998,2612728.3931,1268501.7758,223.125,205998.0
773,206+001,2612729.8832,1268499.1721,223.005,206001.0
775,206+004,2612731.3733,1268496.5683,222.886,206004.0
777,206+007,2612732.8634,1268493.9645,222.768,206007.0
779,206+010,2612734.3535,1268491.3608,222.65,206010.0
781,206+013,2612735.8436,1268488.757,222.534,206013.0
783,206+016,2612737.3337,1268486.1532,222.419,206016.0
785,206+019,2612738.8238,1268483.5494,222.304,206019.0
787,206+022,2612740.3139,1268480.9457,222.191,206022.0
789,206+025,2612741.804,1268478.3419,222.078,206025.0
791,206+028,2612743.2941,1268475.7381,221.966,206028.0
793,206+031,2612744.7842,1268473.1344,221.855,206031.0
795,206+034,2612746.2743,1268470.5306,221.745,206034.0
797,206+037,2612747.7644,1268467.9268,221.636,206037.0
799,206+040,2612749.2545,1268465.3231,221.528,206040.0
801,206+043,2612750.7446,1268462.7193,221.421,206043.0
803,206+046,2612752.2347,1268460.1155,221.315,206046.0
805,206+049,2612753.7248,1268457.5118,221.209,206049.0
807,206+052,2612755.2149,1268454.908,221.105,206052.0
809,206+055,2612756.705,1268452.3042,221.001,206055.0
811,206+058,2612758.1951,1268449.7005,220.898,206058.0
813,206+061,2612759.6852,1268447.0967,220.796,206061.0
815,206+064,2612761.1753,1268444.4929,220.695,206064.0
817,206+067,2612762.6654,1268441.8892,220.595,206067.0
819,206+070,2612764.1555,1268439.2854,220.496,206070.0
821,206+073,2612765.6456,1268436.6816,220.398,206073.0
823,206+076,2612767.1357,1268434.0779,220.301,206076.0
825,206+079,2612768.6258,1268431.4741,220.204,206079.0
827,206+082,2612770.1159,1268428.8703,220.109,206082.0
829,206+085,2612771.606,1268426.2666,220.014,206085.0
831,206+088,2612773.0961,1268423.6628,219.92,206088.0
833,206+091,2612774.5862,1268421.059,219.828,206091.0
835,206+094,2612776.0763,1268418.4552,219.736,206094.0
837,206+097,2612777.5663,1268415.8515,219.645,206097.0
839,206+100,2612779.0564,1268413.2477,219.554,206100.0
841,206+103,2612780.5465,1268410.6439,219.465,206103.0
843,206+106,2612782.0366,1268408.0402,219.377,206106.0
845,206+109,2612783.5267,1268405.4364,219.29,206109.0
847,206+112,2612785.0168,1268402.8326,219.203,206112.0
849,206+115,2612786.5069,1268400.2289,219.117,206115.0
851,206+118,2612787.997,1268397.6251,219.033,206118.0
853,206+121,2612789.4871,1268395.0213,218.949,206121.0
855,206+124,2612790.9772,1268392.4176,218.866,206124.0
857,206+127,2612792.4673,1268389.8138,218.784,206127.0
859,206+130,2612793.9574,1268387.21,218.703,206130.0
861,206+133,2612795.4475,1268384.6063,218.623,206133.0
863,206+136,2612796.9376,1268382.0025,218.543,206136.0
865,206+139,2612798.4277,1268379.3987,218.465,206139.0
867,206+142,2612799.9178,1268376.795,218.388,206142.0
869,206+145,2612801.4079,1268374.1912,218.311,206145.0
871,206+148,2612802.898,1268371.5874,218.235,206148.0
873,206+148.763,2612803.277,1268370.9252,218.216,206148.763
875,206+151,2612804.3881,1268368.9837,218.16,206151.0
877,206+154,2612805.8782,1268366.3799,218.085,206154.0
879,206+157,2612807.3683,1268363.7761,218.01,206157.0
881,206+160,2612808.8584,1268361.1724,217.935,206160.0
883,206+163,2612810.3485,1268358.5686,217.86,206163.0
885,206+166,2612811.8386,1268355.9648,217.785,206166.0
887,206+169,2612813.3287,1268353.3611,217.71,206169.0
889,206+172,2612814.8188,1268350.7573,217.635,206172.0
891,206+175,2612816.3089,1268348.1535,217.56,206175.0
893,206+178,2612817.799,1268345.5497,217.485,206178.0
895,206+181,2612819.2891,1268342.946,217.41,206181.0
897,206+184,2612820.7792,1268340.3422,217.335,206184.0
899,206+187,2612822.2693,1268337.7384,217.26,206187.0
901,206+190,2612823.7594,1268335.1347,217.185,206190.0
903,206+193,2612825.2495,1268332.5309,217.11,206193.0
905,206+196,2612826.7396,1268329.9271,217.035,206196.0
907,206+199,2612828.2297,1268327.3234,216.96,206199.0
909,206+202,2612829.7198,1268324.7196,216.885,206202.0
911,206+205,2612831.2099,1268322.1158,216.81,206205.0
913,206+208,2612832.7,1268319.5121,216.735,206208.0
915,206+211,2612834.1901,1268316.9083,216.66,206211.0
917,206+214,2612835.6802,1268314.3045,216.585,206214.0
919,206+217,2612837.1703,1268311.7008,216.51,206217.0
921,206+220,2612838.6604,1268309.097,216.435,206220.0
923,206+223,2612840.1505,1268306.4932,216.36,206223.0
925,206+226,2612841.6406,1268303.8895,216.285,206226.0
927,206+229,2612843.1307,1268301.2857,216.21,206229.0
929,206+232,2612844.6208,1268298.6819,216.135,206232.0
931,206+235,2612846.1109,1268296.0782,216.06,206235.0
933,206+238,2612847.601,1268293.4744,215.985,206238.0
935,206+241,2612849.0911,1268290.8706,215.91,206241.0
937,206+244,2612850.5812,1268288.2669,215.835,206244.0
939,206+247,2612852.0713,1268285.6631,215.76,206247.0
941,206+250,2612853.5614,1268283.0593,215.685,206250.0
943,206+253,2612855.0515,1268280.4556,215.61,206253.0
945,206+256,2612856.5416,1268277.8518,215.535,206256.0
947,206+259,2612858.0317,1268275.248,215.46,206259.0
949,206+262,2612859.5218,1268272.6442,215.385,206262.0
951,206+265,2612861.0118,1268270.0405,215.31,206265.0
953,206+268,2612862.5019,1268267.4367,215.235,206268.0
955,206+271,2612863.992,1268264.8329,215.16,206271.0
957,206+274,2612865.4821,1268262.2292,215.085,206274.0
959,206+277,2612866.9722,1268259.6254,215.01,206277.0
961,206+280,2612868.4623,1268257.0216,214.935,206280.0
963,206+283,2612869.9524,1268254.4179,214.86,206283.0
965,206+286,2612871.4425,1268251.8141,214.785,206286.0
967,206+289,2612872.9326,1268249.2103,214.71,206289.0
969,206+292,2612874.4227,1268246.6066,214.635,206292.0
971,206+295,2612875.9128,1268244.0028,214.56,206295.0
973,206+298,2612877.4029,1268241.399,214.485,206298.0
975,206+301,2612878.893,1268238.7953,214.41,206301.0
977,206+304,2612880.3831,1268236.1915,214.335,206304.0
979,206+306.711,2612881.7295,1268233.8388,214.268,206306.711
981,206+307,2612881.8732,1268233.5877,214.26,206307.0
983,206+310,2612883.3634,1268230.984,214.185,206310.0
985,206+313,2612884.8537,1268228.3804,214.11,206313.0
987,206+316,2612886.3445,1268225.777,214.035,206316.0
989,206+319,2612887.8358,1268223.1739,213.96,206319.0
991,206+322,2612889.3279,1268220.5713,213.885,206322.0
993,206+325,2612890.821,1268217.9693,213.81,206325.0
995,206+328,2612892.3153,1268215.3679,213.735,206328.0
997,206+331,2612893.8109,1268212.7673,213.66,206331.0
999,206+334,2612895.3081,1268210.1676,213.585,206334.0
1001,206+337,2612896.807,1268207.5689,213.51,206337.0
1003,206+340,2612898.3078,1268204.9713,213.435,206340.0
1005,206+343,2612899.8108,1268202.3749,213.36,206343.0
1007,206+346,2612901.316,1268199.7799,213.285,206346.0
1009,206+349,2612902.8238,1268197.1863,213.21,206349.0
1011,206+352,2612904.3342,1268194.5943,213.135,206352.0
1013,206+355,2612905.8475,1268192.0039,213.06,206355.0
1015,206+358,2612907.3639,1268189.4154,212.985,206358.0
1017,206+361,2612908.8836,1268186.8287,212.91,206361.0
1019,206+364,2612910.4066,1268184.2441,212.835,206364.0
1021,206+367,2612911.9333,1268181.6616,212.76,206367.0
1023,206+370,2612913.4638,1268179.0814,212.685,206370.0
1025,206+373,2612914.9983,1268176.5035,212.61,206373.0
1027,206+376,2612916.537,1268173.9282,212.535,206376.0
1029,206+379,2612918.08,1268171.3554,212.46,206379.0
1031,206+382,2612919.6276,1268168.7854,212.385,206382.0
1033,206+385,2612921.18,1268166.2183,212.31,206385.0
1035,206+388,2612922.7372,1268163.6541,212.235,206388.0
1037,206+391,2612924.2996,1268161.0931,212.16,206391.0
1039,206+393.67,2612925.6945,1268158.8164,212.094,206393.67
1041,206+394,2612925.8672,1268158.5352,212.085,206394.0
1043,206+397,2612927.4403,1268155.9807,212.011,206397.0
1045,206+400,2612929.0191,1268153.4298,211.937,206400.0
1047,206+403,2612930.6036,1268150.8824,211.864,206403.0
1049,206+406,2612932.1942,1268148.3387,211.791,206406.0
1051,206+409,2612933.791,1268145.799,211.72,206409.0
1053,206+412,2612935.3941,1268143.2632,211.649,206412.0
1055,206+415,2612937.0037,1268140.7316,211.579,206415.0
1057,206+418,2612938.6201,1268138.2043,211.509,206418.0
1059,206+421,2612940.2433,1268135.6814,211.44,206421.0
1061,206+424,2612941.8736,1268133.163,211.372,206424.0
1063,206+427,2612943.5111,1268130.6494,211.305,206427.0
1065,206+430,2612945.156,1268128.1405,211.238,206430.0
1067,206+433,2612946.8085,1268125.6367,211.172,206433.0
1069,206+436,2612948.4687,1268123.1379,211.107,206436.0
1071,206+439,2612950.1368,1268120.6445,211.043,206439.0
1073,206+442,2612951.813,1268118.1564,210.979,206442.0
1075,206+445,2612953.4975,1268115.6739,210.916,206445.0
1077,206+448,2612955.1903,1268113.1972,210.853,206448.0
1079,206+451,2612956.8917,1268110.7263,210.792,206451.0
1081,206+454,2612958.6018,1268108.2614,210.731,206454.0
1083,206+454.301,2612958.7738,1268108.0144,210.725,206454.301
1085,206+457,2612960.3209,1268105.8024,210.671,206457.0
1087,206+460,2612962.0488,1268103.35,210.611,206460.0
1089,206+463,2612963.7855,1268100.9038,210.553,206463.0
1091,206+466,2612965.531,1268098.4639,210.495,206466.0
1093,206+469,2612967.2853,1268096.0303,210.437,206469.0
1095,206+472,2612969.0484,1268093.6031,210.381,206472.0
1097,206+475,2612970.8203,1268091.1822,210.325,206475.0
1099,206+478,2612972.6009,1268088.7678,210.27,206478.0
1101,206+481,2612974.3902,1268086.3598,210.216,206481.0
1103,206+484,2612976.1883,1268083.9584,210.162,206484.0
1105,206+487,2612977.9949,1268081.5634,210.109,206487.0
1107,206+490,2612979.8103,1268079.175,210.057,206490.0
1109,206+493,2612981.6342,1268076.7931,210.005,206493.0
1111,206+496,2612983.4668,1268074.4179,209.954,206496.0
1113,206+499,2612985.3079,1268072.0493,209.904,206499.0
1115,206+502,2612987.1576,1268069.6874,209.855,206502.0
1117,206+505,2612989.0158,1268067.3321,209.806,206505.0
1119,206+508,2612990.8825,1268064.9836,209.758,206508.0
1121,206+511,2612992.7577,1268062.6419,209.711,206511.0
1123,206+514,2612994.6413,1268060.307,209.665,206514.0
1125,206+517,2612996.5333,1268057.9789,209.619,206517.0
1127,206+520,2612998.4338,1268055.6576,209.574,206520.0
1129,206+523,2613000.3426,1268053.3432,209.53,206523.0
1131,206+526,2613002.2598,1268051.0358,209.486,206526.0
1133,206+529,2613004.1853,1268048.7352,209.443,206529.0
1135,206+532,2613006.1191,1268046.4417,209.401,206532.0
1137,206+535,2613008.0612,1268044.1552,209.36,206535.0
1139,206+538,2613010.0116,1268041.8757,209.319,206538.0
1141,206+541,2613011.9702,1268039.6032,209.279,206541.0
1143,206+544,2613013.9369,1268037.3379,209.24,206544.0
1145,206+547,2613015.9119,1268035.0796,209.201,206547.0
1147,206+550,2613017.895,1268032.8286,209.163,206550.0
1149,206+553,2613019.8862,1268030.5847,209.126,206553.0
1151,206+556,2613021.8855,1268028.348,209.09,206556.0
1153,206+559,2613023.8929,1268026.1186,209.054,206559.0
1155,206+562,2613025.9084,1268023.8964,209.019,206562.0
1157,206+565,2613027.9318,1268021.6816,208.985,206565.0
1159,206+568,2613029.9633,1268019.474,208.952,206568.0
1161,206+571,2613032.0027,1268017.2738,208.919,206571.0
1163,206+574,2613034.05,1268015.081,208.887,206574.0
1165,206+577,2613036.1053,1268012.8957,208.856,206577.0
1167,206+580,2613038.1684,1268010.7177,208.825,206580.0
1169,206+583,2613040.2394,1268008.5473,208.795,206583.0
1171,206+586,2613042.3183,1268006.3843,208.766,206586.0
1173,206+589,2613044.4049,1268004.2289,208.737,206589.0
1175,206+592,2613046.4993,1268002.081,208.71,206592.0
1177,206+595,2613048.6015,1267999.9407,208.683,206595.0
1179,206+598,2613050.7114,1267997.808,208.656,206598.0
1181,206+601,2613052.829,1267995.683,208.631,206601.0
1183,206+604,2613054.9542,1267993.5656,208.606,206604.0
1185,206+607,2613057.0871,1267991.4559,208.582,206607.0
1187,206+610,2613059.2276,1267989.3539,208.558,206610.0
1189,206+613,2613061.3757,1267987.2597,208.536,206613.0
1191,206+616,2613063.5314,1267985.1733,208.514,206616.0
1193,206+619,2613065.6946,1267983.0947,208.493,206619.0
1195,206+622,2613067.8652,1267981.0239,208.472,206622.0
1197,206+625,2613070.0434,1267978.961,208.452,206625.0
1199,206+628,2613072.2289,1267976.9059,208.433,206628.0
1201,206+631,2613074.4219,1267974.8588,208.415,206631.0
1203,206+634,2613076.6223,1267972.8196,208.397,206634.0
1205,206+637,2613078.8301,1267970.7884,208.38,206637.0
1207,206+640,2613081.0451,1267968.7651,208.364,206640.0
1209,206+643,2613083.2675,1267966.7499,208.348,206643.0
1211,206+643.615,2613083.7237,1267966.338,208.345,206643.615
1213,206+646,2613085.4971,1267964.7427,208.333,206646.0
1215,206+649,2613087.734,1267962.7436,208.319,206649.0
1217,206+652,2613089.9781,1267960.7526,208.304,206652.0
1219,206+655,2613092.2293,1267958.7698,208.289,206655.0
1221,206+658,2613094.4878,1267956.795,208.274,206658.0
1223,206+661,2613096.7533,1267954.8285,208.259,206661.0
1225,206+664,2613099.0259,1267952.8701,208.244,206664.0
1227,206+667,2613101.3056,1267950.92,208.229,206667.0
1229,206+670,2613103.5924,1267948.9782,208.214,206670.0
1231,206+673,2613105.8861,1267947.0446,208.199,206673.0
1233,206+676,2613108.1868,1267945.1193,208.184,206676.0
1235,206+679,2613110.4945,1267943.2023,208.169,206679.0
1237,206+682,2613112.809,1267941.2937,208.154,206682.0
1239,206+685,2613115.1305,1267939.3935,208.139,206685.0
1241,206+688,2613117.4588,1267937.5017,208.124,206688.0
1243,206+691,2613119.7939,1267935.6183,208.109,206691.0
1245,206+694,2613122.1358,1267933.7433,208.094,206694.0
1247,206+697,2613124.4845,1267931.8769,208.079,206697.0
1249,206+700,2613126.8399,1267930.0189,208.064,206700.0
1251,206+703,2613129.202,1267928.1695,208.049,206703.0
1253,206+706,2613131.5708,1267926.3286,208.034,206706.0
1255,206+709,2613133.9462,1267924.4963,208.019,206709.0
1257,206+712,2613136.3282,1267922.6725,208.004,206712.0
1259,206+715,2613138.7169,1267920.8574,207.989,206715.0
1261,206+718,2613141.112,1267919.051,207.974,206718.0
1263,206+721,2613143.5137,1267917.2532,207.959,206721.0
1265,206+724,2613145.9218,1267915.4641,207.944,206724.0
1267,206+727,2613148.3364,1267913.6837,207.929,206727.0
1269,206+730,2613150.7574,1267911.9121,207.914,206730.0
1271,206+733,2613153.1848,1267910.1492,207.899,206733.0
1273,206+736,2613155.6186,1267908.3952,207.884,206736.0
1275,206+739,2613158.0586,1267906.6499,207.869,206739.0
1277,206+742,2613160.505,1267904.9134,207.854,206742.0
1279,206+745,2613162.9576,1267903.1858,207.839,206745.0
1281,206+748,2613165.4165,1267901.4671,207.824,206748.0
1283,206+751,2613167.8816,1267899.7573,207.809,206751.0
1285,206+754,2613170.3528,1267898.0564,207.794,206754.0
1287,206+757,2613172.8301,1267896.3644,207.779,206757.0
1289,206+760,2613175.3136,1267894.6815,207.764,206760.0
1291,206+763,2613177.8031,1267893.0075,207.749,206763.0
1293,206+766,2613180.2987,1267891.3425,207.734,206766.0
1295,206+769,2613182.8002,1267889.6865,207.719,206769.0
1297,206+772,2613185.3077,1267888.0396,207.705,206772.0
1299,206+775,2613187.8212,1267886.4018,207.69,206775.0
1301,206+778,2613190.3406,1267884.773,207.675,206778.0
1303,206+781,2613192.8658,1267883.1534,207.66,206781.0
1305,206+784,2613195.3969,1267881.5429,207.645,206784.0
1307,206+785.027,2613196.2644,1267880.9939,207.639,206785.027
1309,206+787,2613197.9341,1267879.9414,207.63,206787.0
1311,206+790,2613200.4766,1267878.3491,207.615,206790.0
1313,206+793,2613203.0247,1267876.7657,207.6,206793.0
1315,206+796,2613205.5783,1267875.1911,207.585,206796.0
1317,206+799,2613208.137,1267873.6249,207.57,206799.0
1319,206+802,2613210.7009,1267872.0672,207.555,206802.0
1321,206+805,2613213.2697,1267870.5177,207.54,206805.0
1323,206+805.402,2613213.6143,1267870.3107,207.538,206805.402
1325,206+808,2613215.8434,1267868.9762,207.525,206808.0
1327,206+811,2613218.4218,1267867.4426,207.511,206811.0
1329,206+814,2613221.0047,1267865.9166,207.497,206814.0
1331,206+817,2613223.5921,1267864.3982,207.484,206817.0
1333,206+820,2613226.1837,1267862.8871,207.472,206820.0
1335,206+823,2613228.7795,1267861.3831,207.46,206823.0
1337,206+826,2613231.3793,1267859.8862,207.449,206826.0
1339,206+829,2613233.983,1267858.396,207.439,206829.0
1341,206+832,2613236.5905,1267856.9124,207.429,206832.0
1343,206+835,2613239.2017,1267855.4353,207.419,206835.0
1345,206+838,2613241.8163,1267853.9644,207.41,206838.0
1347,206+841,2613244.4344,1267852.4996,207.402,206841.0
1349,206+844,2613247.0557,1267851.0406,207.395,206844.0
1351,206+847,2613249.6802,1267849.5874,207.388,206847.0
1353,206+850,2613252.3078,1267848.1396,207.382,206850.0
1355,206+853,2613254.9383,1267846.6972,207.376,206853.0
1357,206+856,2613257.5715,1267845.2599,207.371,206856.0
1359,206+859,2613260.2075,1267843.8275,207.366,206859.0
1361,206+862,2613262.8461,1267842.3999,207.362,206862.0
1363,206+865,2613265.4871,1267840.9769,207.359,206865.0
1365,206+868,2613268.1304,1267839.5582,207.356,206868.0
1367,206+871,2613270.7761,1267838.1437,207.354,206871.0
1369,206+874,2613273.4238,1267836.7332,207.352,206874.0
1371,206+877,2613276.0736,1267835.3266,207.351,206877.0
1373,206+880,2613278.7252,1267833.9235,207.351,206880.0
1375,206+883,2613281.3787,1267832.5238,207.351,206883.0
1377,206+886,2613284.0339,1267831.1274,207.352,206886.0
1379,206+889,2613286.6907,1267829.734,207.354,206889.0
1381,206+892,2613289.3489,1267828.3434,207.356,206892.0
1383,206+895,2613292.0086,1267826.9555,207.358,206895.0
1385,206+898,2613294.6695,1267825.5701,207.362,206898.0
1387,206+901,2613297.3316,1267824.1869,207.366,206901.0
1389,206+904,2613299.9947,1267822.8057,207.37,206904.0
1391,206+907,2613302.6589,1267821.4264,207.375,206907.0
1393,206+910,2613305.3239,1267820.0488,207.381,206910.0
1395,206+913,2613307.9896,1267818.6727,207.387,206913.0
1397,206+916,2613310.656,1267817.2979,207.394,206916.0
1399,206+919,2613313.323,1267815.9241,207.401,206919.0
1401,206+922,2613315.9905,1267814.5512,207.409,206922.0
1403,206+925,2613318.6583,1267813.179,207.418,206925.0
1405,206+928,2613321.3263,1267811.8074,207.427,206928.0
1407,206+931,2613323.9945,1267810.436,207.437,206931.0
1409,206+932.617,2613325.4324,1267809.697,207.443,206932.617
1411,206+934,2613326.6628,1267809.0647,207.448,206934.0
1413,206+937,2613329.331,1267807.6934,207.459,206937.0
1415,206+940,2613331.9993,1267806.3222,207.47,206940.0
1417,206+943,2613334.6676,1267804.9509,207.483,206943.0
1419,206+946,2613337.3358,1267803.5796,207.496,206946.0
1421,206+949,2613340.0041,1267802.2084,207.509,206949.0
1423,206+952,2613342.6723,1267800.8371,207.523,206952.0
1425,206+955,2613345.3406,1267799.4658,207.538,206955.0
1427,206+958,2613348.0089,1267798.0946,207.553,206958.0
1429,206+961,2613350.6771,1267796.7233,207.569,206961.0
1431,206+964,2613353.3454,1267795.352,207.585,206964.0
1433,206+967,2613356.0137,1267793.9808,207.603,206967.0
1435,206+970,2613358.6819,1267792.6095,207.62,206970.0
1437,206+973,2613361.3502,1267791.2382,207.638,206973.0
1439,206+976,2613364.0184,1267789.8669,207.657,206976.0
1441,206+979,2613366.6867,1267788.4957,207.677,206979.0
1443,206+982,2613369.355,1267787.1244,207.697,206982.0
1445,206+985,2613372.0232,1267785.7531,207.718,206985.0
1447,206+988,2613374.6915,1267784.3819,207.739,206988.0
1449,206+991,2613377.3598,1267783.0106,207.761,206991.0
1451,206+994,2613380.028,1267781.6393,207.783,206994.0
1453,206+997,2613382.6963,1267780.2681,207.806,206997.0
1455,207+000,2613385.3645,1267778.8968,207.83,207000.0
1457,207+003,2613388.0328,1267777.5255,207.854,207003.0
1459,207+006,2613390.7011,1267776.1543,207.879,207006.0
1461,207+009,2613393.3693,1267774.783,207.905,207009.0
1463,207+012,2613396.0376,1267773.4117,207.931,207012.0
1465,207+015,2613398.7059,1267772.0405,207.957,207015.0
1467,207+018,2613401.3741,1267770.6692,207.985,207018.0
1469,207+021,2613404.0424,1267769.2979,208.013,207021.0
1471,207+024,2613406.7106,1267767.9267,208.041,207024.0
1473,207+027,2613409.3789,1267766.5554,208.07,207027.0
1475,207+030,2613412.0472,1267765.1841,208.1,207030.0
1477,207+033,2613414.7154,1267763.8129,208.13,207033.0
1479,207+036,2613417.3837,1267762.4416,208.161,207036.0
1481,207+039,2613420.052,1267761.0703,208.193,207039.0
1483,207+042,2613422.7202,1267759.6991,208.225,207042.0
1485,207+045,2613425.3885,1267758.3278,208.257,207045.0
1487,207+048,2613428.0567,1267756.9565,208.291,207048.0
1489,207+051,2613430.725,1267755.5853,208.325,207051.0
1491,207+054,2613433.3933,1267754.214,208.359,207054.0
1493,207+057,2613436.0615,1267752.8427,208.394,207057.0
1495,207+060,2613438.7298,1267751.4715,208.43,207060.0
1497,207+063,2613441.3981,1267750.1002,208.466,207063.0
1499,207+066,2613444.0663,1267748.7289,208.503,207066.0
1501,207+069,2613446.7346,1267747.3576,208.541,207069.0
1503,207+072,2613449.4028,1267745.9864,208.579,207072.0
1505,207+075,2613452.0711,1267744.6151,208.617,207075.0
1507,207+078,2613454.7394,1267743.2438,208.657,207078.0
1509,207+081,2613457.4076,1267741.8726,208.697,207081.0
1511,207+084,2613460.0759,1267740.5013,208.737,207084.0
1513,207+087,2613462.7442,1267739.13,208.778,207087.0
1515,207+090,2613465.4124,1267737.7588,208.82,207090.0
1517,207+093,2613468.0807,1267736.3875,208.862,207093.0
1519,207+096,2613470.7489,1267735.0162,208.905,207096.0
1521,207+099,2613473.4172,1267733.645,208.949,207099.0
1523,207+102,2613476.0855,1267732.2737,208.993,207102.0
1525,207+105,2613478.7537,1267730.9024,209.038,207105.0
1527,207+108,2613481.422,1267729.5312,209.083,207108.0
1529,207+111,2613484.0903,1267728.1599,209.129,207111.0
1531,207+114,2613486.7585,1267726.7886,209.175,207114.0
1533,207+117,2613489.4268,1267725.4174,209.222,207117.0
1535,207+120,2613492.095,1267724.0461,209.27,207120.0
1537,207+123,2613494.7633,1267722.6748,209.318,207123.0
1539,207+126,2613497.4316,1267721.3036,209.367,207126.0
1541,207+129,2613500.0998,1267719.9323,209.417,207129.0
1543,207+132,2613502.7681,1267718.561,209.467,207132.0
1545,207+135,2613505.4364,1267717.1898,209.518,207135.0
1547,207+138,2613508.1046,1267715.8185,209.569,207138.0
1549,207+141,2613510.7729,1267714.4472,209.621,207141.0
1551,207+144,2613513.4411,1267713.076,209.673,207144.0
1553,207+147,2613516.1094,1267711.7047,209.727,207147.0
1555,207+150,2613518.7777,1267710.3334,209.78,207150.0
1557,207+153,2613521.4459,1267708.9622,209.835,207153.0
1559,207+156,2613524.1142,1267707.5909,209.89,207156.0
1561,207+159,2613526.7825,1267706.2196,209.945,207159.0
1563,207+162,2613529.4507,1267704.8483,210.001,207162.0
1565,207+165,2613532.119,1267703.4771,210.058,207165.0
1567,207+165.384,2613532.4608,1267703.3014,210.065,207165.384
1569,207+168,2613534.7872,1267702.1058,210.115,207168.0
1571,207+171,2613537.4555,1267700.7345,210.172,207171.0
1573,207+174,2613540.1238,1267699.3633,210.229,207174.0
1575,207+177,2613542.792,1267697.992,210.286,207177.0
1577,207+180,2613545.4603,1267696.6207,210.343,207180.0
1579,207+183,2613548.1286,1267695.2495,210.4,207183.0
1581,207+186,2613550.7968,1267693.8782,210.458,207186.0
1583,207+189,2613553.4651,1267692.5069,210.515,207189.0
1585,207+192,2613556.1333,1267691.1357,210.572,207192.0
1587,207+195,2613558.8016,1267689.7644,210.629,207195.0
1589,207+198,2613561.4699,1267688.3931,210.686,207198.0
1591,207+201,2613564.1381,1267687.0219,210.743,207201.0
1593,207+204,2613566.8064,1267685.6506,210.8,207204.0
1595,207+207,2613569.4747,1267684.2793,210.857,207207.0
1597,207+210,2613572.1429,1267682.9081,210.914,207210.0
1599,207+213,2613574.8112,1267681.5368,210.972,207213.0
1601,207+216,2613577.4794,1267680.1655,211.029,207216.0
1603,207+219,2613580.1477,1267678.7943,211.086,207219.0
1605,207+222,2613582.816,1267677.423,211.143,207222.0
1607,207+225,2613585.4842,1267676.0517,211.2,207225.0
1609,207+228,2613588.1525,1267674.6805,211.257,207228.0
1611,207+231,2613590.8208,1267673.3092,211.314,207231.0
1613,207+234,2613593.489,1267671.9379,211.371,207234.0
1615,207+237,2613596.1573,1267670.5667,211.428,207237.0
1617,207+240,2613598.8255,1267669.1954,211.485,207240.0
1619,207+243,2613601.4938,1267667.8241,211.543,207243.0
1621,207+246,2613604.1621,1267666.4529,211.6,207246.0
1623,207+249,2613606.8303,1267665.0816,211.657,207249.0
1625,207+252,2613609.4986,1267663.7103,211.714,207252.0
1627,207+255,2613612.1669,1267662.339,211.771,207255.0
1629,207+258,2613614.8351,1267660.9678,211.828,207258.0
1631,207+261,2613617.5034,1267659.5965,211.885,207261.0
1633,207+264,2613620.1716,1267658.2252,211.942,207264.0
1635,207+267,2613622.8399,1267656.854,211.999,207267.0
1637,207+270,2613625.5082,1267655.4827,212.056,207270.0
1639,207+273,2613628.1764,1267654.1114,212.114,207273.0
1641,207+276,2613630.8447,1267652.7402,212.171,207276.0
1643,207+279,2613633.513,1267651.3689,212.228,207279.0
1645,207+282,2613636.1812,1267649.9976,212.285,207282.0
1647,207+285,2613638.8495,1267648.6264,212.342,207285.0
1649,207+288,2613641.5177,1267647.2551,212.399,207288.0
1651,207+291,2613644.186,1267645.8838,212.456,207291.0
1653,207+294,2613646.8543,1267644.5126,212.513,207294.0
1655,207+297,2613649.5225,1267643.1413,212.57,207297.0
1657,207+300,2613652.1908,1267641.77,212.627,207300.0
1659,207+303,2613654.8591,1267640.3988,212.685,207303.0
1661,207+306,2613657.5273,1267639.0275,212.742,207306.0
1663,207+309,2613660.1956,1267637.6562,212.799,207309.0
1665,207+312,2613662.8638,1267636.285,212.856,207312.0
1667,207+315,2613665.5321,1267634.9137,212.913,207315.0
1669,207+318,2613668.2004,1267633.5424,212.97,207318.0
1671,207+321,2613670.8686,1267632.1712,213.027,207321.0
1673,207+324,2613673.5369,1267630.7999,213.084,207324.0
1675,207+327,2613676.2052,1267629.4286,213.141,207327.0
1677,207+330,2613678.8734,1267628.0574,213.198,207330.0
1679,207+333,2613681.5417,1267626.6861,213.256,207333.0
1681,207+336,2613684.2099,1267625.3148,213.313,207336.0
1683,207+339,2613686.8782,1267623.9436,213.37,207339.0
1685,207+342,2613689.5465,1267622.5723,213.427,207342.0
1687,207+345,2613692.2147,1267621.201,213.484,207345.0
1689,207+348,2613694.883,1267619.8297,213.541,207348.0
1691,207+351,2613697.5513,1267618.4585,213.598,207351.0
1693,207+354,2613700.2195,1267617.0872,213.655,207354.0
1695,207+357,2613702.8878,1267615.7159,213.712,207357.0
1697,207+360,2613705.556,1267614.3447,213.769,207360.0
1699,207+363,2613708.2243,1267612.9734,213.827,207363.0
1701,207+366,2613710.8926,1267611.6021,213.884,207366.0
1703,207+369,2613713.5608,1267610.2309,213.941,207369.0
1705,207+372,2613716.2291,1267608.8596,213.998,207372.0
1707,207+375,2613718.8974,1267607.4883,214.055,207375.0
1709,207+378,2613721.5656,1267606.1171,214.112,207378.0
1711,207+381,2613724.2339,1267604.7458,214.169,207381.0
1713,207+384,2613726.9021,1267603.3745,214.226,207384.0
1715,207+387,2613729.5704,1267602.0033,214.283,207387.0
1717,207+390,2613732.2387,1267600.632,214.341,207390.0
1719,207+393,2613734.9069,1267599.2607,214.398,207393.0
1721,207+396,2613737.5752,1267597.8895,214.455,207396.0
1723,207+399,2613740.2435,1267596.5182,214.512,207399.0
1725,207+402,2613742.9117,1267595.1469,214.569,207402.0
1727,207+405,2613745.58,1267593.7757,214.626,207405.0
1729,207+408,2613748.2482,1267592.4044,214.683,207408.0
1731,207+411,2613750.9165,1267591.0331,214.74,207411.0
1733,207+414,2613753.5848,1267589.6619,214.797,207414.0
1735,207+417,2613756.253,1267588.2906,214.854,207417.0
1737,207+420,2613758.9213,1267586.9193,214.912,207420.0
1739,207+423,2613761.5896,1267585.5481,214.969,207423.0
1741,207+426,2613764.2578,1267584.1768,215.026,207426.0
1743,207+429,2613766.9261,1267582.8055,215.083,207429.0
1745,207+432,2613769.5943,1267581.4343,215.14,207432.0
1747,207+435,2613772.2626,1267580.063,215.197,207435.0
1749,207+438,2613774.9309,1267578.6917,215.254,207438.0
1751,207+441,2613777.5991,1267577.3204,215.311,207441.0
1753,207+444,2613780.2674,1267575.9492,215.368,207444.0
1755,207+447,2613782.9357,1267574.5779,215.425,207447.0
1757,207+450,2613785.6039,1267573.2066,215.483,207450.0
1759,207+453,2613788.2722,1267571.8354,215.54,207453.0
1761,207+456,2613790.9404,1267570.4641,215.597,207456.0
1763,207+459,2613793.6087,1267569.0928,215.654,207459.0
1765,207+462,2613796.277,1267567.7216,215.711,207462.0
1767,207+465,2613798.9452,1267566.3503,215.768,207465.0
1769,207+468,2613801.6135,1267564.979,215.825,207468.0
1771,207+471,2613804.2818,1267563.6078,215.882,207471.0
1773,207+474,2613806.95,1267562.2365,215.939,207474.0
1775,207+477,2613809.6183,1267560.8652,215.996,207477.0
1777,207+480,2613812.2865,1267559.494,216.054,207480.0
1779,207+483,2613814.9548,1267558.1227,216.111,207483.0
1781,207+486,2613817.6231,1267556.7514,216.168,207486.0
1783,207+489,2613820.2913,1267555.3802,216.225,207489.0
1785,207+492,2613822.9596,1267554.0089,216.282,207492.0
1787,207+495,2613825.6279,1267552.6376,216.339,207495.0
1789,207+498,2613828.2961,1267551.2664,216.396,207498.0
1791,207+501,2613830.9644,1267549.8951,216.453,207501.0
1793,207+504,2613833.6326,1267548.5238,216.51,207504.0
1795,207+507,2613836.3009,1267547.1526,216.567,207507.0
1797,207+510,2613838.9692,1267545.7813,216.625,207510.0
1799,207+513,2613841.6374,1267544.41,216.682,207513.0
1801,207+516,2613844.3057,1267543.0388,216.739,207516.0
1803,207+519,2613846.974,1267541.6675,216.796,207519.0
1805,207+522,2613849.6422,1267540.2962,216.853,207522.0
1807,207+525,2613852.3105,1267538.925,216.91,207525.0
1809,207+528,2613854.9787,1267537.5537,216.967,207528.0
1811,207+531,2613857.647,1267536.1824,217.024,207531.0
1813,207+534,2613860.3153,1267534.8111,217.081,207534.0
1815,207+537,2613862.9835,1267533.4399,217.139,207537.0
1817,207+540,2613865.6518,1267532.0686,217.196,207540.0
1819,207+543,2613868.3201,1267530.6973,217.253,207543.0
1821,207+546,2613870.9883,1267529.3261,217.31,207546.0
1823,207+549,2613873.6566,1267527.9548,217.367,207549.0
1825,207+552,2613876.3248,1267526.5835,217.424,207552.0
1827,207+555,2613878.9931,1267525.2123,217.481,207555.0
1829,207+558,2613881.6614,1267523.841,217.538,207558.0
1831,207+561,2613884.3296,1267522.4697,217.595,207561.0
1833,207+564,2613886.9979,1267521.0985,217.652,207564.0
1835,207+567,2613889.6662,1267519.7272,217.71,207567.0
1837,207+570,2613892.3344,1267518.3559,217.767,207570.0
1839,207+573,2613895.0027,1267516.9847,217.824,207573.0
1841,207+576,2613897.6709,1267515.6134,217.881,207576.0
1843,207+579,2613900.3392,1267514.2421,217.938,207579.0
1845,207+582,2613903.0075,1267512.8709,217.995,207582.0
1847,207+585,2613905.6757,1267511.4996,218.052,207585.0
1849,207+588,2613908.344,1267510.1283,218.109,207588.0
1851,207+591,2613911.0123,1267508.7571,218.166,207591.0
1853,207+594,2613913.6805,1267507.3858,218.223,207594.0
1855,207+597,2613916.3488,1267506.0145,218.281,207597.0
1857,207+600,2613919.017,1267504.6433,218.338,207600.0
1859,207+603,2613921.6853,1267503.272,218.395,207603.0
1861,207+606,2613924.3536,1267501.9007,218.452,207606.0
1863,207+609,2613927.0218,1267500.5295,218.509,207609.0
1865,207+612,2613929.6901,1267499.1582,218.566,207612.0
1867,207+615,2613932.3584,1267497.7869,218.623,207615.0
1869,207+618,2613935.0266,1267496.4157,218.68,207618.0
1871,207+621,2613937.6949,1267495.0444,218.737,207621.0
1873,207+624,2613940.3631,1267493.6731,218.794,207624.0
1875,207+627,2613943.0314,1267492.3018,218.852,207627.0
1877,207+630,2613945.6997,1267490.9306,218.909,207630.0
1879,207+633,2613948.3679,1267489.5593,218.966,207633.0
1881,207+636,2613951.0362,1267488.188,219.023,207636.0
1883,207+639,2613953.7045,1267486.8168,219.08,207639.0
1885,207+642,2613956.3727,1267485.4455,219.137,207642.0
1887,207+645,2613959.041,1267484.0742,219.194,207645.0
1889,207+648,2613961.7092,1267482.703,219.251,207648.0
1891,207+651,2613964.3775,1267481.3317,219.308,207651.0
1893,207+654,2613967.0458,1267479.9604,219.365,207654.0
1895,207+657,2613969.714,1267478.5892,219.423,207657.0
1897,207+660,2613972.3823,1267477.2179,219.48,207660.0
1899,207+663,2613975.0506,1267475.8466,219.537,207663.0
1901,207+666,2613977.7188,1267474.4754,219.594,207666.0
1903,207+669,2613980.3871,1267473.1041,219.651,207669.0
1905,207+672,2613983.0553,1267471.7328,219.708,207672.0
1907,207+675,2613985.7236,1267470.3616,219.765,207675.0
1909,207+678,2613988.3919,1267468.9903,219.822,207678.0
1911,207+681,2613991.0601,1267467.619,219.879,207681.0
1913,207+684,2613993.7284,1267466.2478,219.936,207684.0
1915,207+687,2613996.3967,1267464.8765,219.994,207687.0
1917,207+690,2613999.0649,1267463.5052,220.051,207690.0
1919,207+693,2614001.7332,1267462.134,220.108,207693.0
1921,207+696,2614004.4014,1267460.7627,220.165,207696.0
1923,207+699,2614007.0697,1267459.3914,220.222,207699.0
1925,207+702,2614009.738,1267458.0202,220.279,207702.0
1927,207+705,2614012.4062,1267456.6489,220.336,207705.0
1929,207+708,2614015.0745,1267455.2776,220.393,207708.0
1931,207+711,2614017.7428,1267453.9064,220.45,207711.0
1933,207+714,2614020.411,1267452.5351,220.508,207714.0
1935,207+717,2614023.0793,1267451.1638,220.565,207717.0
1937,207+720,2614025.7475,1267449.7925,220.622,207720.0
1939,207+723,2614028.4158,1267448.4213,220.679,207723.0
1941,207+726,2614031.0841,1267447.05,220.736,207726.0
1943,207+729,2614033.7523,1267445.6787,220.793,207729.0
1945,207+732,2614036.4206,1267444.3075,220.85,207732.0
1947,207+735,2614039.0889,1267442.9362,220.907,207735.0
1949,207+738,2614041.7571,1267441.5649,220.964,207738.0
1951,207+741,2614044.4254,1267440.1937,221.021,207741.0
1953,207+744,2614047.0936,1267438.8224,221.079,207744.0
1955,207+747,2614049.7619,1267437.4511,221.136,207747.0
1957,207+750,2614052.4302,1267436.0799,221.193,207750.0
1959,207+753,2614055.0984,1267434.7086,221.25,207753.0
1961,207+756,2614057.7667,1267433.3373,221.307,207756.0
1963,207+759,2614060.435,1267431.9661,221.364,207759.0
1965,207+762,2614063.1032,1267430.5948,221.421,207762.0
1967,207+765,2614065.7715,1267429.2235,221.478,207765.0
1969,207+768,2614068.4397,1267427.8523,221.535,207768.0
1971,207+771,2614071.108,1267426.481,221.592,207771.0
1973,207+774,2614073.7763,1267425.1097,221.65,207774.0
1975,207+777,2614076.4445,1267423.7385,221.707,207777.0
1977,207+780,2614079.1128,1267422.3672,221.764,207780.0
1979,207+783,2614081.7811,1267420.9959,221.821,207783.0
1981,207+786,2614084.4493,1267419.6247,221.878,207786.0
1983,207+789,2614087.1176,1267418.2534,221.935,207789.0
1985,207+792,2614089.7858,1267416.8821,221.992,207792.0
1987,207+795,2614092.4541,1267415.5109,222.049,207795.0
1989,207+798,2614095.1224,1267414.1396,222.106,207798.0
1991,207+801,2614097.7906,1267412.7683,222.163,207801.0
1993,207+804,2614100.4589,1267411.3971,222.221,207804.0
1995,207+807,2614103.1272,1267410.0258,222.278,207807.0
1997,207+810,2614105.7954,1267408.6545,222.335,207810.0
1999,207+813,2614108.4637,1267407.2832,222.392,207813.0
2001,207+816,2614111.1319,1267405.912,222.449,207816.0
2003,207+819,2614113.8002,1267404.5407,222.506,207819.0
2005,207+822,2614116.4685,1267403.1694,222.563,207822.0
2007,207+825,2614119.1367,1267401.7982,222.62,207825.0
2009,207+828,2614121.805,1267400.4269,222.677,207828.0
2011,207+830.393,2614123.9338,1267399.3329,222.723,207830.393
2013,207+831,2614124.4733,1267399.0556,222.734,207831.0
2015,207+834,2614127.1415,1267397.6843,222.792,207834.0
2017,207+837,2614129.8096,1267396.3128,222.849,207837.0
2019,207+840,2614132.4776,1267394.941,222.906,207840.0
2021,207+843,2614135.1454,1267393.5687,222.963,207843.0
2023,207+846,2614137.8128,1267392.1958,223.02,207846.0
2025,207+849,2614140.4798,1267390.8221,223.077,207849.0
2027,207+852,2614143.1463,1267389.4474,223.134,207852.0
2029,207+855,2614145.8123,1267388.0717,223.191,207855.0
2031,207+858,2614148.4776,1267386.6947,223.248,207858.0
2033,207+861,2614151.1422,1267385.3164,223.305,207861.0
2035,207+864,2614153.806,1267383.9366,223.363,207864.0
2037,207+867,2614156.469,1267382.555,223.42,207867.0
2039,207+870,2614159.131,1267381.1716,223.477,207870.0
2041,207+873,2614161.792,1267379.7863,223.534,207873.0
2043,207+876,2614164.4519,1267378.3988,223.591,207876.0
2045,207+879,2614167.1105,1267377.0091,223.648,207879.0
2047,207+882,2614169.768,1267375.6169,223.705,207882.0
2049,207+885,2614172.424,1267374.2222,223.762,207885.0
2051,207+888,2614175.0787,1267372.8247,223.819,207888.0
2053,207+891,2614177.7318,1267371.4244,223.877,207891.0
2055,207+894,2614180.3833,1267370.0211,223.934,207894.0
2057,207+897,2614183.0332,1267368.6146,223.991,207897.0
2059,207+900,2614185.6813,1267367.2048,224.048,207900.0
2061,207+903,2614188.3276,1267365.7915,224.105,207903.0
2063,207+906,2614190.9719,1267364.3746,224.162,207906.0
2065,207+909,2614193.6142,1267362.954,224.219,207909.0
2067,207+912,2614196.2544,1267361.5295,224.276,207912.0
2069,207+915,2614198.8925,1267360.101,224.333,207915.0
2071,207+918,2614201.5283,1267358.6683,224.39,207918.0
2073,207+921,2614204.1617,1267357.2312,224.448,207921.0
2075,207+924,2614206.7926,1267355.7897,224.505,207924.0
2077,207+927,2614209.4211,1267354.3436,224.562,207927.0
2079,207+930,2614212.0469,1267352.8927,224.619,207930.0
2081,207+933,2614214.67,1267351.4369,224.676,207933.0
2083,207+936,2614217.2903,1267349.976,224.733,207936.0
2085,207+939,2614219.9077,1267348.51,224.79,207939.0
2087,207+942,2614222.5221,1267347.0386,224.847,207942.0
2089,207+945,2614225.1334,1267345.5618,224.904,207945.0
2091,207+948,2614227.7416,1267344.0794,224.961,207948.0
2093,207+951,2614230.3464,1267342.5912,225.019,207951.0
2095,207+954,2614232.9479,1267341.0971,225.076,207954.0
2097,207+957,2614235.5459,1267339.5971,225.133,207957.0
2099,207+960,2614238.1404,1267338.0908,225.19,207960.0
2101,207+963,2614240.7312,1267336.5782,225.247,207963.0
2103,207+966,2614243.3182,1267335.0593,225.304,207966.0
2105,207+969,2614245.9013,1267333.5337,225.361,207969.0
2107,207+972,2614248.4805,1267332.0014,225.418,207972.0
2109,207+975,2614251.0556,1267330.4623,225.475,207975.0
2111,207+978,2614253.6265,1267328.9162,225.532,207978.0
2113,207+981,2614256.1932,1267327.363,225.59,207981.0
2115,207+984,2614258.7554,1267325.8026,225.647,207984.0
2117,207+987,2614261.3131,1267324.2348,225.704,207987.0
2119,207+987.256,2614261.5313,1267324.1005,225.709,207987.256
2121,207+990,2614263.866,1267322.6596,225.761,207990.0
2123,207+993,2614266.4145,1267321.0768,225.818,207993.0
2125,207+996,2614268.9583,1267319.4865,225.875,207996.0
2127,207+999,2614271.4974,1267317.8887,225.932,207999.0
2129,208+002,2614274.0318,1267316.2835,225.989,208002.0
2131,208+005,2614276.5615,1267314.6708,226.046,208005.0
2133,208+008,2614279.0864,1267313.0507,226.103,208008.0
2135,208+011,2614281.6066,1267311.4232,226.161,208011.0
2137,208+014,2614284.1219,1267309.7883,226.218,208014.0
2139,208+017,2614286.6325,1267308.146,226.275,208017.0
2141,208+020,2614289.1382,1267306.4963,226.332,208020.0
2143,208+023,2614291.639,1267304.8392,226.389,208023.0
2145,208+026,2614294.1349,1267303.1748,226.446,208026.0
2147,208+029,2614296.626,1267301.503,226.503,208029.0
2149,208+032,2614299.1121,1267299.824,226.56,208032.0
2151,208+035,2614301.5932,1267298.1376,226.617,208035.0
2153,208+035.134,2614301.7036,1267298.0624,226.62,208035.134
2155,208+038,2614304.0694,1267296.444,226.675,208038.0
2157,208+041,2614306.5406,1267294.743,226.734,208041.0
2159,208+044,2614309.0068,1267293.0348,226.794,208044.0
2161,208+047,2614311.468,1267291.3194,226.855,208047.0
2163,208+050,2614313.924,1267289.5967,226.918,208050.0
2165,208+053,2614316.3751,1267287.8668,226.981,208053.0
2167,208+056,2614318.821,1267286.1297,227.046,208056.0
2169,208+059,2614321.2618,1267284.3855,227.112,208059.0
2171,208+062,2614323.6974,1267282.634,227.18,208062.0
2173,208+065,2614326.1279,1267280.8754,227.248,208065.0
2175,208+068,2614328.5532,1267279.1097,227.318,208068.0
2177,208+071,2614330.9734,1267277.3368,227.389,208071.0
2179,208+074,2614333.3882,1267275.5568,227.461,208074.0
2181,208+077,2614335.7979,1267273.7697,227.534,208077.0
2183,208+080,2614338.2023,1267271.9756,227.608,208080.0
2185,208+083,2614340.6013,1267270.1744,227.684,208083.0
2187,208+086,2614342.9951,1267268.3661,227.761,208086.0
2189,208+089,2614345.3836,1267266.5508,227.839,208089.0
2191,208+092,2614347.7667,1267264.7285,227.918,208092.0
2193,208+095,2614350.1444,1267262.8992,227.999,208095.0
2195,208+098,2614352.5167,1267261.0629,228.08,208098.0
2197,208+101,2614354.8837,1267259.2196,228.163,208101.0
2199,208+104,2614357.2451,1267257.3694,228.247,208104.0
2201,208+107,2614359.6012,1267255.5122,228.333,208107.0
2203,208+110,2614361.9518,1267253.6481,228.419,208110.0
2205,208+113,2614364.2968,1267251.7771,228.507,208113.0
2207,208+116,2614366.6364,1267249.8993,228.596,208116.0
2209,208+119,2614368.9704,1267248.0145,228.686,208119.0
2211,208+122,2614371.2989,1267246.1229,228.777,208122.0
2213,208+125,2614373.6218,1267244.2244,228.87,208125.0
2215,208+128,2614375.9391,1267242.3192,228.963,208128.0
2217,208+131,2614378.2508,1267240.4071,229.058,208131.0
2219,208+134,2614380.5569,1267238.4882,229.154,208134.0
2221,208+137,2614382.8573,1267236.5626,229.252,208137.0
2223,208+140,2614385.152,1267234.6302,229.35,208140.0
2225,208+143,2614387.4411,1267232.691,229.45,208143.0
2227,208+146,2614389.7244,1267230.7452,229.551,208146.0
2229,208+149,2614392.002,1267228.7926,229.653,208149.0
2231,208+152,2614394.2738,1267226.8333,229.756,208152.0
2233,208+155,2614396.5399,1267224.8674,229.861,208155.0
2235,208+158,2614398.8002,1267222.8948,229.966,208158.0
2237,208+161,2614401.0547,1267220.9156,230.073,208161.0
2239,208+164,2614403.3033,1267218.9297,230.181,208164.0
2241,208+167,2614405.5461,1267216.9372,230.291,208167.0
2243,208+170,2614407.783,1267214.9382,230.401,208170.0
2245,208+173,2614410.014,1267212.9326,230.513,208173.0
2247,208+176,2614412.2391,1267210.9204,230.626,208176.0
2249,208+179,2614414.4583,1267208.9017,230.74,208179.0
2251,208+182,2614416.6716,1267206.8765,230.855,208182.0
2253,208+185,2614418.8789,1267204.8447,230.972,208185.0
2255,208+188,2614421.0801,1267202.8065,231.09,208188.0
2257,208+191,2614423.2754,1267200.7618,231.209,208191.0
2259,208+194,2614425.4647,1267198.7107,231.329,208194.0
2261,208+197,2614427.6479,1267196.6532,231.45,208197.0
2263,208+200,2614429.8251,1267194.5892,231.573,208200.0
2265,208+203,2614431.9962,1267192.5188,231.696,208203.0
2267,208+206,2614434.1612,1267190.4421,231.821,208206.0
2269,208+209,2614436.32,1267188.359,231.948,208209.0
2271,208+212,2614438.4727,1267186.2696,232.075,208212.0
2273,208+215,2614440.6193,1267184.1738,232.203,208215.0
2275,208+218,2614442.7597,1267182.0717,232.333,208218.0
2277,208+221,2614444.8939,1267179.9634,232.464,208221.0
2279,208+224,2614447.0219,1267177.8488,232.596,208224.0
2281,208+227,2614449.1437,1267175.7279,232.73,208227.0
2283,208+230,2614451.2592,1267173.6008,232.864,208230.0
2285,208+233,2614453.3685,1267171.4675,233.0,208233.0
2287,208+236,2614455.4715,1267169.328,233.137,208236.0
2289,208+239,2614457.5681,1267167.1823,233.275,208239.0
2291,208+242,2614459.6585,1267165.0305,233.414,208242.0
2293,208+245,2614461.7425,1267162.8725,233.555,208245.0
2295,208+248,2614463.8202,1267160.7084,233.697,208248.0
2297,208+251,2614465.8914,1267158.5382,233.84,208251.0
2299,208+254,2614467.9563,1267156.3619,233.984,208254.0
2301,208+257,2614470.0148,1267154.1795,234.129,208257.0
2303,208+260,2614472.0669,1267151.9912,234.276,208260.0
2305,208+263,2614474.1125,1267149.7967,234.424,208263.0
2307,208+266,2614476.1516,1267147.5963,234.573,208266.0
2309,208+267.358,2614477.0723,1267146.5986,234.64,208267.358
2311,208+269,2614478.1843,1267145.3899,234.723,208269.0
2313,208+272,2614480.2105,1267143.1775,234.873,208272.0
2315,208+275,2614482.2301,1267140.9592,235.023,208275.0
2317,208+278,2614484.2432,1267138.7349,235.173,208278.0
2319,208+281,2614486.2498,1267136.5047,235.323,208281.0
2321,208+284,2614488.2498,1267134.2687,235.473,208284.0
2323,208+287,2614490.2432,1267132.0267,235.623,208287.0
2325,208+287.976,2614490.8901,1267131.2964,235.672,208287.976
2327,208+290,2614492.23,1267129.7789,235.774,208290.0
2329,208+293,2614494.2101,1267127.5252,235.924,208293.0
2331,208+296,2614496.1833,1267125.2654,236.074,208296.0
2333,208+299,2614498.1493,1267122.9995,236.224,208299.0
2335,208+302,2614500.1081,1267120.7272,236.374,208302.0
2337,208+305,2614502.0594,1267118.4485,236.524,208305.0
2339,208+308,2614504.003,1267116.1633,236.674,208308.0
2341,208+311,2614505.9388,1267113.8714,236.824,208311.0
2343,208+314,2614507.8665,1267111.5727,236.975,208314.0
2345,208+317,2614509.786,1267109.2672,237.125,208317.0
2347,208+319.113,2614511.1324,1267107.6398,237.23,208319.113
2349,208+320,2614511.6968,1267106.955,237.275,208320.0
2351,208+320.628,2614512.0958,1267106.47,237.306,208320.628
2353,208+323,2614513.5993,1267104.6354,237.425,208323.0
2355,208+326,2614515.4932,1267102.3088,237.573,208326.0
2357,208+329,2614517.3785,1267099.9751,237.721,208329.0
2359,208+332,2614519.2551,1267097.6346,237.867,208332.0
2361,208+335,2614521.123,1267095.287,238.012,208335.0
2363,208+338,2614522.9822,1267092.9326,238.155,208338.0
2365,208+341,2614524.8327,1267090.5713,238.298,208341.0
2367,208+344,2614526.6745,1267088.2032,238.439,208344.0
2369,208+347,2614528.5074,1267085.8283,238.579,208347.0
2371,208+350,2614530.3315,1267083.4466,238.718,208350.0
2373,208+353,2614532.1468,1267081.0581,238.856,208353.0
2375,208+356,2614533.9533,1267078.663,238.993,208356.0
2377,208+359,2614535.7508,1267076.2611,239.128,208359.0
2379,208+362,2614537.5395,1267073.8527,239.262,208362.0
2381,208+365,2614539.3192,1267071.4376,239.395,208365.0
2383,208+368,2614541.09,1267069.0159,239.527,208368.0
2385,208+371,2614542.8518,1267066.5878,239.657,208371.0
2387,208+374,2614544.6045,1267064.1531,239.787,208374.0
2389,208+377,2614546.3483,1267061.7119,239.915,208377.0
2391,208+380,2614548.083,1267059.2643,240.042,208380.0
2393,208+383,2614549.8086,1267056.8102,240.167,208383.0
2395,208+386,2614551.5251,1267054.3498,240.292,208386.0
2397,208+389,2614553.2325,1267051.8831,240.415,208389.0
2399,208+392,2614554.9307,1267049.4101,240.537,208392.0
2401,208+395,2614556.6198,1267046.9307,240.658,208395.0
2403,208+398,2614558.2997,1267044.4452,240.778,208398.0
2405,208+401,2614559.9704,1267041.9534,240.896,208401.0
2407,208+404,2614561.6318,1267039.4555,241.014,208404.0
2409,208+407,2614563.2839,1267036.9514,241.13,208407.0
2411,208+410,2614564.9268,1267034.4412,241.245,208410.0
2413,208+413,2614566.5604,1267031.925,241.358,208413.0
2415,208+416,2614568.1846,1267029.4027,241.471,208416.0
2417,208+419,2614569.7995,1267026.8745,241.582,208419.0
2419,208+422,2614571.405,1267024.3402,241.692,208422.0
2421,208+425,2614573.0011,1267021.8001,241.801,208425.0
2423,208+428,2614574.5878,1267019.254,241.909,208428.0
2425,208+431,2614576.165,1267016.7021,242.015,208431.0
2427,208+434,2614577.7328,1267014.1443,242.12,208434.0
2429,208+437,2614579.2911,1267011.5808,242.224,208437.0
2431,208+440,2614580.8399,1267009.0115,242.327,208440.0
2433,208+443,2614582.3792,1267006.4365,242.429,208443.0
2435,208+446,2614583.9089,1267003.8558,242.529,208446.0
2437,208+449,2614585.4291,1267001.2695,242.629,208449.0
2439,208+452,2614586.9396,1266998.6776,242.727,208452.0
2441,208+455,2614588.4406,1266996.08,242.823,208455.0
2443,208+458,2614589.9319,1266993.477,242.919,208458.0
2445,208+461,2614591.4136,1266990.8684,243.013,208461.0
2447,208+464,2614592.8856,1266988.2544,243.107,208464.0
2449,208+467,2614594.3479,1266985.6349,243.199,208467.0
2451,208+470,2614595.8005,1266983.01,243.29,208470.0
2453,208+473,2614597.2434,1266980.3798,243.379,208473.0
2455,208+476,2614598.6765,1266977.7442,243.468,208476.0
2457,208+479,2614600.0998,1266975.1034,243.555,208479.0
2459,208+482,2614601.5134,1266972.4573,243.641,208482.0
2461,208+485,2614602.9171,1266969.806,243.726,208485.0
2463,208+488,2614604.311,1266967.1495,243.809,208488.0
2465,208+491,2614605.6951,1266964.4878,243.891,208491.0
2467,208+494,2614607.0693,1266961.8211,243.973,208494.0
2469,208+497,2614608.4336,1266959.1492,244.053,208497.0
2471,208+500,2614609.788,1266956.4724,244.131,208500.0
2473,208+503,2614611.1325,1266953.7905,244.209,208503.0
2475,208+506,2614612.467,1266951.1037,244.285,208506.0
2477,208+509,2614613.7916,1266948.412,244.361,208509.0
2479,208+512,2614615.1062,1266945.7153,244.435,208512.0
2481,208+515,2614616.4108,1266943.0139,244.507,208515.0
2483,208+518,2614617.7054,1266940.3076,244.579,208518.0
2485,208+521,2614618.99,1266937.5965,244.649,208521.0
2487,208+524,2614620.2645,1266934.8807,244.718,208524.0
2489,208+527,2614621.5289,1266932.1602,244.786,208527.0
2491,208+530,2614622.7833,1266929.435,244.853,208530.0
2493,208+533,2614624.0275,1266926.7052,244.919,208533.0
2495,208+536,2614625.2617,1266923.9708,244.983,208536.0
2497,208+539,2614626.4857,1266921.2319,245.046,208539.0
2499,208+542,2614627.6995,1266918.4884,245.108,208542.0
2501,208+545,2614628.9032,1266915.7405,245.169,208545.0
2503,208+545.352,2614629.0438,1266915.4178,245.176,208545.352
2505,208+548,2614630.0967,1266912.9881,245.229,208548.0
2507,208+551,2614631.28,1266910.2313,245.289,208551.0
2509,208+554,2614632.4531,1266907.4702,245.349,208554.0
2511,208+557,2614633.6159,1266904.7047,245.409,208557.0
2513,208+560,2614634.7685,1266901.935,245.469,208560.0
2515,208+563,2614635.9108,1266899.161,245.529,208563.0
2517,208+566,2614637.0429,1266896.3828,245.589,208566.0
2519,208+569,2614638.1646,1266893.6004,245.649,208569.0
2521,208+572,2614639.276,1266890.8138,245.709,208572.0
2523,208+575,2614640.3771,1266888.0232,245.769,208575.0
2525,208+578,2614641.4679,1266885.2285,245.829,208578.0
2527,208+581,2614642.5483,1266882.4298,245.889,208581.0
2529,208+584,2614643.6183,1266879.6272,245.949,208584.0
2531,208+587,2614644.678,1266876.8205,246.009,208587.0
2533,208+590,2614645.7272,1266874.01,246.069,208590.0
2535,208+593,2614646.766,1266871.1956,246.129,208593.0
2537,208+596,2614647.7944,1266868.3774,246.189,208596.0
2539,208+599,2614648.8124,1266865.5554,246.249,208599.0
2541,208+602,2614649.8198,1266862.7296,246.309,208602.0
2543,208+605,2614650.8169,1266859.9001,246.369,208605.0
2545,208+608,2614651.8034,1266857.067,246.428,208608.0
2547,208+611,2614652.7794,1266854.2302,246.488,208611.0
2549,208+614,2614653.7449,1266851.3898,246.548,208614.0
2551,208+617,2614654.6999,1266848.5458,246.608,208617.0
2553,208+618.071,2614655.0383,1266847.5297,246.63,208618.071
2555,208+620,2614655.6444,1266845.6984,246.669,208620.0
2557,208+623,2614656.5783,1266842.8475,246.73,208623.0
2559,208+626,2614657.5016,1266839.9931,246.792,208626.0
2561,208+629,2614658.4143,1266837.1353,246.855,208629.0
2563,208+632,2614659.3165,1266834.2742,246.92,208632.0
2565,208+635,2614660.2081,1266831.4097,246.985,208635.0
2567,208+638,2614661.089,1266828.542,247.052,208638.0
2569,208+641,2614661.9593,1266825.671,247.119,208641.0
2571,208+644,2614662.819,1266822.7968,247.188,208644.0
2573,208+647,2614663.668,1266819.9195,247.258,208647.0
2575,208+650,2614664.5064,1266817.039,247.328,208650.0
2577,208+653,2614665.3341,1266814.1554,247.4,208653.0
2579,208+656,2614666.1511,1266811.2688,247.473,208656.0
2581,208+659,2614666.9574,1266808.3792,247.547,208659.0
2583,208+662,2614667.753,1266805.4866,247.622,208662.0
2585,208+665,2614668.5379,1266802.5911,247.698,208665.0
2587,208+668,2614669.312,1266799.6927,247.775,208668.0
2589,208+671,2614670.0754,1266796.7915,247.853,208671.0
2591,208+674,2614670.8281,1266793.8874,247.932,208674.0
2593,208+677,2614671.57,1266790.9806,248.013,208677.0
2595,208+680,2614672.3011,1266788.0711,248.094,208680.0
2597,208+683,2614673.0215,1266785.1589,248.176,208683.0
2599,208+686,2614673.731,1266782.244,248.26,208686.0
2601,208+689,2614674.4298,1266779.3265,248.344,208689.0
2603,208+692,2614675.1177,1266776.4064,248.43,208692.0
2605,208+695,2614675.7949,1266773.4839,248.517,208695.0
2607,208+698,2614676.4612,1266770.5588,248.604,208698.0
2609,208+701,2614677.1166,1266767.6313,248.693,208701.0
2611,208+704,2614677.7612,1266764.7013,248.783,208704.0
2613,208+707,2614678.395,1266761.769,248.874,208707.0
2615,208+710,2614679.0179,1266758.8344,248.966,208710.0
2617,208+713,2614679.6299,1266755.8975,249.059,208713.0
2619,208+716,2614680.231,1266752.9584,249.153,208716.0
2621,208+719,2614680.8213,1266750.017,249.248,208719.0
2623,208+722,2614681.4006,1266747.0735,249.344,208722.0
2625,208+725,2614681.9691,1266744.1278,249.441,208725.0
2627,208+728,2614682.5266,1266741.1801,249.54,208728.0
2629,208+731,2614683.0732,1266738.2303,249.639,208731.0
2631,208+734,2614683.6089,1266735.2785,249.74,208734.0
2633,208+737,2614684.1336,1266732.3248,249.841,208737.0
2635,208+740,2614684.6474,1266729.3691,249.944,208740.0
2637,208+743,2614685.1503,1266726.4115,250.047,208743.0
2639,208+746,2614685.6422,1266723.4521,250.152,208746.0
2641,208+749,2614686.1231,1266720.4909,250.258,208749.0
2643,208+752,2614686.593,1266717.528,250.364,208752.0
2645,208+755,2614687.052,1266714.5633,250.472,208755.0
2647,208+758,2614687.5,1266711.5969,250.581,208758.0
2649,208+761,2614687.937,1266708.6289,250.691,208761.0
2651,208+764,2614688.363,1266705.6594,250.802,208764.0
2653,208+767,2614688.778,1266702.6882,250.914,208767.0
2655,208+770,2614689.182,1266699.7155,251.027,208770.0
2657,208+773,2614689.575,1266696.7414,251.142,208773.0
2659,208+776,2614689.957,1266693.7658,251.257,208776.0
2661,208+779,2614690.328,1266690.7888,251.373,208779.0
2663,208+782,2614690.6879,1266687.8105,251.491,208782.0
2665,208+785,2614691.0368,1266684.8309,251.609,208785.0
2667,208+788,2614691.3746,1266681.8499,251.729,208788.0
2669,208+791,2614691.7014,1266678.8678,251.849,208791.0
2671,208+794,2614692.0172,1266675.8845,251.971,208794.0
2673,208+797,2614692.3219,1266672.9,252.093,208797.0
2675,208+800,2614692.6155,1266669.9144,252.217,208800.0
2677,208+803,2614692.8981,1266666.9277,252.342,208803.0
2679,208+806,2614693.1697,1266663.94,252.468,208806.0
2681,208+809,2614693.4301,1266660.9514,252.595,208809.0
2683,208+812,2614693.6795,1266657.9618,252.723,208812.0
2685,208+815,2614693.9178,1266654.9712,252.852,208815.0
2687,208+818,2614694.1451,1266651.9799,252.982,208818.0
2689,208+821,2614694.3612,1266648.9877,253.113,208821.0
2691,208+824,2614694.5663,1266645.9947,253.245,208824.0
2693,208+827,2614694.7603,1266643.001,253.379,208827.0
2695,208+830,2614694.9432,1266640.0065,253.513,208830.0
2697,208+833,2614695.115,1266637.0115,253.648,208833.0
2699,208+836,2614695.2757,1266634.0158,253.785,208836.0
2701,208+839,2614695.4253,1266631.0195,253.922,208839.0
2703,208+842,2614695.5638,1266628.0227,254.061,208842.0
2705,208+845,2614695.6912,1266625.0254,254.201,208845.0
2707,208+848,2614695.8076,1266622.0277,254.341,208848.0
2709,208+851,2614695.9128,1266619.0295,254.483,208851.0
2711,208+854,2614696.0069,1266616.031,254.626,208854.0
2713,208+857,2614696.0899,1266613.0321,254.77,208857.0
2715,208+860,2614696.1618,1266610.033,254.915,208860.0
2717,208+860.037,2614696.1626,1266609.996,254.917,208860.037
2719,208+863,2614696.2226,1266607.0336,255.06,208863.0
2721,208+866,2614696.2722,1266604.034,255.206,208866.0
2723,208+869,2614696.3108,1266601.0343,255.351,208869.0
2725,208+872,2614696.3383,1266598.0344,255.497,208872.0
2727,208+875,2614696.3546,1266595.0345,255.642,208875.0
2729,208+878,2614696.3598,1266592.0345,255.788,208878.0
2731,208+881,2614696.354,1266589.0345,255.933,208881.0
2733,208+884,2614696.337,1266586.0345,256.079,208884.0
2735,208+884.07,2614696.3364,1266585.9648,256.082,208884.07
2737,208+887,2614696.3089,1266583.0347,256.224,208887.0
2739,208+890,2614696.27,1266580.035,256.37,208890.0
2741,208+893,2614696.2207,1266577.0354,256.515,208893.0
2743,208+896,2614696.1611,1266574.036,256.661,208896.0
2745,208+899,2614696.0915,1266571.0368,256.806,208899.0
2747,208+902,2614696.0124,1266568.0378,256.952,208902.0
2749,208+905,2614695.924,1266565.0391,257.097,208905.0
2751,208+908,2614695.8265,1266562.0407,257.243,208908.0
2753,208+911,2614695.7203,1266559.0426,257.388,208911.0
2755,208+914,2614695.6057,1266556.0448,257.534,208914.0
2757,208+917,2614695.483,1266553.0473,257.679,208917.0
2759,208+920,2614695.3525,1266550.0501,257.825,208920.0
2761,208+923,2614695.2145,1266547.0533,257.97,208923.0
2763,208+926,2614695.0693,1266544.0568,258.116,208926.0
2765,208+929,2614694.9171,1266541.0607,258.261,208929.0
2767,208+932,2614694.7584,1266538.0649,258.407,208932.0
2769,208+935,2614694.5933,1266535.0694,258.552,208935.0
2771,208+938,2614694.4223,1266532.0743,258.698,208938.0
2773,208+941,2614694.2455,1266529.0795,258.843,208941.0
2775,208+944,2614694.0633,1266526.0851,258.989,208944.0
2777,208+947,2614693.876,1266523.0909,259.134,208947.0
2779,208+950,2614693.6839,1266520.0971,259.28,208950.0
2781,208+953,2614693.4873,1266517.1035,259.425,208953.0
2783,208+956,2614693.2865,1266514.1103,259.571,208956.0
2785,208+959,2614693.0817,1266511.1173,259.716,208959.0
2787,208+959.181,2614693.0693,1266510.9369,259.725,208959.181
2789,208+962,2614692.8734,1266508.1245,259.862,208962.0
2791,208+965,2614692.6614,1266505.132,260.007,208965.0
2793,208+968,2614692.4458,1266502.1398,260.153,208968.0
2795,208+971,2614692.2267,1266499.1478,260.298,208971.0
2797,208+974,2614692.0039,1266496.1561,260.444,208974.0
2799,208+977,2614691.7776,1266493.1646,260.589,208977.0
2801,208+980,2614691.5477,1266490.1734,260.735,208980.0
2803,208+983,2614691.3142,1266487.1825,260.88,208983.0
2805,208+986,2614691.0771,1266484.1919,261.026,208986.0
2807,208+989,2614690.8364,1266481.2016,261.171,208989.0
2809,208+992,2614690.5921,1266478.2115,261.317,208992.0
2811,208+995,2614690.3443,1266475.2218,261.462,208995.0
2813,208+998,2614690.0928,1266472.2324,261.608,208998.0
2815,209+001,2614689.8378,1266469.2432,261.753,209001.0
2817,209+004,2614689.5791,1266466.2544,261.899,209004.0
2819,209+007,2614689.3169,1266463.2659,262.044,209007.0
2821,209+010,2614689.0511,1266460.2777,262.19,209010.0
2823,209+013,2614688.7817,1266457.2898,262.335,209013.0
2825,209+014.47,2614688.6484,1266455.8256,262.407,209014.47
2827,209+016,2614688.5088,1266454.3022,262.481,209016.0
2829,209+019,2614688.2321,1266451.315,262.626,209019.0
2831,209+022,2614687.9516,1266448.3282,262.772,209022.0
2833,209+025,2614687.6672,1266445.3417,262.917,209025.0
2835,209+028,2614687.3785,1266442.3556,263.063,209028.0
2837,209+031,2614687.0855,1266439.3699,263.208,209031.0
2839,209+034,2614686.788,1266436.3847,263.354,209034.0
2841,209+035.976,2614686.5895,1266434.4187,263.45,209035.976
2843,209+037,2614686.4858,1266433.4,263.499,209037.0
2845,209+040,2614686.1788,1266430.4157,263.643,209040.0
2847,209+043,2614685.8667,1266427.432,263.786,209043.0
2849,209+046,2614685.5495,1266424.4488,263.926,209046.0
2851,209+049,2614685.227,1266421.4662,264.065,209049.0
2853,209+052,2614684.8989,1266418.4842,264.202,209052.0
2855,209+055,2614684.5651,1266415.5028,264.337,209055.0
2857,209+058,2614684.2256,1266412.5221,264.47,209058.0
2859,209+061,2614683.88,1266409.5421,264.602,209061.0
2861,209+064,2614683.5282,1266406.5628,264.732,209064.0
2863,209+067,2614683.1701,1266403.5842,264.86,209067.0
2865,209+070,2614682.8055,1266400.6065,264.986,209070.0
2867,209+073,2614682.4342,1266397.6295,265.111,209073.0
2869,209+076,2614682.0561,1266394.6535,265.233,209076.0
2871,209+079,2614681.6709,1266391.6783,265.354,209079.0
2873,209+082,2614681.2786,1266388.7041,265.473,209082.0
2875,209+083.898,2614681.0266,1266386.8228,265.548,209083.898
2877,209+085,2614680.879,1266385.7309,265.591,209085.0
2879,209+088,2614680.4719,1266382.7587,265.707,209088.0
2881,209+091,2614680.0574,1266379.7874,265.82,209091.0
2883,209+094,2614679.6355,1266376.8173,265.933,209094.0
2885,209+097,2614679.2062,1266373.8482,266.043,209097.0
2887,209+100,2614678.7694,1266370.8801,266.152,209100.0
2889,209+103,2614678.3252,1266367.9132,266.258,209103.0
2891,209+106,2614677.8735,1266364.9474,266.363,209106.0
2893,209+109,2614677.4145,1266361.9827,266.467,209109.0
2895,209+112,2614676.948,1266359.0192,266.568,209112.0
2897,209+115,2614676.4741,1266356.0569,266.668,209115.0
2899,209+118,2614675.9928,1266353.0957,266.766,209118.0
2901,209+121,2614675.5042,1266350.1358,266.862,209121.0
2903,209+124,2614675.0081,1266347.1771,266.956,209124.0
2905,209+127,2614674.5046,1266344.2196,267.049,209127.0
2907,209+130,2614673.9937,1266341.2635,267.14,209130.0
2909,209+133,2614673.4754,1266338.3086,267.229,209133.0
2911,209+136,2614672.9497,1266335.355,267.316,209136.0
2913,209+139,2614672.4166,1266332.4027,267.402,209139.0
2915,209+142,2614671.8762,1266329.4518,267.486,209142.0
2917,209+145,2614671.3283,1266326.5023,267.568,209145.0
2919,209+148,2614670.7731,1266323.5541,267.648,209148.0
2921,209+151,2614670.2106,1266320.6073,267.726,209151.0
2923,209+154,2614669.6406,1266317.662,267.803,209154.0
2925,209+157,2614669.0633,1266314.718,267.878,209157.0
2927,209+160,2614668.4786,1266311.7756,267.951,209160.0
2929,209+163,2614667.8865,1266308.8346,268.023,209163.0
2931,209+166,2614667.2871,1266305.8951,268.092,209166.0
2933,209+169,2614666.6804,1266302.957,268.16,209169.0
2935,209+172,2614666.0663,1266300.0206,268.226,209172.0
2937,209+175,2614665.4449,1266297.0856,268.29,209175.0
2939,209+178,2614664.8161,1266294.1523,268.353,209178.0
2941,209+181,2614664.1799,1266291.2205,268.414,209181.0
2943,209+184,2614663.5365,1266288.2903,268.473,209184.0
2945,209+187,2614662.8857,1266285.3618,268.53,209187.0
2947,209+190,2614662.2276,1266282.4348,268.585,209190.0
2949,209+193,2614661.5622,1266279.5096,268.639,209193.0
2951,209+196,2614660.8894,1266276.586,268.691,209196.0
2953,209+199,2614660.2094,1266273.6641,268.741,209199.0
2955,209+202,2614659.522,1266270.7439,268.789,209202.0
2957,209+205,2614658.8273,1266267.8254,268.836,209205.0
2959,209+208,2614658.1254,1266264.9087,268.881,209208.0
2961,209+211,2614657.4161,1266261.9937,268.924,209211.0
2963,209+214,2614656.6996,1266259.0806,268.965,209214.0
2965,209+217,2614655.9757,1266256.1692,269.005,209217.0
2967,209+220,2614655.2446,1266253.2597,269.042,209220.0
2969,209+223,2614654.5062,1266250.352,269.078,209223.0
2971,209+226,2614653.7605,1266247.4461,269.112,209226.0
2973,209+229,2614653.0076,1266244.5421,269.145,209229.0
2975,209+232,2614652.2474,1266241.64,269.176,209232.0
2977,209+235,2614651.48,1266238.7399,269.204,209235.0
2979,209+238,2614650.7052,1266235.8416,269.232,209238.0
2981,209+241,2614649.9233,1266232.9453,269.257,209241.0
2983,209+244,2614649.1341,1266230.051,269.28,209244.0
2985,209+247,2614648.3376,1266227.1586,269.302,209247.0
2987,209+250,2614647.534,1266224.2683,269.322,209250.0
2989,209+250.686,2614647.3492,1266223.6078,269.327,209250.686
2991,209+253,2614646.7232,1266221.3802,269.34,209253.0
2993,209+256,2614645.9052,1266218.4939,269.357,209256.0
2995,209+259,2614645.0802,1266215.6096,269.372,209259.0
2997,209+262,2614644.2484,1266212.7272,269.385,209262.0
2999,209+265,2614643.4099,1266209.8468,269.396,209265.0
3001,209+268,2614642.5649,1266206.9682,269.405,209268.0
3003,209+269.274,2614642.2041,1266205.7464,269.409,209269.274
3005,209+269.379,2614642.1743,1266205.6457,269.409,209269.379
3007,209+271,2614641.7135,1266204.0916,269.413,209271.0
3009,209+274,2614640.8558,1266201.2168,269.42,209274.0
3011,209+277,2614639.992,1266198.3438,269.427,209277.0
3013,209+280,2614639.1223,1266195.4727,269.434,209280.0
3015,209+283,2614638.2468,1266192.6033,269.44,209283.0
3017,209+286,2614637.3655,1266189.7356,269.446,209286.0
3019,209+289,2614636.4788,1266186.8697,269.451,209289.0
3021,209+292,2614635.5866,1266184.0054,269.456,209292.0
3023,209+295,2614634.6892,1266181.1428,269.46,209295.0
3025,209+298,2614633.7867,1266178.2818,269.464,209298.0
3027,209+301,2614632.8792,1266175.4223,269.468,209301.0
3029,209+304,2614631.9669,1266172.5644,269.471,209304.0
3031,209+307,2614631.0499,1266169.708,269.474,209307.0
3033,209+310,2614630.1284,1266166.853,269.477,209310.0
3035,209+313,2614629.2025,1266163.9995,269.479,209313.0
3037,209+316,2614628.2723,1266161.1473,269.481,209316.0
3039,209+319,2614627.3379,1266158.2965,269.482,209319.0
3041,209+322,2614626.3996,1266155.447,269.483,209322.0
3043,209+325,2614625.4575,1266152.5988,269.483,209325.0
3045,209+328,2614624.5116,1266149.7518,269.483,209328.0
3047,209+331,2614623.5622,1266146.906,269.483,209331.0
3049,209+334,2614622.6094,1266144.0614,269.482,209334.0
3051,209+337,2614621.6533,1266141.2178,269.481,209337.0
3053,209+340,2614620.6941,1266138.3753,269.48,209340.0
3055,209+343,2614619.7318,1266135.5338,269.478,209343.0
3057,209+346,2614618.7667,1266132.6933,269.475,209346.0
3059,209+349,2614617.7988,1266129.8537,269.473,209349.0
3061,209+352,2614616.8284,1266127.015,269.469,209352.0
3063,209+355,2614615.8555,1266124.1771,269.466,209355.0
3065,209+358,2614614.8803,1266121.34,269.462,209358.0
3067,209+361,2614613.9029,1266118.5037,269.458,209361.0
3069,209+364,2614612.9235,1266115.6681,269.453,209364.0
3071,209+367,2614611.9422,1266112.8331,269.448,209367.0
3073,209+370,2614610.9592,1266109.9988,269.442,209370.0
3075,209+373,2614609.9745,1266107.165,269.436,209373.0
3077,209+376,2614608.9883,1266104.3317,269.43,209376.0
3079,209+379,2614608.0008,1266101.4989,269.423,209379.0
3081,209+382,2614607.0121,1266098.6665,269.416,209382.0
3083,209+385,2614606.0223,1266095.8345,269.408,209385.0
3085,209+388,2614605.0316,1266093.0028,269.4,209388.0
3087,209+391,2614604.0401,1266090.1714,269.392,209391.0
3089,209+394,2614603.0479,1266087.3402,269.383,209394.0
3091,209+397,2614602.0552,1266084.5092,269.374,209397.0
3093,209+400,2614601.0621,1266081.6783,269.364,209400.0
3095,209+403,2614600.0688,1266078.8475,269.354,209403.0
3097,209+405.359,2614599.2877,1266076.6217,269.346,209405.359
3099,209+406,2614599.0754,1266076.0168,269.344,209406.0
3101,209+409,2614598.0819,1266073.1861,269.333,209409.0
3103,209+409.595,2614597.8848,1266072.6244,269.331,209409.595
3105,209+412,2614597.0885,1266070.3553,269.322,209412.0
3107,209+415,2614596.0951,1266067.5246,269.31,209415.0
3109,209+418,2614595.1016,1266064.6938,269.298,209418.0
3111,209+421,2614594.1082,1266061.8631,269.286,209421.0
3113,209+424,2614593.1147,1266059.0324,269.273,209424.0
3115,209+427,2614592.1213,1266056.2016,269.26,209427.0
3117,209+430,2614591.1278,1266053.3709,269.246,209430.0
3119,209+433,2614590.1344,1266050.5402,269.232,209433.0
3121,209+436,2614589.141,1266047.7094,269.218,209436.0
3123,209+439,2614588.1475,1266044.8787,269.203,209439.0
3125,209+442,2614587.1541,1266042.0479,269.188,209442.0
3127,209+445,2614586.1606,1266039.2172,269.172,209445.0
3129,209+448,2614585.1672,1266036.3865,269.156,209448.0
3131,209+451,2614584.1738,1266033.5557,269.14,209451.0
3133,209+454,2614583.1803,1266030.725,269.123,209454.0
3135,209+457,2614582.1869,1266027.8943,269.106,209457.0
3137,209+460,2614581.1934,1266025.0635,269.088,209460.0
3139,209+463,2614580.2,1266022.2328,269.07,209463.0
3141,209+466,2614579.2066,1266019.402,269.051,209466.0
3143,209+469,2614578.2131,1266016.5713,269.033,209469.0
3145,209+472,2614577.2197,1266013.7406,269.013,209472.0
3147,209+475,2614576.2262,1266010.9098,268.994,209475.0
3149,209+478,2614575.2328,1266008.0791,268.974,209478.0
3151,209+481,2614574.2394,1266005.2484,268.953,209481.0
3153,209+484,2614573.2459,1266002.4176,268.932,209484.0
3155,209+487,2614572.2525,1265999.5869,268.911,209487.0
3157,209+490,2614571.259,1265996.7561,268.889,209490.0
3159,209+493,2614570.2656,1265993.9254,268.867,209493.0
3161,209+496,2614569.2722,1265991.0947,268.845,209496.0
3163,209+499,2614568.2787,1265988.2639,268.822,209499.0
3165,209+502,2614567.2853,1265985.4332,268.798,209502.0
3167,209+505,2614566.2918,1265982.6025,268.775,209505.0
3169,209+508,2614565.2984,1265979.7717,268.751,209508.0
3171,209+511,2614564.305,1265976.941,268.726,209511.0
3173,209+514,2614563.3115,1265974.1102,268.701,209514.0
3175,209+517,2614562.3181,1265971.2795,268.676,209517.0
3177,209+520,2614561.3246,1265968.4488,268.65,209520.0
3179,209+523,2614560.3312,1265965.618,268.624,209523.0
3181,209+526,2614559.3377,1265962.7873,268.598,209526.0
3183,209+528.128,2614558.633,1265960.7791,268.579,209528.128
3185,209+528.128,2614558.633,1265960.7791,268.525,209528.128
0,205+490,2612478.30235,1268942.80599,248.992390483,205490.0
1,205+520,2612493.20335,1268916.76829,247.491390483,205520.0
