,Station,Easting,Northing,Elevation,Alignment_Station_real
1,204+874.1,2612071.548,1269294.122,270.962,204874.1
3,204+876,2612072.991,1269295.359,270.989,204876.0
5,204+879,2612075.303,1269297.27,271.033,204879.0
7,204+882,2612077.657,1269299.129,271.076,204882.0
9,204+885,2612080.052,1269300.936,271.12,204885.0
11,204+888,2612082.487,1269302.689,271.163,204888.0
13,204+891,2612084.959,1269304.388,271.207,204891.0
15,204+894,2612087.469,1269306.031,271.25,204894.0
17,204+897,2612090.014,1269307.619,271.294,204897.0
19,204+900,2612092.594,1269309.15,271.337,204900.0
21,204+903,2612095.208,1269310.623,271.381,204903.0
23,204+906,2612097.853,1269312.038,271.424,204906.0
25,204+909,2612100.529,1269313.394,271.468,204909.0
27,204+912,2612103.234,1269314.69,271.511,204912.0
29,204+915,2612105.968,1269315.927,271.555,204915.0
31,204+918,2612108.728,1269317.102,271.598,204918.0
33,204+921,2612111.513,1269318.216,271.642,204921.0
35,204+924,2612114.323,1269319.268,271.685,204924.0
37,204+927,2612117.155,1269320.257,271.729,204927.0
39,204+927.637,2612117.759,1269320.459,271.738,204927.637
41,204+930,2612120.008,1269321.183,271.771,204930.0
43,204+933,2612122.881,1269322.046,271.811,204933.0
45,204+936,2612125.773,1269322.845,271.847,204936.0
47,204+939,2612128.682,1269323.58,271.879,204939.0
49,204+942,2612131.606,1269324.25,271.909,204942.0
51,204+945,2612134.544,1269324.855,271.935,204945.0
53,204+948,2612137.495,1269325.395,271.958,204948.0
55,204+951,2612140.457,1269325.869,271.978,204951.0
57,204+954,2612143.429,1269326.277,271.994,204954.0
59,204+957,2612146.409,1269326.62,272.007,204957.0
61,204+960,2612149.397,1269326.896,272.017,204960.0
63,204+963,2612152.389,1269327.107,272.023,204963.0
65,204+966,2612155.386,1269327.251,272.027,204966.0
67,204+969,2612158.385,1269327.328,272.027,204969.0
69,204+972,2612161.384,1269327.339,272.023,204972.0
71,204+975,2612164.384,1269327.284,272.017,204975.0
73,204+978,2612167.381,1269327.162,272.007,204978.0
75,204+981,2612170.375,1269326.973,271.994,204981.0
77,204+984,2612173.364,1269326.718,271.978,204984.0
79,204+987,2612176.347,1269326.398,271.958,204987.0
81,204+990,2612179.322,1269326.011,271.935,204990.0
83,204+993,2612182.288,1269325.558,271.909,204993.0
85,204+996,2612185.242,1269325.04,271.879,204996.0
87,204+999,2612188.185,1269324.456,271.847,204999.0
89,205+002,2612191.114,1269323.808,271.811,205002.0
91,205+005,2612194.028,1269323.094,271.771,205005.0
93,205+008,2612196.925,1269322.316,271.729,205008.0
95,205+011,2612199.805,1269321.474,271.683,205011.0
97,205+014,2612202.665,1269320.569,271.634,205014.0
99,205+014.027,2612202.69,1269320.561,271.633,205014.027
101,205+017,2612205.596,1269319.621,271.581,205017.0
103,205+020,2612208.434,1269318.648,271.526,205020.0
105,205+023,2612211.249,1269317.614,271.467,205023.0
107,205+026,2612214.042,1269316.519,271.404,205026.0
109,205+029,2612216.811,1269315.364,271.339,205029.0
111,205+032,2612219.555,1269314.152,271.27,205032.0
113,205+035,2612222.273,1269312.882,271.198,205035.0
115,205+038,2612224.964,1269311.556,271.123,205038.0
117,205+041,2612227.628,1269310.175,271.044,205041.0
119,205+044,2612230.262,1269308.74,270.962,205044.0
121,205+047,2612232.867,1269307.252,270.877,205047.0
123,205+050,2612235.442,1269305.713,270.789,205050.0
125,205+053,2612237.986,1269304.123,270.697,205053.0
127,205+056,2612240.498,1269302.483,270.602,205056.0
129,205+059,2612242.978,1269300.796,270.504,205059.0
131,205+062,2612245.426,1269299.061,270.402,205062.0
133,205+065,2612247.85,1269297.272,270.298,205065.0
135,205+068,2612250.299,1269295.561,270.19,205068.0
137,205+071,2612252.738,1269293.814,270.078,205071.0
139,205+074,2612255.156,1269292.039,269.964,205074.0
141,205+077,2612257.554,1269290.237,269.846,205077.0
143,205+080,2612259.931,1269288.406,269.725,205080.0
145,205+083,2612262.287,1269286.549,269.6,205083.0
147,205+086,2612264.621,1269284.665,269.473,205086.0
149,205+089,2612266.934,1269282.753,269.342,205089.0
151,205+092,2612269.224,1269280.816,269.207,205092.0
153,205+095,2612271.492,1269278.851,269.07,205095.0
155,205+098,2612273.736,1269276.861,268.929,205098.0
157,205+101,2612275.958,1269274.845,268.785,205101.0
159,205+104,2612278.156,1269272.804,268.638,205104.0
161,205+107,2612280.331,1269270.737,268.487,205107.0
163,205+110,2612282.481,1269268.646,268.333,205110.0
165,205+113,2612284.608,1269266.529,268.176,205113.0
167,205+116,2612286.71,1269264.388,268.015,205116.0
169,205+119,2612288.786,1269262.224,267.852,205119.0
171,205+122,2612290.838,1269260.035,267.685,205122.0
173,205+125,2612292.865,1269257.823,267.514,205125.0
175,205+125.545,2612293.23,1269257.419,267.483,205125.545
177,205+128,2612294.865,1269255.588,267.342,205128.0
179,205+131,2612296.84,1269253.329,267.169,205131.0
181,205+134,2612298.789,1269251.048,266.997,205134.0
183,205+137,2612300.711,1269248.745,266.824,205137.0
185,205+140,2612302.606,1269246.42,266.652,205140.0
187,205+143,2612304.475,1269244.073,266.479,205143.0
189,205+146,2612306.316,1269241.704,266.307,205146.0
191,205+149,2612308.13,1269239.315,266.134,205149.0
193,205+152,2612309.916,1269236.904,265.962,205152.0
195,205+155,2612311.674,1269234.474,265.789,205155.0
197,205+158,2612313.405,1269232.023,265.617,205158.0
199,205+161,2612315.106,1269229.552,265.444,205161.0
201,205+162.354,2612315.865,1269228.431,265.367,205162.354
203,205+164,2612316.787,1269227.062,265.272,205164.0
205,205+167,2612318.442,1269224.559,265.099,205167.0
207,205+170,2612320.07,1269222.04,264.927,205170.0
209,205+173,2612321.672,1269219.503,264.754,205173.0
211,205+176,2612323.25,1269216.952,264.582,205176.0
213,205+179,2612324.806,1269214.387,264.409,205179.0
215,205+182,2612326.339,1269211.808,264.237,205182.0
217,205+185,2612327.853,1269209.218,264.064,205185.0
219,205+188,2612329.347,1269206.617,263.892,205188.0
221,205+191,2612330.824,1269204.005,263.719,205191.0
223,205+194,2612332.285,1269201.385,263.547,205194.0
225,205+197,2612333.731,1269198.757,263.374,205197.0
227,205+200,2612335.164,1269196.121,263.202,205200.0
229,205+203,2612336.585,1269193.479,263.029,205203.0
231,205+206,2612337.995,1269190.831,262.857,205206.0
233,205+209,2612339.397,1269188.179,262.684,205209.0
235,205+212,2612340.792,1269185.523,262.512,205212.0
237,205+215,2612342.18,1269182.863,262.339,205215.0
239,205+218,2612343.564,1269180.202,262.167,205218.0
241,205+220.619,2612344.77,1269177.877,262.016,205220.619
243,205+221,2612344.948,1269177.54,261.994,205221.0
245,205+224,2612346.35,1269174.888,261.822,205224.0
247,205+227,2612347.754,1269172.236,261.649,205227.0
249,205+230,2612349.159,1269169.586,261.477,205230.0
251,205+230.263,2612349.283,1269169.354,261.462,205230.263
253,205+233,2612350.566,1269166.936,261.305,205233.0
255,205+236,2612351.975,1269164.288,261.133,205236.0
257,205+239,2612353.385,1269161.64,260.962,205239.0
259,205+242,2612354.796,1269158.992,260.792,205242.0
261,205+245,2612356.21,1269156.346,260.622,205245.0
263,205+248,2612357.624,1269153.701,260.452,205248.0
265,205+251,2612359.041,1269151.056,260.284,205251.0
267,205+254,2612360.459,1269148.412,260.116,205254.0
269,205+257,2612361.879,1269145.77,259.948,205257.0
271,205+260,2612363.3,1269143.128,259.781,205260.0
273,205+263,2612364.722,1269140.486,259.615,205263.0
275,205+266,2612366.147,1269137.846,259.45,205266.0
277,205+269,2612367.573,1269135.207,259.284,205269.0
279,205+272,2612369.0,1269132.568,259.12,205272.0
281,205+275,2612370.43,1269129.93,258.956,205275.0
283,205+278,2612371.86,1269127.294,258.793,205278.0
285,205+281,2612373.292,1269124.658,258.63,205281.0
287,205+284,2612374.726,1269122.022,258.468,205284.0
289,205+287,2612376.162,1269119.388,258.307,205287.0
291,205+290,2612377.599,1269116.755,258.146,205290.0
293,205+293,2612379.037,1269114.122,257.986,205293.0
295,205+296,2612380.478,1269111.49,257.826,205296.0
297,205+299,2612381.919,1269108.86,257.667,205299.0
299,205+302,2612383.362,1269106.23,257.508,205302.0
301,205+305,2612384.807,1269103.6,257.351,205305.0
303,205+308,2612386.254,1269100.972,257.193,205308.0
305,205+311,2612387.702,1269098.345,257.037,205311.0
307,205+314,2612389.152,1269095.718,256.881,205314.0
309,205+317,2612390.603,1269093.093,256.725,205317.0
311,205+320,2612392.056,1269090.468,256.57,205320.0
313,205+323,2612393.51,1269087.844,256.416,205323.0
315,205+326,2612394.966,1269085.221,256.262,205326.0
317,205+329,2612396.423,1269082.599,256.109,205329.0
319,205+332,2612397.882,1269079.978,255.957,205332.0
321,205+335,2612399.343,1269077.357,255.805,205335.0
323,205+338,2612400.805,1269074.738,255.654,205338.0
325,205+341,2612402.269,1269072.119,255.503,205341.0
327,205+342.439,2612402.972,1269070.863,255.431,205342.439
329,205+344,2612403.735,1269069.501,255.353,205344.0
331,205+347,2612405.202,1269066.884,255.203,205347.0
333,205+350,2612406.67,1269064.268,255.053,205350.0
335,205+353,2612408.14,1269061.653,254.902,205353.0
337,205+356,2612409.612,1269059.039,254.752,205356.0
339,205+359,2612411.085,1269056.426,254.602,205359.0
341,205+362,2612412.56,1269053.813,254.452,205362.0
343,205+365,2612414.036,1269051.202,254.302,205365.0
345,205+368,2612415.514,1269048.591,254.152,205368.0
347,205+371,2612416.994,1269045.981,254.002,205371.0
349,205+374,2612418.474,1269043.372,253.852,205374.0
351,205+377,2612419.957,1269040.764,253.702,205377.0
353,205+380,2612421.441,1269038.157,253.552,205380.0
355,205+383,2612422.927,1269035.551,253.402,205383.0
357,205+386,2612424.414,1269032.945,253.252,205386.0
359,205+389,2612425.903,1269030.341,253.101,205389.0
361,205+389.861,2612426.331,1269029.594,253.058,205389.861
363,205+392,2612427.393,1269027.737,252.951,205392.0
365,205+395,2612428.883,1269025.133,252.801,205395.0
367,205+398,2612430.374,1269022.529,252.651,205398.0
369,205+401,2612431.864,1269019.926,252.501,205401.0
371,205+404,2612433.354,1269017.322,252.351,205404.0
373,205+407,2612434.844,1269014.718,252.201,205407.0
375,205+410,2612436.334,1269012.114,252.051,205410.0
377,205+413,2612437.824,1269009.511,251.901,205413.0
379,205+416,2612439.314,1269006.907,251.751,205416.0
381,205+419,2612440.804,1269004.303,251.601,205419.0
383,205+422,2612442.294,1269001.699,251.451,205422.0
385,205+425,2612443.784,1268999.096,251.3,205425.0
387,205+428,2612445.274,1268996.492,251.15,205428.0
389,205+431,2612446.764,1268993.888,251.0,205431.0
391,205+434,2612448.255,1268991.284,250.85,205434.0
393,205+437,2612449.745,1268988.68,250.7,205437.0
395,205+440,2612451.235,1268986.077,250.55,205440.0
397,205+443,2612452.725,1268983.473,250.4,205443.0
399,205+446,2612454.215,1268980.869,250.25,205446.0
401,205+449,2612455.705,1268978.265,250.1,205449.0
403,205+452,2612457.195,1268975.662,249.95,205452.0
405,205+455,2612458.685,1268973.058,249.8,205455.0
407,205+458,2612460.175,1268970.454,249.65,205458.0
409,205+461,2612461.666,1268967.85,249.499,205461.0
411,205+464,2612463.156,1268965.246,249.349,205464.0
413,205+467,2612464.646,1268962.643,249.199,205467.0
415,205+470,2612466.136,1268960.039,249.049,205470.0
417,205+473,2612467.626,1268957.435,248.899,205473.0
419,205+476,2612469.116,1268954.831,248.749,205476.0
421,205+479,2612470.606,1268952.228,248.599,205479.0
423,205+482,2612472.096,1268949.624,248.449,205482.0
425,205+485,2612473.586,1268947.02,248.299,205485.0
427,205+488,2612475.076,1268944.416,248.149,205488.0
429,205+491,2612476.566,1268941.813,247.999,205491.0
431,205+494,2612478.057,1268939.209,247.849,205494.0
433,205+497,2612479.547,1268936.605,247.698,205497.0
435,205+500,2612481.037,1268934.001,247.548,205500.0
437,205+503,2612482.527,1268931.398,247.398,205503.0
439,205+506,2612484.017,1268928.794,247.248,205506.0
441,205+509,2612485.507,1268926.19,247.098,205509.0
443,205+512,2612486.997,1268923.586,246.948,205512.0
445,205+515,2612488.487,1268920.982,246.798,205515.0
447,205+518,2612489.977,1268918.379,246.648,205518.0
449,205+521,2612491.468,1268915.775,246.498,205521.0
451,205+524,2612492.958,1268913.171,246.348,205524.0
453,205+527,2612494.448,1268910.567,246.198,205527.0
455,205+530,2612495.938,1268907.964,246.048,205530.0
457,205+533,2612497.428,1268905.36,245.897,205533.0
459,205+536,2612498.918,1268902.756,245.747,205536.0
461,205+539,2612500.408,1268900.152,245.597,205539.0
463,205+542,2612501.898,1268897.548,245.447,205542.0
465,205+545,2612503.388,1268894.945,245.297,205545.0
467,205+548,2612504.878,1268892.341,245.147,205548.0
469,205+551,2612506.368,1268889.737,244.997,205551.0
471,205+554,2612507.859,1268887.134,244.847,205554.0
473,205+557,2612509.349,1268884.53,244.697,205557.0
475,205+560,2612510.839,1268881.926,244.547,205560.0
477,205+563,2612512.329,1268879.322,244.397,205563.0
479,205+566,2612513.819,1268876.718,244.247,205566.0
481,205+569,2612515.309,1268874.115,244.096,205569.0
483,205+572,2612516.799,1268871.511,243.946,205572.0
485,205+575,2612518.289,1268868.907,243.796,205575.0
487,205+578,2612519.779,1268866.303,243.646,205578.0
489,205+581,2612521.27,1268863.7,243.496,205581.0
491,205+584,2612522.76,1268861.096,243.346,205584.0
493,205+587,2612524.25,1268858.492,243.196,205587.0
495,205+590,2612525.74,1268855.888,243.046,205590.0
497,205+593,2612527.23,1268853.284,242.896,205593.0
499,205+596,2612528.72,1268850.681,242.746,205596.0
501,205+599,2612530.21,1268848.077,242.596,205599.0
503,205+602,2612531.7,1268845.473,242.446,205602.0
505,205+605,2612533.19,1268842.869,242.295,205605.0
507,205+608,2612534.68,1268840.266,242.145,205608.0
509,205+611,2612536.17,1268837.662,241.995,205611.0
511,205+614,2612537.66,1268835.058,241.845,205614.0
513,205+617,2612539.151,1268832.454,241.695,205617.0
515,205+620,2612540.641,1268829.851,241.545,205620.0
517,205+623,2612542.131,1268827.247,241.395,205623.0
519,205+626,2612543.621,1268824.643,241.245,205626.0
521,205+629,2612545.111,1268822.039,241.095,205629.0
523,205+632,2612546.601,1268819.436,240.945,205632.0
525,205+635,2612548.091,1268816.832,240.795,205635.0
527,205+638,2612549.581,1268814.228,240.645,205638.0
529,205+641,2612551.071,1268811.624,240.494,205641.0
531,205+644,2612552.562,1268809.02,240.344,205644.0
533,205+647,2612554.052,1268806.417,240.194,205647.0
535,205+650,2612555.542,1268803.813,240.044,205650.0
537,205+653,2612557.032,1268801.209,239.894,205653.0
539,205+656,2612558.522,1268798.605,239.744,205656.0
541,205+659,2612560.012,1268796.002,239.594,205659.0
543,205+662,2612561.502,1268793.398,239.444,205662.0
545,205+665,2612562.992,1268790.794,239.294,205665.0
547,205+668,2612564.482,1268788.19,239.144,205668.0
549,205+671,2612565.972,1268785.586,238.994,205671.0
551,205+674,2612567.462,1268782.983,238.844,205674.0
553,205+677,2612568.953,1268780.379,238.693,205677.0
555,205+680,2612570.443,1268777.775,238.543,205680.0
557,205+683,2612571.933,1268775.172,238.393,205683.0
559,205+686,2612573.423,1268772.568,238.243,205686.0
561,205+689,2612574.913,1268769.964,238.093,205689.0
563,205+692,2612576.403,1268767.36,237.943,205692.0
565,205+695,2612577.893,1268764.756,237.793,205695.0
567,205+698,2612579.383,1268762.153,237.643,205698.0
569,205+701,2612580.873,1268759.549,237.493,205701.0
571,205+704,2612582.364,1268756.945,237.343,205704.0
573,205+707,2612583.854,1268754.341,237.193,205707.0
575,205+710,2612585.344,1268751.738,237.043,205710.0
577,205+713,2612586.834,1268749.134,236.892,205713.0
579,205+716,2612588.324,1268746.53,236.742,205716.0
581,205+719,2612589.814,1268743.926,236.592,205719.0
583,205+722,2612591.304,1268741.322,236.442,205722.0
585,205+725,2612592.794,1268738.719,236.292,205725.0
587,205+728,2612594.284,1268736.115,236.142,205728.0
589,205+731,2612595.774,1268733.511,235.992,205731.0
591,205+734,2612597.264,1268730.907,235.842,205734.0
593,205+737,2612598.755,1268728.304,235.692,205737.0
595,205+740,2612600.245,1268725.7,235.542,205740.0
597,205+743,2612601.735,1268723.096,235.392,205743.0
599,205+746,2612603.225,1268720.492,235.242,205746.0
601,205+749,2612604.715,1268717.889,235.091,205749.0
603,205+752,2612606.205,1268715.285,234.941,205752.0
605,205+755,2612607.695,1268712.681,234.791,205755.0
607,205+758,2612609.185,1268710.077,234.641,205758.0
609,205+761,2612610.675,1268707.474,234.491,205761.0
611,205+764,2612612.165,1268704.87,234.341,205764.0
613,205+767,2612613.656,1268702.266,234.191,205767.0
615,205+770,2612615.146,1268699.662,234.041,205770.0
617,205+773,2612616.636,1268697.058,233.891,205773.0
619,205+776,2612618.126,1268694.455,233.741,205776.0
621,205+779,2612619.616,1268691.851,233.591,205779.0
623,205+782,2612621.106,1268689.247,233.441,205782.0
625,205+785,2612622.596,1268686.643,233.29,205785.0
627,205+788,2612624.086,1268684.04,233.14,205788.0
629,205+791,2612625.576,1268681.436,232.99,205791.0
631,205+794,2612627.066,1268678.832,232.84,205794.0
633,205+797,2612628.556,1268676.228,232.69,205797.0
635,205+800,2612630.047,1268673.624,232.54,205800.0
637,205+803,2612631.537,1268671.021,232.39,205803.0
639,205+806,2612633.027,1268668.417,232.24,205806.0
641,205+809,2612634.517,1268665.813,232.09,205809.0
643,205+812,2612636.007,1268663.209,231.94,205812.0
645,205+815,2612637.497,1268660.606,231.79,205815.0
647,205+818,2612638.987,1268658.002,231.64,205818.0
649,205+821,2612640.477,1268655.398,231.489,205821.0
651,205+824,2612641.967,1268652.794,231.339,205824.0
653,205+827,2612643.458,1268650.191,231.189,205827.0
655,205+830,2612644.948,1268647.587,231.039,205830.0
657,205+833,2612646.438,1268644.983,230.889,205833.0
659,205+836,2612647.928,1268642.379,230.739,205836.0
661,205+839,2612649.418,1268639.776,230.589,205839.0
663,205+842,2612650.908,1268637.172,230.439,205842.0
665,205+845,2612652.398,1268634.568,230.289,205845.0
667,205+848,2612653.888,1268631.964,230.139,205848.0
669,205+851,2612655.378,1268629.36,229.989,205851.0
671,205+854,2612656.868,1268626.757,229.839,205854.0
673,205+857,2612658.358,1268624.153,229.688,205857.0
675,205+860,2612659.849,1268621.549,229.538,205860.0
677,205+863,2612661.339,1268618.945,229.388,205863.0
679,205+866,2612662.829,1268616.342,229.238,205866.0
681,205+869,2612664.319,1268613.738,229.088,205869.0
683,205+872,2612665.809,1268611.134,228.938,205872.0
685,205+875,2612667.299,1268608.53,228.788,205875.0
687,205+878,2612668.789,1268605.926,228.638,205878.0
689,205+881,2612670.279,1268603.323,228.488,205881.0
691,205+884,2612671.769,1268600.719,228.338,205884.0
693,205+887,2612673.26,1268598.115,228.188,205887.0
695,205+890,2612674.75,1268595.512,228.037,205890.0
697,205+893,2612676.24,1268592.908,227.887,205893.0
699,205+896,2612677.73,1268590.304,227.737,205896.0
701,205+899,2612679.22,1268587.7,227.587,205899.0
703,205+899.115,2612679.277,1268587.6,227.581,205899.115
705,205+902,2612680.71,1268585.096,227.438,205902.0
707,205+905,2612682.2,1268582.493,227.289,205905.0
709,205+908,2612683.69,1268579.889,227.141,205908.0
711,205+911,2612685.18,1268577.285,226.994,205911.0
713,205+914,2612686.67,1268574.681,226.848,205914.0
715,205+917,2612688.16,1268572.078,226.703,205917.0
717,205+920,2612689.651,1268569.474,226.559,205920.0
719,205+923,2612691.141,1268566.87,226.415,205923.0
721,205+926,2612692.631,1268564.266,226.273,205926.0
723,205+929,2612694.121,1268561.662,226.131,205929.0
725,205+932,2612695.611,1268559.059,225.991,205932.0
727,205+935,2612697.101,1268556.455,225.851,205935.0
729,205+938,2612698.591,1268553.851,225.712,205938.0
731,205+941,2612700.081,1268551.247,225.574,205941.0
733,205+944,2612701.571,1268548.644,225.437,205944.0
735,205+947,2612703.061,1268546.04,225.301,205947.0
737,205+950,2612704.552,1268543.436,225.166,205950.0
739,205+953,2612706.042,1268540.832,225.031,205953.0
741,205+956,2612707.532,1268538.229,224.898,205956.0
743,205+959,2612709.022,1268535.625,224.765,205959.0
745,205+962,2612710.512,1268533.021,224.634,205962.0
747,205+965,2612712.002,1268530.417,224.503,205965.0
749,205+968,2612713.492,1268527.814,224.373,205968.0
751,205+971,2612714.982,1268525.21,224.244,205971.0
753,205+974,2612716.472,1268522.606,224.116,205974.0
755,205+977,2612717.962,1268520.002,223.989,205977.0
757,205+980,2612719.452,1268517.398,223.863,205980.0
759,205+983,2612720.943,1268514.795,223.738,205983.0
761,205+986,2612722.433,1268512.191,223.613,205986.0
763,205+989,2612723.923,1268509.587,223.49,205989.0
765,205+992,2612725.413,1268506.983,223.367,205992.0
767,205+995,2612726.903,1268504.38,223.245,205995.0
769,205+998,2612728.393,1268501.776,223.125,205998.0
771,206+001,2612729.883,1268499.172,223.005,206001.0
773,206+004,2612731.373,1268496.568,222.886,206004.0
775,206+007,2612732.863,1268493.964,222.768,206007.0
777,206+010,2612734.354,1268491.361,222.65,206010.0
779,206+013,2612735.844,1268488.757,222.534,206013.0
781,206+016,2612737.334,1268486.153,222.419,206016.0
783,206+019,2612738.824,1268483.549,222.304,206019.0
785,206+022,2612740.314,1268480.946,222.191,206022.0
787,206+025,2612741.804,1268478.342,222.078,206025.0
789,206+028,2612743.294,1268475.738,221.966,206028.0
791,206+031,2612744.784,1268473.134,221.855,206031.0
793,206+034,2612746.274,1268470.531,221.745,206034.0
795,206+037,2612747.764,1268467.927,221.636,206037.0
797,206+040,2612749.254,1268465.323,221.528,206040.0
799,206+043,2612750.745,1268462.719,221.421,206043.0
801,206+046,2612752.235,1268460.116,221.315,206046.0
803,206+049,2612753.725,1268457.512,221.209,206049.0
805,206+052,2612755.215,1268454.908,221.105,206052.0
807,206+055,2612756.705,1268452.304,221.001,206055.0
809,206+058,2612758.195,1268449.7,220.898,206058.0
811,206+061,2612759.685,1268447.097,220.796,206061.0
813,206+064,2612761.175,1268444.493,220.695,206064.0
815,206+067,2612762.665,1268441.889,220.595,206067.0
817,206+070,2612764.156,1268439.285,220.496,206070.0
819,206+073,2612765.646,1268436.682,220.398,206073.0
821,206+076,2612767.136,1268434.078,220.301,206076.0
823,206+079,2612768.626,1268431.474,220.204,206079.0
825,206+082,2612770.116,1268428.87,220.109,206082.0
827,206+085,2612771.606,1268426.267,220.014,206085.0
829,206+088,2612773.096,1268423.663,219.92,206088.0
831,206+091,2612774.586,1268421.059,219.828,206091.0
833,206+094,2612776.076,1268418.455,219.736,206094.0
835,206+097,2612777.566,1268415.852,219.645,206097.0
837,206+100,2612779.056,1268413.248,219.554,206100.0
839,206+103,2612780.546,1268410.644,219.465,206103.0
841,206+106,2612782.037,1268408.04,219.377,206106.0
843,206+109,2612783.527,1268405.436,219.29,206109.0
845,206+112,2612785.017,1268402.833,219.203,206112.0
847,206+115,2612786.507,1268400.229,219.117,206115.0
849,206+118,2612787.997,1268397.625,219.033,206118.0
851,206+121,2612789.487,1268395.021,218.949,206121.0
853,206+124,2612790.977,1268392.418,218.866,206124.0
855,206+127,2612792.467,1268389.814,218.784,206127.0
857,206+130,2612793.957,1268387.21,218.703,206130.0
859,206+133,2612795.448,1268384.606,218.623,206133.0
861,206+136,2612796.938,1268382.002,218.543,206136.0
863,206+139,2612798.428,1268379.399,218.465,206139.0
865,206+142,2612799.918,1268376.795,218.388,206142.0
867,206+145,2612801.408,1268374.191,218.311,206145.0
869,206+148,2612802.898,1268371.587,218.235,206148.0
871,206+148.763,2612803.277,1268370.925,218.216,206148.763
873,206+151,2612804.388,1268368.984,218.16,206151.0
875,206+154,2612805.878,1268366.38,218.085,206154.0
877,206+157,2612807.368,1268363.776,218.01,206157.0
879,206+160,2612808.858,1268361.172,217.935,206160.0
881,206+163,2612810.348,1268358.569,217.86,206163.0
883,206+166,2612811.839,1268355.965,217.785,206166.0
885,206+169,2612813.329,1268353.361,217.71,206169.0
887,206+172,2612814.819,1268350.757,217.635,206172.0
889,206+175,2612816.309,1268348.154,217.56,206175.0
891,206+178,2612817.799,1268345.55,217.485,206178.0
893,206+181,2612819.289,1268342.946,217.41,206181.0
895,206+184,2612820.779,1268340.342,217.335,206184.0
897,206+187,2612822.269,1268337.738,217.26,206187.0
899,206+190,2612823.759,1268335.135,217.185,206190.0
901,206+193,2612825.25,1268332.531,217.11,206193.0
903,206+196,2612826.74,1268329.927,217.035,206196.0
905,206+199,2612828.23,1268327.323,216.96,206199.0
907,206+202,2612829.72,1268324.72,216.885,206202.0
909,206+205,2612831.21,1268322.116,216.81,206205.0
911,206+208,2612832.7,1268319.512,216.735,206208.0
913,206+211,2612834.19,1268316.908,216.66,206211.0
915,206+214,2612835.68,1268314.304,216.585,206214.0
917,206+217,2612837.17,1268311.701,216.51,206217.0
919,206+220,2612838.66,1268309.097,216.435,206220.0
921,206+223,2612840.15,1268306.493,216.36,206223.0
923,206+226,2612841.641,1268303.89,216.285,206226.0
925,206+229,2612843.131,1268301.286,216.21,206229.0
927,206+232,2612844.621,1268298.682,216.135,206232.0
929,206+235,2612846.111,1268296.078,216.06,206235.0
931,206+238,2612847.601,1268293.474,215.985,206238.0
933,206+241,2612849.091,1268290.871,215.91,206241.0
935,206+244,2612850.581,1268288.267,215.835,206244.0
937,206+247,2612852.071,1268285.663,215.76,206247.0
939,206+250,2612853.561,1268283.059,215.685,206250.0
941,206+253,2612855.052,1268280.456,215.61,206253.0
943,206+256,2612856.542,1268277.852,215.535,206256.0
945,206+259,2612858.032,1268275.248,215.46,206259.0
947,206+262,2612859.522,1268272.644,215.385,206262.0
949,206+265,2612861.012,1268270.04,215.31,206265.0
951,206+268,2612862.502,1268267.437,215.235,206268.0
953,206+271,2612863.992,1268264.833,215.16,206271.0
955,206+274,2612865.482,1268262.229,215.085,206274.0
957,206+277,2612866.972,1268259.625,215.01,206277.0
959,206+280,2612868.462,1268257.022,214.935,206280.0
961,206+283,2612869.952,1268254.418,214.86,206283.0
963,206+286,2612871.442,1268251.814,214.785,206286.0
965,206+289,2612872.933,1268249.21,214.71,206289.0
967,206+292,2612874.423,1268246.607,214.635,206292.0
969,206+295,2612875.913,1268244.003,214.56,206295.0
971,206+298,2612877.403,1268241.399,214.485,206298.0
973,206+301,2612878.893,1268238.795,214.41,206301.0
975,206+304,2612880.383,1268236.192,214.335,206304.0
977,206+306.711,2612881.73,1268233.839,214.268,206306.711
979,206+307,2612881.873,1268233.588,214.26,206307.0
981,206+310,2612883.363,1268230.984,214.185,206310.0
983,206+313,2612884.854,1268228.38,214.11,206313.0
985,206+316,2612886.344,1268225.777,214.035,206316.0
987,206+319,2612887.836,1268223.174,213.96,206319.0
989,206+322,2612889.328,1268220.571,213.885,206322.0
991,206+325,2612890.821,1268217.969,213.81,206325.0
993,206+328,2612892.315,1268215.368,213.735,206328.0
995,206+331,2612893.811,1268212.767,213.66,206331.0
997,206+334,2612895.308,1268210.168,213.585,206334.0
999,206+337,2612896.807,1268207.569,213.51,206337.0
1001,206+340,2612898.308,1268204.971,213.435,206340.0
1003,206+343,2612899.811,1268202.375,213.36,206343.0
1005,206+346,2612901.316,1268199.78,213.285,206346.0
1007,206+349,2612902.824,1268197.186,213.21,206349.0
1009,206+352,2612904.334,1268194.594,213.135,206352.0
1011,206+355,2612905.848,1268192.004,213.06,206355.0
1013,206+358,2612907.364,1268189.415,212.985,206358.0
1015,206+361,2612908.884,1268186.829,212.91,206361.0
1017,206+364,2612910.407,1268184.244,212.835,206364.0
1019,206+367,2612911.933,1268181.662,212.76,206367.0
1021,206+370,2612913.464,1268179.081,212.685,206370.0
1023,206+373,2612914.998,1268176.504,212.61,206373.0
1025,206+376,2612916.537,1268173.928,212.535,206376.0
1027,206+379,2612918.08,1268171.355,212.46,206379.0
1029,206+382,2612919.628,1268168.785,212.385,206382.0
1031,206+385,2612921.18,1268166.218,212.31,206385.0
1033,206+388,2612922.737,1268163.654,212.235,206388.0
1035,206+391,2612924.3,1268161.093,212.16,206391.0
1037,206+393.67,2612925.694,1268158.816,212.094,206393.67
1039,206+394,2612925.867,1268158.535,212.085,206394.0
1041,206+397,2612927.44,1268155.981,212.011,206397.0
1043,206+400,2612929.019,1268153.43,211.937,206400.0
1045,206+403,2612930.604,1268150.882,211.864,206403.0
1047,206+406,2612932.194,1268148.339,211.791,206406.0
1049,206+409,2612933.791,1268145.799,211.72,206409.0
1051,206+412,2612935.394,1268143.263,211.649,206412.0
1053,206+415,2612937.004,1268140.732,211.579,206415.0
1055,206+418,2612938.62,1268138.204,211.509,206418.0
1057,206+421,2612940.243,1268135.681,211.44,206421.0
1059,206+424,2612941.874,1268133.163,211.372,206424.0
1061,206+427,2612943.511,1268130.649,211.305,206427.0
1063,206+430,2612945.156,1268128.14,211.238,206430.0
1065,206+433,2612946.808,1268125.637,211.172,206433.0
1067,206+436,2612948.469,1268123.138,211.107,206436.0
1069,206+439,2612950.137,1268120.644,211.043,206439.0
1071,206+442,2612951.813,1268118.156,210.979,206442.0
1073,206+445,2612953.498,1268115.674,210.916,206445.0
1075,206+448,2612955.19,1268113.197,210.853,206448.0
1077,206+451,2612956.892,1268110.726,210.792,206451.0
1079,206+454,2612958.602,1268108.261,210.731,206454.0
1081,206+454.301,2612958.774,1268108.014,210.725,206454.301
1083,206+457,2612960.321,1268105.802,210.671,206457.0
1085,206+460,2612962.049,1268103.35,210.611,206460.0
1087,206+463,2612963.786,1268100.904,210.553,206463.0
1089,206+466,2612965.531,1268098.464,210.495,206466.0
1091,206+469,2612967.285,1268096.03,210.437,206469.0
1093,206+472,2612969.048,1268093.603,210.381,206472.0
1095,206+475,2612970.82,1268091.182,210.325,206475.0
1097,206+478,2612972.601,1268088.768,210.27,206478.0
1099,206+481,2612974.39,1268086.36,210.216,206481.0
1101,206+484,2612976.188,1268083.958,210.162,206484.0
1103,206+487,2612977.995,1268081.563,210.109,206487.0
1105,206+490,2612979.81,1268079.175,210.057,206490.0
1107,206+493,2612981.634,1268076.793,210.005,206493.0
1109,206+496,2612983.467,1268074.418,209.954,206496.0
1111,206+499,2612985.308,1268072.049,209.904,206499.0
1113,206+502,2612987.158,1268069.687,209.855,206502.0
1115,206+505,2612989.016,1268067.332,209.806,206505.0
1117,206+508,2612990.882,1268064.984,209.758,206508.0
1119,206+511,2612992.758,1268062.642,209.711,206511.0
1121,206+514,2612994.641,1268060.307,209.665,206514.0
1123,206+517,2612996.533,1268057.979,209.619,206517.0
1125,206+520,2612998.434,1268055.658,209.574,206520.0
1127,206+523,2613000.343,1268053.343,209.53,206523.0
1129,206+526,2613002.26,1268051.036,209.486,206526.0
1131,206+529,2613004.185,1268048.735,209.443,206529.0
1133,206+532,2613006.119,1268046.442,209.401,206532.0
1135,206+535,2613008.061,1268044.155,209.36,206535.0
1137,206+538,2613010.012,1268041.876,209.319,206538.0
1139,206+541,2613011.97,1268039.603,209.279,206541.0
1141,206+544,2613013.937,1268037.338,209.24,206544.0
1143,206+547,2613015.912,1268035.08,209.201,206547.0
1145,206+550,2613017.895,1268032.829,209.163,206550.0
1147,206+553,2613019.886,1268030.585,209.126,206553.0
1149,206+556,2613021.886,1268028.348,209.09,206556.0
1151,206+559,2613023.893,1268026.119,209.054,206559.0
1153,206+562,2613025.908,1268023.896,209.019,206562.0
1155,206+565,2613027.932,1268021.682,208.985,206565.0
1157,206+568,2613029.963,1268019.474,208.952,206568.0
1159,206+571,2613032.003,1268017.274,208.919,206571.0
1161,206+574,2613034.05,1268015.081,208.887,206574.0
1163,206+577,2613036.105,1268012.896,208.856,206577.0
1165,206+580,2613038.168,1268010.718,208.825,206580.0
1167,206+583,2613040.239,1268008.547,208.795,206583.0
1169,206+586,2613042.318,1268006.384,208.766,206586.0
1171,206+589,2613044.405,1268004.229,208.737,206589.0
1173,206+592,2613046.499,1268002.081,208.71,206592.0
1175,206+595,2613048.602,1267999.941,208.683,206595.0
1177,206+598,2613050.711,1267997.808,208.656,206598.0
1179,206+601,2613052.829,1267995.683,208.631,206601.0
1181,206+604,2613054.954,1267993.566,208.606,206604.0
1183,206+607,2613057.087,1267991.456,208.582,206607.0
1185,206+610,2613059.228,1267989.354,208.558,206610.0
1187,206+613,2613061.376,1267987.26,208.536,206613.0
1189,206+616,2613063.531,1267985.173,208.514,206616.0
1191,206+619,2613065.695,1267983.095,208.493,206619.0
1193,206+622,2613067.865,1267981.024,208.472,206622.0
1195,206+625,2613070.043,1267978.961,208.452,206625.0
1197,206+628,2613072.229,1267976.906,208.433,206628.0
1199,206+631,2613074.422,1267974.859,208.415,206631.0
1201,206+634,2613076.622,1267972.82,208.397,206634.0
1203,206+637,2613078.83,1267970.788,208.38,206637.0
1205,206+640,2613081.045,1267968.765,208.364,206640.0
1207,206+643,2613083.268,1267966.75,208.348,206643.0
1209,206+643.615,2613083.724,1267966.338,208.345,206643.615
1211,206+646,2613085.497,1267964.743,208.333,206646.0
1213,206+649,2613087.734,1267962.744,208.319,206649.0
1215,206+652,2613089.978,1267960.753,208.304,206652.0
1217,206+655,2613092.229,1267958.77,208.289,206655.0
1219,206+658,2613094.488,1267956.795,208.274,206658.0
1221,206+661,2613096.753,1267954.828,208.259,206661.0
1223,206+664,2613099.026,1267952.87,208.244,206664.0
1225,206+667,2613101.306,1267950.92,208.229,206667.0
1227,206+670,2613103.592,1267948.978,208.214,206670.0
1229,206+673,2613105.886,1267947.045,208.199,206673.0
1231,206+676,2613108.187,1267945.119,208.184,206676.0
1233,206+679,2613110.494,1267943.202,208.169,206679.0
1235,206+682,2613112.809,1267941.294,208.154,206682.0
1237,206+685,2613115.13,1267939.394,208.139,206685.0
1239,206+688,2613117.459,1267937.502,208.124,206688.0
1241,206+691,2613119.794,1267935.618,208.109,206691.0
1243,206+694,2613122.136,1267933.743,208.094,206694.0
1245,206+697,2613124.484,1267931.877,208.079,206697.0
1247,206+700,2613126.84,1267930.019,208.064,206700.0
1249,206+703,2613129.202,1267928.17,208.049,206703.0
1251,206+706,2613131.571,1267926.329,208.034,206706.0
1253,206+709,2613133.946,1267924.496,208.019,206709.0
1255,206+712,2613136.328,1267922.672,208.004,206712.0
1257,206+715,2613138.717,1267920.857,207.989,206715.0
1259,206+718,2613141.112,1267919.051,207.974,206718.0
1261,206+721,2613143.514,1267917.253,207.959,206721.0
1263,206+724,2613145.922,1267915.464,207.944,206724.0
1265,206+727,2613148.336,1267913.684,207.929,206727.0
1267,206+730,2613150.757,1267911.912,207.914,206730.0
1269,206+733,2613153.185,1267910.149,207.899,206733.0
1271,206+736,2613155.619,1267908.395,207.884,206736.0
1273,206+739,2613158.059,1267906.65,207.869,206739.0
1275,206+742,2613160.505,1267904.913,207.854,206742.0
1277,206+745,2613162.958,1267903.186,207.839,206745.0
1279,206+748,2613165.416,1267901.467,207.824,206748.0
1281,206+751,2613167.882,1267899.757,207.809,206751.0
1283,206+754,2613170.353,1267898.056,207.794,206754.0
1285,206+757,2613172.83,1267896.364,207.779,206757.0
1287,206+760,2613175.314,1267894.682,207.764,206760.0
1289,206+763,2613177.803,1267893.008,207.749,206763.0
1291,206+766,2613180.299,1267891.342,207.734,206766.0
1293,206+769,2613182.8,1267889.686,207.719,206769.0
1295,206+772,2613185.308,1267888.04,207.705,206772.0
1297,206+775,2613187.821,1267886.402,207.69,206775.0
1299,206+778,2613190.341,1267884.773,207.675,206778.0
1301,206+781,2613192.866,1267883.153,207.66,206781.0
1303,206+784,2613195.397,1267881.543,207.645,206784.0
1305,206+785.027,2613196.264,1267880.994,207.639,206785.027
1307,206+787,2613197.934,1267879.941,207.63,206787.0
1309,206+790,2613200.477,1267878.349,207.615,206790.0
1311,206+793,2613203.025,1267876.766,207.6,206793.0
1313,206+796,2613205.578,1267875.191,207.585,206796.0
1315,206+799,2613208.137,1267873.625,207.57,206799.0
1317,206+802,2613210.701,1267872.067,207.555,206802.0
1319,206+805,2613213.27,1267870.518,207.54,206805.0
1321,206+805.402,2613213.614,1267870.311,207.538,206805.402
1323,206+808,2613215.843,1267868.976,207.525,206808.0
1325,206+811,2613218.422,1267867.443,207.511,206811.0
1327,206+814,2613221.005,1267865.917,207.497,206814.0
1329,206+817,2613223.592,1267864.398,207.484,206817.0
1331,206+820,2613226.184,1267862.887,207.472,206820.0
1333,206+823,2613228.78,1267861.383,207.46,206823.0
1335,206+826,2613231.379,1267859.886,207.449,206826.0
1337,206+829,2613233.983,1267858.396,207.439,206829.0
1339,206+832,2613236.59,1267856.912,207.429,206832.0
1341,206+835,2613239.202,1267855.435,207.419,206835.0
1343,206+838,2613241.816,1267853.964,207.41,206838.0
1345,206+841,2613244.434,1267852.5,207.402,206841.0
1347,206+844,2613247.056,1267851.041,207.395,206844.0
1349,206+847,2613249.68,1267849.587,207.388,206847.0
1351,206+850,2613252.308,1267848.14,207.382,206850.0
1353,206+853,2613254.938,1267846.697,207.376,206853.0
1355,206+856,2613257.572,1267845.26,207.371,206856.0
1357,206+859,2613260.208,1267843.828,207.366,206859.0
1359,206+862,2613262.846,1267842.4,207.362,206862.0
1361,206+865,2613265.487,1267840.977,207.359,206865.0
1363,206+868,2613268.13,1267839.558,207.356,206868.0
1365,206+871,2613270.776,1267838.144,207.354,206871.0
1367,206+874,2613273.424,1267836.733,207.352,206874.0
1369,206+877,2613276.074,1267835.327,207.351,206877.0
1371,206+880,2613278.725,1267833.924,207.351,206880.0
1373,206+883,2613281.379,1267832.524,207.351,206883.0
1375,206+886,2613284.034,1267831.127,207.352,206886.0
1377,206+889,2613286.691,1267829.734,207.354,206889.0
1379,206+892,2613289.349,1267828.343,207.356,206892.0
1381,206+895,2613292.009,1267826.956,207.358,206895.0
1383,206+898,2613294.67,1267825.57,207.362,206898.0
1385,206+901,2613297.332,1267824.187,207.366,206901.0
1387,206+904,2613299.995,1267822.806,207.37,206904.0
1389,206+907,2613302.659,1267821.426,207.375,206907.0
1391,206+910,2613305.324,1267820.049,207.381,206910.0
1393,206+913,2613307.99,1267818.673,207.387,206913.0
1395,206+916,2613310.656,1267817.298,207.394,206916.0
1397,206+919,2613313.323,1267815.924,207.401,206919.0
1399,206+922,2613315.99,1267814.551,207.409,206922.0
1401,206+925,2613318.658,1267813.179,207.418,206925.0
1403,206+928,2613321.326,1267811.807,207.427,206928.0
1405,206+931,2613323.994,1267810.436,207.437,206931.0
1407,206+932.617,2613325.432,1267809.697,207.443,206932.617
1409,206+934,2613326.663,1267809.065,207.448,206934.0
1411,206+937,2613329.331,1267807.693,207.459,206937.0
1413,206+940,2613331.999,1267806.322,207.47,206940.0
1415,206+943,2613334.668,1267804.951,207.483,206943.0
1417,206+946,2613337.336,1267803.58,207.496,206946.0
1419,206+949,2613340.004,1267802.208,207.509,206949.0
1421,206+952,2613342.672,1267800.837,207.523,206952.0
1423,206+955,2613345.341,1267799.466,207.538,206955.0
1425,206+958,2613348.009,1267798.095,207.553,206958.0
1427,206+961,2613350.677,1267796.723,207.569,206961.0
1429,206+964,2613353.345,1267795.352,207.585,206964.0
1431,206+967,2613356.014,1267793.981,207.603,206967.0
1433,206+970,2613358.682,1267792.61,207.62,206970.0
1435,206+973,2613361.35,1267791.238,207.638,206973.0
1437,206+976,2613364.018,1267789.867,207.657,206976.0
1439,206+979,2613366.687,1267788.496,207.677,206979.0
1441,206+982,2613369.355,1267787.124,207.697,206982.0
1443,206+985,2613372.023,1267785.753,207.718,206985.0
1445,206+988,2613374.692,1267784.382,207.739,206988.0
1447,206+991,2613377.36,1267783.011,207.761,206991.0
1449,206+994,2613380.028,1267781.639,207.783,206994.0
1451,206+997,2613382.696,1267780.268,207.806,206997.0
1453,207+000,2613385.364,1267778.897,207.83,207000.0
1455,207+003,2613388.033,1267777.526,207.854,207003.0
1457,207+006,2613390.701,1267776.154,207.879,207006.0
1459,207+009,2613393.369,1267774.783,207.905,207009.0
1461,207+012,2613396.038,1267773.412,207.931,207012.0
1463,207+015,2613398.706,1267772.04,207.957,207015.0
1465,207+018,2613401.374,1267770.669,207.985,207018.0
1467,207+021,2613404.042,1267769.298,208.013,207021.0
1469,207+024,2613406.711,1267767.927,208.041,207024.0
1471,207+027,2613409.379,1267766.555,208.07,207027.0
1473,207+030,2613412.047,1267765.184,208.1,207030.0
1475,207+033,2613414.715,1267763.813,208.13,207033.0
1477,207+036,2613417.384,1267762.442,208.161,207036.0
1479,207+039,2613420.052,1267761.07,208.193,207039.0
1481,207+042,2613422.72,1267759.699,208.225,207042.0
1483,207+045,2613425.388,1267758.328,208.257,207045.0
1485,207+048,2613428.057,1267756.956,208.291,207048.0
1487,207+051,2613430.725,1267755.585,208.325,207051.0
1489,207+054,2613433.393,1267754.214,208.359,207054.0
1491,207+057,2613436.062,1267752.843,208.394,207057.0
1493,207+060,2613438.73,1267751.472,208.43,207060.0
1495,207+063,2613441.398,1267750.1,208.466,207063.0
1497,207+066,2613444.066,1267748.729,208.503,207066.0
1499,207+069,2613446.735,1267747.358,208.541,207069.0
1501,207+072,2613449.403,1267745.986,208.579,207072.0
1503,207+075,2613452.071,1267744.615,208.617,207075.0
1505,207+078,2613454.739,1267743.244,208.657,207078.0
1507,207+081,2613457.408,1267741.873,208.697,207081.0
1509,207+084,2613460.076,1267740.501,208.737,207084.0
1511,207+087,2613462.744,1267739.13,208.778,207087.0
1513,207+090,2613465.412,1267737.759,208.82,207090.0
1515,207+093,2613468.081,1267736.388,208.862,207093.0
1517,207+096,2613470.749,1267735.016,208.905,207096.0
1519,207+099,2613473.417,1267733.645,208.949,207099.0
1521,207+102,2613476.086,1267732.274,208.993,207102.0
1523,207+105,2613478.754,1267730.902,209.038,207105.0
1525,207+108,2613481.422,1267729.531,209.083,207108.0
1527,207+111,2613484.09,1267728.16,209.129,207111.0
1529,207+114,2613486.758,1267726.789,209.175,207114.0
1531,207+117,2613489.427,1267725.417,209.222,207117.0
1533,207+120,2613492.095,1267724.046,209.27,207120.0
1535,207+123,2613494.763,1267722.675,209.318,207123.0
1537,207+126,2613497.432,1267721.304,209.367,207126.0
1539,207+129,2613500.1,1267719.932,209.417,207129.0
1541,207+132,2613502.768,1267718.561,209.467,207132.0
1543,207+135,2613505.436,1267717.19,209.518,207135.0
1545,207+138,2613508.105,1267715.818,209.569,207138.0
1547,207+141,2613510.773,1267714.447,209.621,207141.0
1549,207+144,2613513.441,1267713.076,209.673,207144.0
1551,207+147,2613516.109,1267711.705,209.727,207147.0
1553,207+150,2613518.778,1267710.333,209.78,207150.0
1555,207+153,2613521.446,1267708.962,209.835,207153.0
1557,207+156,2613524.114,1267707.591,209.89,207156.0
1559,207+159,2613526.782,1267706.22,209.945,207159.0
1561,207+162,2613529.451,1267704.848,210.001,207162.0
1563,207+165,2613532.119,1267703.477,210.058,207165.0
1565,207+165.384,2613532.461,1267703.301,210.065,207165.384
1567,207+168,2613534.787,1267702.106,210.115,207168.0
1569,207+171,2613537.456,1267700.734,210.172,207171.0
1571,207+174,2613540.124,1267699.363,210.229,207174.0
1573,207+177,2613542.792,1267697.992,210.286,207177.0
1575,207+180,2613545.46,1267696.621,210.343,207180.0
1577,207+183,2613548.129,1267695.25,210.4,207183.0
1579,207+186,2613550.797,1267693.878,210.458,207186.0
1581,207+189,2613553.465,1267692.507,210.515,207189.0
1583,207+192,2613556.133,1267691.136,210.572,207192.0
1585,207+195,2613558.802,1267689.764,210.629,207195.0
1587,207+198,2613561.47,1267688.393,210.686,207198.0
1589,207+201,2613564.138,1267687.022,210.743,207201.0
1591,207+204,2613566.806,1267685.651,210.8,207204.0
1593,207+207,2613569.475,1267684.279,210.857,207207.0
1595,207+210,2613572.143,1267682.908,210.914,207210.0
1597,207+213,2613574.811,1267681.537,210.972,207213.0
1599,207+216,2613577.479,1267680.166,211.029,207216.0
1601,207+219,2613580.148,1267678.794,211.086,207219.0
1603,207+222,2613582.816,1267677.423,211.143,207222.0
1605,207+225,2613585.484,1267676.052,211.2,207225.0
1607,207+228,2613588.152,1267674.68,211.257,207228.0
1609,207+231,2613590.821,1267673.309,211.314,207231.0
1611,207+234,2613593.489,1267671.938,211.371,207234.0
1613,207+237,2613596.157,1267670.567,211.428,207237.0
1615,207+240,2613598.826,1267669.195,211.485,207240.0
1617,207+243,2613601.494,1267667.824,211.543,207243.0
1619,207+246,2613604.162,1267666.453,211.6,207246.0
1621,207+249,2613606.83,1267665.082,211.657,207249.0
1623,207+252,2613609.499,1267663.71,211.714,207252.0
1625,207+255,2613612.167,1267662.339,211.771,207255.0
1627,207+258,2613614.835,1267660.968,211.828,207258.0
1629,207+261,2613617.503,1267659.596,211.885,207261.0
1631,207+264,2613620.172,1267658.225,211.942,207264.0
1633,207+267,2613622.84,1267656.854,211.999,207267.0
1635,207+270,2613625.508,1267655.483,212.056,207270.0
1637,207+273,2613628.176,1267654.111,212.114,207273.0
1639,207+276,2613630.845,1267652.74,212.171,207276.0
1641,207+279,2613633.513,1267651.369,212.228,207279.0
1643,207+282,2613636.181,1267649.998,212.285,207282.0
1645,207+285,2613638.85,1267648.626,212.342,207285.0
1647,207+288,2613641.518,1267647.255,212.399,207288.0
1649,207+291,2613644.186,1267645.884,212.456,207291.0
1651,207+294,2613646.854,1267644.513,212.513,207294.0
1653,207+297,2613649.522,1267643.141,212.57,207297.0
1655,207+300,2613652.191,1267641.77,212.627,207300.0
1657,207+303,2613654.859,1267640.399,212.685,207303.0
1659,207+306,2613657.527,1267639.028,212.742,207306.0
1661,207+309,2613660.196,1267637.656,212.799,207309.0
1663,207+312,2613662.864,1267636.285,212.856,207312.0
1665,207+315,2613665.532,1267634.914,212.913,207315.0
1667,207+318,2613668.2,1267633.542,212.97,207318.0
1669,207+321,2613670.869,1267632.171,213.027,207321.0
1671,207+324,2613673.537,1267630.8,213.084,207324.0
1673,207+327,2613676.205,1267629.429,213.141,207327.0
1675,207+330,2613678.873,1267628.057,213.198,207330.0
1677,207+333,2613681.542,1267626.686,213.256,207333.0
1679,207+336,2613684.21,1267625.315,213.313,207336.0
1681,207+339,2613686.878,1267623.944,213.37,207339.0
1683,207+342,2613689.546,1267622.572,213.427,207342.0
1685,207+345,2613692.215,1267621.201,213.484,207345.0
1687,207+348,2613694.883,1267619.83,213.541,207348.0
1689,207+351,2613697.551,1267618.458,213.598,207351.0
1691,207+354,2613700.22,1267617.087,213.655,207354.0
1693,207+357,2613702.888,1267615.716,213.712,207357.0
1695,207+360,2613705.556,1267614.345,213.769,207360.0
1697,207+363,2613708.224,1267612.973,213.827,207363.0
1699,207+366,2613710.893,1267611.602,213.884,207366.0
1701,207+369,2613713.561,1267610.231,213.941,207369.0
1703,207+372,2613716.229,1267608.86,213.998,207372.0
1705,207+375,2613718.897,1267607.488,214.055,207375.0
1707,207+378,2613721.566,1267606.117,214.112,207378.0
1709,207+381,2613724.234,1267604.746,214.169,207381.0
1711,207+384,2613726.902,1267603.374,214.226,207384.0
1713,207+387,2613729.57,1267602.003,214.283,207387.0
1715,207+390,2613732.239,1267600.632,214.341,207390.0
1717,207+393,2613734.907,1267599.261,214.398,207393.0
1719,207+396,2613737.575,1267597.89,214.455,207396.0
1721,207+399,2613740.244,1267596.518,214.512,207399.0
1723,207+402,2613742.912,1267595.147,214.569,207402.0
1725,207+405,2613745.58,1267593.776,214.626,207405.0
1727,207+408,2613748.248,1267592.404,214.683,207408.0
1729,207+411,2613750.916,1267591.033,214.74,207411.0
1731,207+414,2613753.585,1267589.662,214.797,207414.0
1733,207+417,2613756.253,1267588.291,214.854,207417.0
1735,207+420,2613758.921,1267586.919,214.912,207420.0
1737,207+423,2613761.59,1267585.548,214.969,207423.0
1739,207+426,2613764.258,1267584.177,215.026,207426.0
1741,207+429,2613766.926,1267582.806,215.083,207429.0
1743,207+432,2613769.594,1267581.434,215.14,207432.0
1745,207+435,2613772.263,1267580.063,215.197,207435.0
1747,207+438,2613774.931,1267578.692,215.254,207438.0
1749,207+441,2613777.599,1267577.32,215.311,207441.0
1751,207+444,2613780.267,1267575.949,215.368,207444.0
1753,207+447,2613782.936,1267574.578,215.425,207447.0
1755,207+450,2613785.604,1267573.207,215.483,207450.0
1757,207+453,2613788.272,1267571.835,215.54,207453.0
1759,207+456,2613790.94,1267570.464,215.597,207456.0
1761,207+459,2613793.609,1267569.093,215.654,207459.0
1763,207+462,2613796.277,1267567.722,215.711,207462.0
1765,207+465,2613798.945,1267566.35,215.768,207465.0
1767,207+468,2613801.614,1267564.979,215.825,207468.0
1769,207+471,2613804.282,1267563.608,215.882,207471.0
1771,207+474,2613806.95,1267562.236,215.939,207474.0
1773,207+477,2613809.618,1267560.865,215.996,207477.0
1775,207+480,2613812.286,1267559.494,216.054,207480.0
1777,207+483,2613814.955,1267558.123,216.111,207483.0
1779,207+486,2613817.623,1267556.751,216.168,207486.0
1781,207+489,2613820.291,1267555.38,216.225,207489.0
1783,207+492,2613822.96,1267554.009,216.282,207492.0
1785,207+495,2613825.628,1267552.638,216.339,207495.0
1787,207+498,2613828.296,1267551.266,216.396,207498.0
1789,207+501,2613830.964,1267549.895,216.453,207501.0
1791,207+504,2613833.633,1267548.524,216.51,207504.0
1793,207+507,2613836.301,1267547.153,216.567,207507.0
1795,207+510,2613838.969,1267545.781,216.625,207510.0
1797,207+513,2613841.637,1267544.41,216.682,207513.0
1799,207+516,2613844.306,1267543.039,216.739,207516.0
1801,207+519,2613846.974,1267541.668,216.796,207519.0
1803,207+522,2613849.642,1267540.296,216.853,207522.0
1805,207+525,2613852.31,1267538.925,216.91,207525.0
1807,207+528,2613854.979,1267537.554,216.967,207528.0
1809,207+531,2613857.647,1267536.182,217.024,207531.0
1811,207+534,2613860.315,1267534.811,217.081,207534.0
1813,207+537,2613862.984,1267533.44,217.139,207537.0
1815,207+540,2613865.652,1267532.069,217.196,207540.0
1817,207+543,2613868.32,1267530.697,217.253,207543.0
1819,207+546,2613870.988,1267529.326,217.31,207546.0
1821,207+549,2613873.657,1267527.955,217.367,207549.0
1823,207+552,2613876.325,1267526.584,217.424,207552.0
1825,207+555,2613878.993,1267525.212,217.481,207555.0
1827,207+558,2613881.661,1267523.841,217.538,207558.0
1829,207+561,2613884.33,1267522.47,217.595,207561.0
1831,207+564,2613886.998,1267521.098,217.652,207564.0
1833,207+567,2613889.666,1267519.727,217.71,207567.0
1835,207+570,2613892.334,1267518.356,217.767,207570.0
1837,207+573,2613895.003,1267516.985,217.824,207573.0
1839,207+576,2613897.671,1267515.613,217.881,207576.0
1841,207+579,2613900.339,1267514.242,217.938,207579.0
1843,207+582,2613903.008,1267512.871,217.995,207582.0
1845,207+585,2613905.676,1267511.5,218.052,207585.0
1847,207+588,2613908.344,1267510.128,218.109,207588.0
1849,207+591,2613911.012,1267508.757,218.166,207591.0
1851,207+594,2613913.68,1267507.386,218.223,207594.0
1853,207+597,2613916.349,1267506.014,218.281,207597.0
1855,207+600,2613919.017,1267504.643,218.338,207600.0
1857,207+603,2613921.685,1267503.272,218.395,207603.0
1859,207+606,2613924.354,1267501.901,218.452,207606.0
1861,207+609,2613927.022,1267500.53,218.509,207609.0
1863,207+612,2613929.69,1267499.158,218.566,207612.0
1865,207+615,2613932.358,1267497.787,218.623,207615.0
1867,207+618,2613935.027,1267496.416,218.68,207618.0
1869,207+621,2613937.695,1267495.044,218.737,207621.0
1871,207+624,2613940.363,1267493.673,218.794,207624.0
1873,207+627,2613943.031,1267492.302,218.852,207627.0
1875,207+630,2613945.7,1267490.931,218.909,207630.0
1877,207+633,2613948.368,1267489.559,218.966,207633.0
1879,207+636,2613951.036,1267488.188,219.023,207636.0
1881,207+639,2613953.704,1267486.817,219.08,207639.0
1883,207+642,2613956.373,1267485.446,219.137,207642.0
1885,207+645,2613959.041,1267484.074,219.194,207645.0
1887,207+648,2613961.709,1267482.703,219.251,207648.0
1889,207+651,2613964.378,1267481.332,219.308,207651.0
1891,207+654,2613967.046,1267479.96,219.365,207654.0
1893,207+657,2613969.714,1267478.589,219.423,207657.0
1895,207+660,2613972.382,1267477.218,219.48,207660.0
1897,207+663,2613975.051,1267475.847,219.537,207663.0
1899,207+666,2613977.719,1267474.475,219.594,207666.0
1901,207+669,2613980.387,1267473.104,219.651,207669.0
1903,207+672,2613983.055,1267471.733,219.708,207672.0
1905,207+675,2613985.724,1267470.362,219.765,207675.0
1907,207+678,2613988.392,1267468.99,219.822,207678.0
1909,207+681,2613991.06,1267467.619,219.879,207681.0
1911,207+684,2613993.728,1267466.248,219.936,207684.0
1913,207+687,2613996.397,1267464.876,219.994,207687.0
1915,207+690,2613999.065,1267463.505,220.051,207690.0
1917,207+693,2614001.733,1267462.134,220.108,207693.0
1919,207+696,2614004.401,1267460.763,220.165,207696.0
1921,207+699,2614007.07,1267459.391,220.222,207699.0
1923,207+702,2614009.738,1267458.02,220.279,207702.0
1925,207+705,2614012.406,1267456.649,220.336,207705.0
1927,207+708,2614015.074,1267455.278,220.393,207708.0
1929,207+711,2614017.743,1267453.906,220.45,207711.0
1931,207+714,2614020.411,1267452.535,220.508,207714.0
1933,207+717,2614023.079,1267451.164,220.565,207717.0
1935,207+720,2614025.748,1267449.792,220.622,207720.0
1937,207+723,2614028.416,1267448.421,220.679,207723.0
1939,207+726,2614031.084,1267447.05,220.736,207726.0
1941,207+729,2614033.752,1267445.679,220.793,207729.0
1943,207+732,2614036.421,1267444.308,220.85,207732.0
1945,207+735,2614039.089,1267442.936,220.907,207735.0
1947,207+738,2614041.757,1267441.565,220.964,207738.0
1949,207+741,2614044.425,1267440.194,221.021,207741.0
1951,207+744,2614047.094,1267438.822,221.079,207744.0
1953,207+747,2614049.762,1267437.451,221.136,207747.0
1955,207+750,2614052.43,1267436.08,221.193,207750.0
1957,207+753,2614055.098,1267434.709,221.25,207753.0
1959,207+756,2614057.767,1267433.337,221.307,207756.0
1961,207+759,2614060.435,1267431.966,221.364,207759.0
1963,207+762,2614063.103,1267430.595,221.421,207762.0
1965,207+765,2614065.772,1267429.224,221.478,207765.0
1967,207+768,2614068.44,1267427.852,221.535,207768.0
1969,207+771,2614071.108,1267426.481,221.592,207771.0
1971,207+774,2614073.776,1267425.11,221.65,207774.0
1973,207+777,2614076.444,1267423.738,221.707,207777.0
1975,207+780,2614079.113,1267422.367,221.764,207780.0
1977,207+783,2614081.781,1267420.996,221.821,207783.0
1979,207+786,2614084.449,1267419.625,221.878,207786.0
1981,207+789,2614087.118,1267418.253,221.935,207789.0
1983,207+792,2614089.786,1267416.882,221.992,207792.0
1985,207+795,2614092.454,1267415.511,222.049,207795.0
1987,207+798,2614095.122,1267414.14,222.106,207798.0
1989,207+801,2614097.791,1267412.768,222.163,207801.0
1991,207+804,2614100.459,1267411.397,222.221,207804.0
1993,207+807,2614103.127,1267410.026,222.278,207807.0
1995,207+810,2614105.795,1267408.654,222.335,207810.0
1997,207+813,2614108.464,1267407.283,222.392,207813.0
1999,207+816,2614111.132,1267405.912,222.449,207816.0
2001,207+819,2614113.8,1267404.541,222.506,207819.0
2003,207+822,2614116.468,1267403.169,222.563,207822.0
2005,207+825,2614119.137,1267401.798,222.62,207825.0
2007,207+828,2614121.805,1267400.427,222.677,207828.0
2009,207+830.393,2614123.934,1267399.333,222.723,207830.393
2011,207+831,2614124.473,1267399.056,222.734,207831.0
2013,207+834,2614127.142,1267397.684,222.792,207834.0
2015,207+837,2614129.81,1267396.313,222.849,207837.0
2017,207+840,2614132.478,1267394.941,222.906,207840.0
2019,207+843,2614135.145,1267393.569,222.963,207843.0
2021,207+846,2614137.813,1267392.196,223.02,207846.0
2023,207+849,2614140.48,1267390.822,223.077,207849.0
2025,207+852,2614143.146,1267389.447,223.134,207852.0
2027,207+855,2614145.812,1267388.072,223.191,207855.0
2029,207+858,2614148.478,1267386.695,223.248,207858.0
2031,207+861,2614151.142,1267385.316,223.305,207861.0
2033,207+864,2614153.806,1267383.937,223.363,207864.0
2035,207+867,2614156.469,1267382.555,223.42,207867.0
2037,207+870,2614159.131,1267381.172,223.477,207870.0
2039,207+873,2614161.792,1267379.786,223.534,207873.0
2041,207+876,2614164.452,1267378.399,223.591,207876.0
2043,207+879,2614167.11,1267377.009,223.648,207879.0
2045,207+882,2614169.768,1267375.617,223.705,207882.0
2047,207+885,2614172.424,1267374.222,223.762,207885.0
2049,207+888,2614175.079,1267372.825,223.819,207888.0
2051,207+891,2614177.732,1267371.424,223.877,207891.0
2053,207+894,2614180.383,1267370.021,223.934,207894.0
2055,207+897,2614183.033,1267368.615,223.991,207897.0
2057,207+900,2614185.681,1267367.205,224.048,207900.0
2059,207+903,2614188.328,1267365.792,224.105,207903.0
2061,207+906,2614190.972,1267364.375,224.162,207906.0
2063,207+909,2614193.614,1267362.954,224.219,207909.0
2065,207+912,2614196.254,1267361.53,224.276,207912.0
2067,207+915,2614198.892,1267360.101,224.333,207915.0
2069,207+918,2614201.528,1267358.668,224.39,207918.0
2071,207+921,2614204.162,1267357.231,224.448,207921.0
2073,207+924,2614206.793,1267355.79,224.505,207924.0
2075,207+927,2614209.421,1267354.344,224.562,207927.0
2077,207+930,2614212.047,1267352.893,224.619,207930.0
2079,207+933,2614214.67,1267351.437,224.676,207933.0
2081,207+936,2614217.29,1267349.976,224.733,207936.0
2083,207+939,2614219.908,1267348.51,224.79,207939.0
2085,207+942,2614222.522,1267347.039,224.847,207942.0
2087,207+945,2614225.133,1267345.562,224.904,207945.0
2089,207+948,2614227.742,1267344.079,224.961,207948.0
2091,207+951,2614230.346,1267342.591,225.019,207951.0
2093,207+954,2614232.948,1267341.097,225.076,207954.0
2095,207+957,2614235.546,1267339.597,225.133,207957.0
2097,207+960,2614238.14,1267338.091,225.19,207960.0
2099,207+963,2614240.731,1267336.578,225.247,207963.0
2101,207+966,2614243.318,1267335.059,225.304,207966.0
2103,207+969,2614245.901,1267333.534,225.361,207969.0
2105,207+972,2614248.48,1267332.001,225.418,207972.0
2107,207+975,2614251.056,1267330.462,225.475,207975.0
2109,207+978,2614253.626,1267328.916,225.532,207978.0
2111,207+981,2614256.193,1267327.363,225.59,207981.0
2113,207+984,2614258.755,1267325.803,225.647,207984.0
2115,207+987,2614261.313,1267324.235,225.704,207987.0
2117,207+987.256,2614261.531,1267324.1,225.709,207987.256
2119,207+990,2614263.866,1267322.66,225.761,207990.0
2121,207+993,2614266.414,1267321.077,225.818,207993.0
2123,207+996,2614268.958,1267319.486,225.875,207996.0
2125,207+999,2614271.497,1267317.889,225.932,207999.0
2127,208+002,2614274.032,1267316.284,225.989,208002.0
2129,208+005,2614276.562,1267314.671,226.046,208005.0
2131,208+008,2614279.086,1267313.051,226.103,208008.0
2133,208+011,2614281.607,1267311.423,226.161,208011.0
2135,208+014,2614284.122,1267309.788,226.218,208014.0
2137,208+017,2614286.632,1267308.146,226.275,208017.0
2139,208+020,2614289.138,1267306.496,226.332,208020.0
2141,208+023,2614291.639,1267304.839,226.389,208023.0
2143,208+026,2614294.135,1267303.175,226.446,208026.0
2145,208+029,2614296.626,1267301.503,226.503,208029.0
2147,208+032,2614299.112,1267299.824,226.56,208032.0
2149,208+035,2614301.593,1267298.138,226.617,208035.0
2151,208+035.134,2614301.704,1267298.062,226.62,208035.134
2153,208+038,2614304.069,1267296.444,226.675,208038.0
2155,208+041,2614306.541,1267294.743,226.734,208041.0
2157,208+044,2614309.007,1267293.035,226.794,208044.0
2159,208+047,2614311.468,1267291.319,226.855,208047.0
2161,208+050,2614313.924,1267289.597,226.918,208050.0
2163,208+053,2614316.375,1267287.867,226.981,208053.0
2165,208+056,2614318.821,1267286.13,227.046,208056.0
2167,208+059,2614321.262,1267284.386,227.112,208059.0
2169,208+062,2614323.697,1267282.634,227.18,208062.0
2171,208+065,2614326.128,1267280.875,227.248,208065.0
2173,208+068,2614328.553,1267279.11,227.318,208068.0
2175,208+071,2614330.973,1267277.337,227.389,208071.0
2177,208+074,2614333.388,1267275.557,227.461,208074.0
2179,208+077,2614335.798,1267273.77,227.534,208077.0
2181,208+080,2614338.202,1267271.976,227.608,208080.0
2183,208+083,2614340.601,1267270.174,227.684,208083.0
2185,208+086,2614342.995,1267268.366,227.761,208086.0
2187,208+089,2614345.384,1267266.551,227.839,208089.0
2189,208+092,2614347.767,1267264.728,227.918,208092.0
2191,208+095,2614350.144,1267262.899,227.999,208095.0
2193,208+098,2614352.517,1267261.063,228.08,208098.0
2195,208+101,2614354.884,1267259.22,228.163,208101.0
2197,208+104,2614357.245,1267257.369,228.247,208104.0
2199,208+107,2614359.601,1267255.512,228.333,208107.0
2201,208+110,2614361.952,1267253.648,228.419,208110.0
2203,208+113,2614364.297,1267251.777,228.507,208113.0
2205,208+116,2614366.636,1267249.899,228.596,208116.0
2207,208+119,2614368.97,1267248.014,228.686,208119.0
2209,208+122,2614371.299,1267246.123,228.777,208122.0
2211,208+125,2614373.622,1267244.224,228.87,208125.0
2213,208+128,2614375.939,1267242.319,228.963,208128.0
2215,208+131,2614378.251,1267240.407,229.058,208131.0
2217,208+134,2614380.557,1267238.488,229.154,208134.0
2219,208+137,2614382.857,1267236.563,229.252,208137.0
2221,208+140,2614385.152,1267234.63,229.35,208140.0
2223,208+143,2614387.441,1267232.691,229.45,208143.0
2225,208+146,2614389.724,1267230.745,229.551,208146.0
2227,208+149,2614392.002,1267228.793,229.653,208149.0
2229,208+152,2614394.274,1267226.833,229.756,208152.0
2231,208+155,2614396.54,1267224.867,229.861,208155.0
2233,208+158,2614398.8,1267222.895,229.966,208158.0
2235,208+161,2614401.055,1267220.916,230.073,208161.0
2237,208+164,2614403.303,1267218.93,230.181,208164.0
2239,208+167,2614405.546,1267216.937,230.291,208167.0
2241,208+170,2614407.783,1267214.938,230.401,208170.0
2243,208+173,2614410.014,1267212.933,230.513,208173.0
2245,208+176,2614412.239,1267210.92,230.626,208176.0
2247,208+179,2614414.458,1267208.902,230.74,208179.0
2249,208+182,2614416.672,1267206.876,230.855,208182.0
2251,208+185,2614418.879,1267204.845,230.972,208185.0
2253,208+188,2614421.08,1267202.806,231.09,208188.0
2255,208+191,2614423.275,1267200.762,231.209,208191.0
2257,208+194,2614425.465,1267198.711,231.329,208194.0
2259,208+197,2614427.648,1267196.653,231.45,208197.0
2261,208+200,2614429.825,1267194.589,231.573,208200.0
2263,208+203,2614431.996,1267192.519,231.696,208203.0
2265,208+206,2614434.161,1267190.442,231.821,208206.0
2267,208+209,2614436.32,1267188.359,231.948,208209.0
2269,208+212,2614438.473,1267186.27,232.075,208212.0
2271,208+215,2614440.619,1267184.174,232.203,208215.0
2273,208+218,2614442.76,1267182.072,232.333,208218.0
2275,208+221,2614444.894,1267179.963,232.464,208221.0
2277,208+224,2614447.022,1267177.849,232.596,208224.0
2279,208+227,2614449.144,1267175.728,232.73,208227.0
2281,208+230,2614451.259,1267173.601,232.864,208230.0
2283,208+233,2614453.368,1267171.468,233.0,208233.0
2285,208+236,2614455.472,1267169.328,233.137,208236.0
2287,208+239,2614457.568,1267167.182,233.275,208239.0
2289,208+242,2614459.658,1267165.03,233.414,208242.0
2291,208+245,2614461.742,1267162.872,233.555,208245.0
2293,208+248,2614463.82,1267160.708,233.697,208248.0
2295,208+251,2614465.891,1267158.538,233.84,208251.0
2297,208+254,2614467.956,1267156.362,233.984,208254.0
2299,208+257,2614470.015,1267154.18,234.129,208257.0
2301,208+260,2614472.067,1267151.991,234.276,208260.0
2303,208+263,2614474.112,1267149.797,234.424,208263.0
2305,208+266,2614476.152,1267147.596,234.573,208266.0
2307,208+267.358,2614477.072,1267146.599,234.64,208267.358
2309,208+269,2614478.184,1267145.39,234.723,208269.0
2311,208+272,2614480.21,1267143.178,234.873,208272.0
2313,208+275,2614482.23,1267140.959,235.023,208275.0
2315,208+278,2614484.243,1267138.735,235.173,208278.0
2317,208+281,2614486.25,1267136.505,235.323,208281.0
2319,208+284,2614488.25,1267134.269,235.473,208284.0
2321,208+287,2614490.243,1267132.027,235.623,208287.0
2323,208+287.976,2614490.89,1267131.296,235.672,208287.976
2325,208+290,2614492.23,1267129.779,235.774,208290.0
2327,208+293,2614494.21,1267127.525,235.924,208293.0
2329,208+296,2614496.183,1267125.265,236.074,208296.0
2331,208+299,2614498.149,1267123.0,236.224,208299.0
2333,208+302,2614500.108,1267120.727,236.374,208302.0
2335,208+305,2614502.059,1267118.448,236.524,208305.0
2337,208+308,2614504.003,1267116.163,236.674,208308.0
2339,208+311,2614505.939,1267113.871,236.824,208311.0
2341,208+314,2614507.866,1267111.573,236.975,208314.0
2343,208+317,2614509.786,1267109.267,237.125,208317.0
2345,208+319.113,2614511.132,1267107.64,237.23,208319.113
2347,208+320,2614511.697,1267106.955,237.275,208320.0
2349,208+320.628,2614512.096,1267106.47,237.306,208320.628
2351,208+323,2614513.599,1267104.635,237.425,208323.0
2353,208+326,2614515.493,1267102.309,237.573,208326.0
2355,208+329,2614517.378,1267099.975,237.721,208329.0
2357,208+332,2614519.255,1267097.635,237.867,208332.0
2359,208+335,2614521.123,1267095.287,238.012,208335.0
2361,208+338,2614522.982,1267092.933,238.155,208338.0
2363,208+341,2614524.833,1267090.571,238.298,208341.0
2365,208+344,2614526.674,1267088.203,238.439,208344.0
2367,208+347,2614528.507,1267085.828,238.579,208347.0
2369,208+350,2614530.332,1267083.447,238.718,208350.0
2371,208+353,2614532.147,1267081.058,238.856,208353.0
2373,208+356,2614533.953,1267078.663,238.993,208356.0
2375,208+359,2614535.751,1267076.261,239.128,208359.0
2377,208+362,2614537.54,1267073.853,239.262,208362.0
2379,208+365,2614539.319,1267071.438,239.395,208365.0
2381,208+368,2614541.09,1267069.016,239.527,208368.0
2383,208+371,2614542.852,1267066.588,239.657,208371.0
2385,208+374,2614544.604,1267064.153,239.787,208374.0
2387,208+377,2614546.348,1267061.712,239.915,208377.0
2389,208+380,2614548.083,1267059.264,240.042,208380.0
2391,208+383,2614549.809,1267056.81,240.167,208383.0
2393,208+386,2614551.525,1267054.35,240.292,208386.0
2395,208+389,2614553.232,1267051.883,240.415,208389.0
2397,208+392,2614554.931,1267049.41,240.537,208392.0
2399,208+395,2614556.62,1267046.931,240.658,208395.0
2401,208+398,2614558.3,1267044.445,240.778,208398.0
2403,208+401,2614559.97,1267041.953,240.896,208401.0
2405,208+404,2614561.632,1267039.456,241.014,208404.0
2407,208+407,2614563.284,1267036.951,241.13,208407.0
2409,208+410,2614564.927,1267034.441,241.245,208410.0
2411,208+413,2614566.56,1267031.925,241.358,208413.0
2413,208+416,2614568.185,1267029.403,241.471,208416.0
2415,208+419,2614569.8,1267026.874,241.582,208419.0
2417,208+422,2614571.405,1267024.34,241.692,208422.0
2419,208+425,2614573.001,1267021.8,241.801,208425.0
2421,208+428,2614574.588,1267019.254,241.909,208428.0
2423,208+431,2614576.165,1267016.702,242.015,208431.0
2425,208+434,2614577.733,1267014.144,242.12,208434.0
2427,208+437,2614579.291,1267011.581,242.224,208437.0
2429,208+440,2614580.84,1267009.012,242.327,208440.0
2431,208+443,2614582.379,1267006.436,242.429,208443.0
2433,208+446,2614583.909,1267003.856,242.529,208446.0
2435,208+449,2614585.429,1267001.27,242.629,208449.0
2437,208+452,2614586.94,1266998.678,242.727,208452.0
2439,208+455,2614588.441,1266996.08,242.823,208455.0
2441,208+458,2614589.932,1266993.477,242.919,208458.0
2443,208+461,2614591.414,1266990.868,243.013,208461.0
2445,208+464,2614592.886,1266988.254,243.107,208464.0
2447,208+467,2614594.348,1266985.635,243.199,208467.0
2449,208+470,2614595.8,1266983.01,243.29,208470.0
2451,208+473,2614597.243,1266980.38,243.379,208473.0
2453,208+476,2614598.676,1266977.744,243.468,208476.0
2455,208+479,2614600.1,1266975.103,243.555,208479.0
2457,208+482,2614601.513,1266972.457,243.641,208482.0
2459,208+485,2614602.917,1266969.806,243.726,208485.0
2461,208+488,2614604.311,1266967.15,243.809,208488.0
2463,208+491,2614605.695,1266964.488,243.891,208491.0
2465,208+494,2614607.069,1266961.821,243.973,208494.0
2467,208+497,2614608.434,1266959.149,244.053,208497.0
2469,208+500,2614609.788,1266956.472,244.131,208500.0
2471,208+503,2614611.132,1266953.79,244.209,208503.0
2473,208+506,2614612.467,1266951.104,244.285,208506.0
2475,208+509,2614613.792,1266948.412,244.361,208509.0
2477,208+512,2614615.106,1266945.715,244.435,208512.0
2479,208+515,2614616.411,1266943.014,244.507,208515.0
2481,208+518,2614617.705,1266940.308,244.579,208518.0
2483,208+521,2614618.99,1266937.596,244.649,208521.0
2485,208+524,2614620.264,1266934.881,244.718,208524.0
2487,208+527,2614621.529,1266932.16,244.786,208527.0
2489,208+530,2614622.783,1266929.435,244.853,208530.0
2491,208+533,2614624.028,1266926.705,244.919,208533.0
2493,208+536,2614625.262,1266923.971,244.983,208536.0
2495,208+539,2614626.486,1266921.232,245.046,208539.0
2497,208+542,2614627.7,1266918.488,245.108,208542.0
2499,208+545,2614628.903,1266915.74,245.169,208545.0
2501,208+545.352,2614629.044,1266915.418,245.176,208545.352
2503,208+548,2614630.097,1266912.988,245.229,208548.0
2505,208+551,2614631.28,1266910.231,245.289,208551.0
2507,208+554,2614632.453,1266907.47,245.349,208554.0
2509,208+557,2614633.616,1266904.705,245.409,208557.0
2511,208+560,2614634.768,1266901.935,245.469,208560.0
2513,208+563,2614635.911,1266899.161,245.529,208563.0
2515,208+566,2614637.043,1266896.383,245.589,208566.0
2517,208+569,2614638.165,1266893.6,245.649,208569.0
2519,208+572,2614639.276,1266890.814,245.709,208572.0
2521,208+575,2614640.377,1266888.023,245.769,208575.0
2523,208+578,2614641.468,1266885.228,245.829,208578.0
2525,208+581,2614642.548,1266882.43,245.889,208581.0
2527,208+584,2614643.618,1266879.627,245.949,208584.0
2529,208+587,2614644.678,1266876.82,246.009,208587.0
2531,208+590,2614645.727,1266874.01,246.069,208590.0
2533,208+593,2614646.766,1266871.196,246.129,208593.0
2535,208+596,2614647.794,1266868.377,246.189,208596.0
2537,208+599,2614648.812,1266865.555,246.249,208599.0
2539,208+602,2614649.82,1266862.73,246.309,208602.0
2541,208+605,2614650.817,1266859.9,246.369,208605.0
2543,208+608,2614651.803,1266857.067,246.428,208608.0
2545,208+611,2614652.779,1266854.23,246.488,208611.0
2547,208+614,2614653.745,1266851.39,246.548,208614.0
2549,208+617,2614654.7,1266848.546,246.608,208617.0
2551,208+618.071,2614655.038,1266847.53,246.63,208618.071
2553,208+620,2614655.644,1266845.698,246.669,208620.0
2555,208+623,2614656.578,1266842.848,246.73,208623.0
2557,208+626,2614657.502,1266839.993,246.792,208626.0
2559,208+629,2614658.414,1266837.135,246.855,208629.0
2561,208+632,2614659.316,1266834.274,246.92,208632.0
2563,208+635,2614660.208,1266831.41,246.985,208635.0
2565,208+638,2614661.089,1266828.542,247.052,208638.0
2567,208+641,2614661.959,1266825.671,247.119,208641.0
2569,208+644,2614662.819,1266822.797,247.188,208644.0
2571,208+647,2614663.668,1266819.92,247.258,208647.0
2573,208+650,2614664.506,1266817.039,247.328,208650.0
2575,208+653,2614665.334,1266814.155,247.4,208653.0
2577,208+656,2614666.151,1266811.269,247.473,208656.0
2579,208+659,2614666.957,1266808.379,247.547,208659.0
2581,208+662,2614667.753,1266805.487,247.622,208662.0
2583,208+665,2614668.538,1266802.591,247.698,208665.0
2585,208+668,2614669.312,1266799.693,247.775,208668.0
2587,208+671,2614670.075,1266796.792,247.853,208671.0
2589,208+674,2614670.828,1266793.887,247.932,208674.0
2591,208+677,2614671.57,1266790.981,248.013,208677.0
2593,208+680,2614672.301,1266788.071,248.094,208680.0
2595,208+683,2614673.022,1266785.159,248.176,208683.0
2597,208+686,2614673.731,1266782.244,248.26,208686.0
2599,208+689,2614674.43,1266779.326,248.344,208689.0
2601,208+692,2614675.118,1266776.406,248.43,208692.0
2603,208+695,2614675.795,1266773.484,248.517,208695.0
2605,208+698,2614676.461,1266770.559,248.604,208698.0
2607,208+701,2614677.117,1266767.631,248.693,208701.0
2609,208+704,2614677.761,1266764.701,248.783,208704.0
2611,208+707,2614678.395,1266761.769,248.874,208707.0
2613,208+710,2614679.018,1266758.834,248.966,208710.0
2615,208+713,2614679.63,1266755.898,249.059,208713.0
2617,208+716,2614680.231,1266752.958,249.153,208716.0
2619,208+719,2614680.821,1266750.017,249.248,208719.0
2621,208+722,2614681.401,1266747.074,249.344,208722.0
2623,208+725,2614681.969,1266744.128,249.441,208725.0
2625,208+728,2614682.527,1266741.18,249.54,208728.0
2627,208+731,2614683.073,1266738.23,249.639,208731.0
2629,208+734,2614683.609,1266735.278,249.74,208734.0
2631,208+737,2614684.134,1266732.325,249.841,208737.0
2633,208+740,2614684.647,1266729.369,249.944,208740.0
2635,208+743,2614685.15,1266726.412,250.047,208743.0
2637,208+746,2614685.642,1266723.452,250.152,208746.0
2639,208+749,2614686.123,1266720.491,250.258,208749.0
2641,208+752,2614686.593,1266717.528,250.364,208752.0
2643,208+755,2614687.052,1266714.563,250.472,208755.0
2645,208+758,2614687.5,1266711.597,250.581,208758.0
2647,208+761,2614687.937,1266708.629,250.691,208761.0
2649,208+764,2614688.363,1266705.659,250.802,208764.0
2651,208+767,2614688.778,1266702.688,250.914,208767.0
2653,208+770,2614689.182,1266699.716,251.027,208770.0
2655,208+773,2614689.575,1266696.741,251.142,208773.0
2657,208+776,2614689.957,1266693.766,251.257,208776.0
2659,208+779,2614690.328,1266690.789,251.373,208779.0
2661,208+782,2614690.688,1266687.81,251.491,208782.0
2663,208+785,2614691.037,1266684.831,251.609,208785.0
2665,208+788,2614691.375,1266681.85,251.729,208788.0
2667,208+791,2614691.701,1266678.868,251.849,208791.0
2669,208+794,2614692.017,1266675.884,251.971,208794.0
2671,208+797,2614692.322,1266672.9,252.093,208797.0
2673,208+800,2614692.616,1266669.914,252.217,208800.0
2675,208+803,2614692.898,1266666.928,252.342,208803.0
2677,208+806,2614693.17,1266663.94,252.468,208806.0
2679,208+809,2614693.43,1266660.951,252.595,208809.0
2681,208+812,2614693.68,1266657.962,252.723,208812.0
2683,208+815,2614693.918,1266654.971,252.852,208815.0
2685,208+818,2614694.145,1266651.98,252.982,208818.0
2687,208+821,2614694.361,1266648.988,253.113,208821.0
2689,208+824,2614694.566,1266645.995,253.245,208824.0
2691,208+827,2614694.76,1266643.001,253.379,208827.0
2693,208+830,2614694.943,1266640.006,253.513,208830.0
2695,208+833,2614695.115,1266637.012,253.648,208833.0
2697,208+836,2614695.276,1266634.016,253.785,208836.0
2699,208+839,2614695.425,1266631.02,253.922,208839.0
2701,208+842,2614695.564,1266628.023,254.061,208842.0
2703,208+845,2614695.691,1266625.025,254.201,208845.0
2705,208+848,2614695.808,1266622.028,254.341,208848.0
2707,208+851,2614695.913,1266619.03,254.483,208851.0
2709,208+854,2614696.007,1266616.031,254.626,208854.0
2711,208+857,2614696.09,1266613.032,254.77,208857.0
2713,208+860,2614696.162,1266610.033,254.915,208860.0
2715,208+860.037,2614696.163,1266609.996,254.917,208860.037
2717,208+863,2614696.223,1266607.034,255.06,208863.0
2719,208+866,2614696.272,1266604.034,255.206,208866.0
2721,208+869,2614696.311,1266601.034,255.351,208869.0
2723,208+872,2614696.338,1266598.034,255.497,208872.0
2725,208+875,2614696.355,1266595.034,255.642,208875.0
2727,208+878,2614696.36,1266592.034,255.788,208878.0
2729,208+881,2614696.354,1266589.034,255.933,208881.0
2731,208+884,2614696.337,1266586.034,256.079,208884.0
2733,208+884.07,2614696.336,1266585.965,256.082,208884.07
2735,208+887,2614696.309,1266583.035,256.224,208887.0
2737,208+890,2614696.27,1266580.035,256.37,208890.0
2739,208+893,2614696.221,1266577.035,256.515,208893.0
2741,208+896,2614696.161,1266574.036,256.661,208896.0
2743,208+899,2614696.092,1266571.037,256.806,208899.0
2745,208+902,2614696.012,1266568.038,256.952,208902.0
2747,208+905,2614695.924,1266565.039,257.097,208905.0
2749,208+908,2614695.826,1266562.041,257.243,208908.0
2751,208+911,2614695.72,1266559.043,257.388,208911.0
2753,208+914,2614695.606,1266556.045,257.534,208914.0
2755,208+917,2614695.483,1266553.047,257.679,208917.0
2757,208+920,2614695.352,1266550.05,257.825,208920.0
2759,208+923,2614695.214,1266547.053,257.97,208923.0
2761,208+926,2614695.069,1266544.057,258.116,208926.0
2763,208+929,2614694.917,1266541.061,258.261,208929.0
2765,208+932,2614694.758,1266538.065,258.407,208932.0
2767,208+935,2614694.593,1266535.069,258.552,208935.0
2769,208+938,2614694.422,1266532.074,258.698,208938.0
2771,208+941,2614694.246,1266529.08,258.843,208941.0
2773,208+944,2614694.063,1266526.085,258.989,208944.0
2775,208+947,2614693.876,1266523.091,259.134,208947.0
2777,208+950,2614693.684,1266520.097,259.28,208950.0
2779,208+953,2614693.487,1266517.104,259.425,208953.0
2781,208+956,2614693.286,1266514.11,259.571,208956.0
2783,208+959,2614693.082,1266511.117,259.716,208959.0
2785,208+959.181,2614693.069,1266510.937,259.725,208959.181
2787,208+962,2614692.873,1266508.124,259.862,208962.0
2789,208+965,2614692.661,1266505.132,260.007,208965.0
2791,208+968,2614692.446,1266502.14,260.153,208968.0
2793,208+971,2614692.227,1266499.148,260.298,208971.0
2795,208+974,2614692.004,1266496.156,260.444,208974.0
2797,208+977,2614691.778,1266493.165,260.589,208977.0
2799,208+980,2614691.548,1266490.173,260.735,208980.0
2801,208+983,2614691.314,1266487.182,260.88,208983.0
2803,208+986,2614691.077,1266484.192,261.026,208986.0
2805,208+989,2614690.836,1266481.202,261.171,208989.0
2807,208+992,2614690.592,1266478.212,261.317,208992.0
2809,208+995,2614690.344,1266475.222,261.462,208995.0
2811,208+998,2614690.093,1266472.232,261.608,208998.0
2813,209+001,2614689.838,1266469.243,261.753,209001.0
2815,209+004,2614689.579,1266466.254,261.899,209004.0
2817,209+007,2614689.317,1266463.266,262.044,209007.0
2819,209+010,2614689.051,1266460.278,262.19,209010.0
2821,209+013,2614688.782,1266457.29,262.335,209013.0
2823,209+014.47,2614688.648,1266455.826,262.407,209014.47
2825,209+016,2614688.509,1266454.302,262.481,209016.0
2827,209+019,2614688.232,1266451.315,262.626,209019.0
2829,209+022,2614687.952,1266448.328,262.772,209022.0
2831,209+025,2614687.667,1266445.342,262.917,209025.0
2833,209+028,2614687.378,1266442.356,263.063,209028.0
2835,209+031,2614687.086,1266439.37,263.208,209031.0
2837,209+034,2614686.788,1266436.385,263.354,209034.0
2839,209+035.976,2614686.59,1266434.419,263.45,209035.976
2841,209+037,2614686.486,1266433.4,263.499,209037.0
2843,209+040,2614686.179,1266430.416,263.643,209040.0
2845,209+043,2614685.867,1266427.432,263.786,209043.0
2847,209+046,2614685.55,1266424.449,263.926,209046.0
2849,209+049,2614685.227,1266421.466,264.065,209049.0
2851,209+052,2614684.899,1266418.484,264.202,209052.0
2853,209+055,2614684.565,1266415.503,264.337,209055.0
2855,209+058,2614684.226,1266412.522,264.47,209058.0
2857,209+061,2614683.88,1266409.542,264.602,209061.0
2859,209+064,2614683.528,1266406.563,264.732,209064.0
2861,209+067,2614683.17,1266403.584,264.86,209067.0
2863,209+070,2614682.806,1266400.606,264.986,209070.0
2865,209+073,2614682.434,1266397.63,265.111,209073.0
2867,209+076,2614682.056,1266394.654,265.233,209076.0
2869,209+079,2614681.671,1266391.678,265.354,209079.0
2871,209+082,2614681.279,1266388.704,265.473,209082.0
2873,209+083.898,2614681.027,1266386.823,265.548,209083.898
2875,209+085,2614680.879,1266385.731,265.591,209085.0
2877,209+088,2614680.472,1266382.759,265.707,209088.0
2879,209+091,2614680.057,1266379.787,265.82,209091.0
2881,209+094,2614679.636,1266376.817,265.933,209094.0
2883,209+097,2614679.206,1266373.848,266.043,209097.0
2885,209+100,2614678.769,1266370.88,266.152,209100.0
2887,209+103,2614678.325,1266367.913,266.258,209103.0
2889,209+106,2614677.874,1266364.947,266.363,209106.0
2891,209+109,2614677.414,1266361.983,266.467,209109.0
2893,209+112,2614676.948,1266359.019,266.568,209112.0
2895,209+115,2614676.474,1266356.057,266.668,209115.0
2897,209+118,2614675.993,1266353.096,266.766,209118.0
2899,209+121,2614675.504,1266350.136,266.862,209121.0
2901,209+124,2614675.008,1266347.177,266.956,209124.0
2903,209+127,2614674.505,1266344.22,267.049,209127.0
2905,209+130,2614673.994,1266341.264,267.14,209130.0
2907,209+133,2614673.475,1266338.309,267.229,209133.0
2909,209+136,2614672.95,1266335.355,267.316,209136.0
2911,209+139,2614672.417,1266332.403,267.402,209139.0
2913,209+142,2614671.876,1266329.452,267.486,209142.0
2915,209+145,2614671.328,1266326.502,267.568,209145.0
2917,209+148,2614670.773,1266323.554,267.648,209148.0
2919,209+151,2614670.211,1266320.607,267.726,209151.0
2921,209+154,2614669.641,1266317.662,267.803,209154.0
2923,209+157,2614669.063,1266314.718,267.878,209157.0
2925,209+160,2614668.479,1266311.776,267.951,209160.0
2927,209+163,2614667.886,1266308.835,268.023,209163.0
2929,209+166,2614667.287,1266305.895,268.092,209166.0
2931,209+169,2614666.68,1266302.957,268.16,209169.0
2933,209+172,2614666.066,1266300.021,268.226,209172.0
2935,209+175,2614665.445,1266297.086,268.29,209175.0
2937,209+178,2614664.816,1266294.152,268.353,209178.0
2939,209+181,2614664.18,1266291.22,268.414,209181.0
2941,209+184,2614663.536,1266288.29,268.473,209184.0
2943,209+187,2614662.886,1266285.362,268.53,209187.0
2945,209+190,2614662.228,1266282.435,268.585,209190.0
2947,209+193,2614661.562,1266279.51,268.639,209193.0
2949,209+196,2614660.889,1266276.586,268.691,209196.0
2951,209+199,2614660.209,1266273.664,268.741,209199.0
2953,209+202,2614659.522,1266270.744,268.789,209202.0
2955,209+205,2614658.827,1266267.825,268.836,209205.0
2957,209+208,2614658.125,1266264.909,268.881,209208.0
2959,209+211,2614657.416,1266261.994,268.924,209211.0
2961,209+214,2614656.7,1266259.081,268.965,209214.0
2963,209+217,2614655.976,1266256.169,269.005,209217.0
2965,209+220,2614655.245,1266253.26,269.042,209220.0
2967,209+223,2614654.506,1266250.352,269.078,209223.0
2969,209+226,2614653.76,1266247.446,269.112,209226.0
2971,209+229,2614653.008,1266244.542,269.145,209229.0
2973,209+232,2614652.247,1266241.64,269.176,209232.0
2975,209+235,2614651.48,1266238.74,269.204,209235.0
2977,209+238,2614650.705,1266235.842,269.232,209238.0
2979,209+241,2614649.923,1266232.945,269.257,209241.0
2981,209+244,2614649.134,1266230.051,269.28,209244.0
2983,209+247,2614648.338,1266227.159,269.302,209247.0
2985,209+250,2614647.534,1266224.268,269.322,209250.0
2987,209+250.686,2614647.349,1266223.608,269.327,209250.686
2989,209+253,2614646.723,1266221.38,269.34,209253.0
2991,209+256,2614645.905,1266218.494,269.357,209256.0
2993,209+259,2614645.08,1266215.61,269.372,209259.0
2995,209+262,2614644.248,1266212.727,269.385,209262.0
2997,209+265,2614643.41,1266209.847,269.396,209265.0
2999,209+268,2614642.565,1266206.968,269.405,209268.0
3001,209+269.274,2614642.204,1266205.746,269.409,209269.274
3003,209+269.379,2614642.174,1266205.646,269.409,209269.379
3005,209+271,2614641.714,1266204.092,269.413,209271.0
3007,209+274,2614640.856,1266201.217,269.42,209274.0
3009,209+277,2614639.992,1266198.344,269.427,209277.0
3011,209+280,2614639.122,1266195.473,269.434,209280.0
3013,209+283,2614638.247,1266192.603,269.44,209283.0
3015,209+286,2614637.366,1266189.736,269.446,209286.0
3017,209+289,2614636.479,1266186.87,269.451,209289.0
3019,209+292,2614635.587,1266184.005,269.456,209292.0
3021,209+295,2614634.689,1266181.143,269.46,209295.0
3023,209+298,2614633.787,1266178.282,269.464,209298.0
3025,209+301,2614632.879,1266175.422,269.468,209301.0
3027,209+304,2614631.967,1266172.564,269.471,209304.0
3029,209+307,2614631.05,1266169.708,269.474,209307.0
3031,209+310,2614630.128,1266166.853,269.477,209310.0
3033,209+313,2614629.202,1266164.0,269.479,209313.0
3035,209+316,2614628.272,1266161.147,269.481,209316.0
3037,209+319,2614627.338,1266158.296,269.482,209319.0
3039,209+322,2614626.4,1266155.447,269.483,209322.0
3041,209+325,2614625.458,1266152.599,269.483,209325.0
3043,209+328,2614624.512,1266149.752,269.483,209328.0
3045,209+331,2614623.562,1266146.906,269.483,209331.0
3047,209+334,2614622.609,1266144.061,269.482,209334.0
3049,209+337,2614621.653,1266141.218,269.481,209337.0
3051,209+340,2614620.694,1266138.375,269.48,209340.0
3053,209+343,2614619.732,1266135.534,269.478,209343.0
3055,209+346,2614618.767,1266132.693,269.475,209346.0
3057,209+349,2614617.799,1266129.854,269.473,209349.0
3059,209+352,2614616.828,1266127.015,269.469,209352.0
3061,209+355,2614615.856,1266124.177,269.466,209355.0
3063,209+358,2614614.88,1266121.34,269.462,209358.0
3065,209+361,2614613.903,1266118.504,269.458,209361.0
3067,209+364,2614612.924,1266115.668,269.453,209364.0
3069,209+367,2614611.942,1266112.833,269.448,209367.0
3071,209+370,2614610.959,1266109.999,269.442,209370.0
3073,209+373,2614609.974,1266107.165,269.436,209373.0
3075,209+376,2614608.988,1266104.332,269.43,209376.0
3077,209+379,2614608.001,1266101.499,269.423,209379.0
3079,209+382,2614607.012,1266098.666,269.416,209382.0
3081,209+385,2614606.022,1266095.834,269.408,209385.0
3083,209+388,2614605.032,1266093.003,269.4,209388.0
3085,209+391,2614604.04,1266090.171,269.392,209391.0
3087,209+394,2614603.048,1266087.34,269.383,209394.0
3089,209+397,2614602.055,1266084.509,269.374,209397.0
3091,209+400,2614601.062,1266081.678,269.364,209400.0
3093,209+403,2614600.069,1266078.848,269.354,209403.0
3095,209+405.359,2614599.288,1266076.622,269.346,209405.359
3097,209+406,2614599.075,1266076.017,269.344,209406.0
3099,209+409,2614598.082,1266073.186,269.333,209409.0
3101,209+409.595,2614597.885,1266072.624,269.331,209409.595
3103,209+412,2614597.088,1266070.355,269.322,209412.0
3105,209+415,2614596.095,1266067.525,269.31,209415.0
3107,209+418,2614595.102,1266064.694,269.298,209418.0
3109,209+421,2614594.108,1266061.863,269.286,209421.0
3111,209+424,2614593.115,1266059.032,269.273,209424.0
3113,209+427,2614592.121,1266056.202,269.26,209427.0
3115,209+430,2614591.128,1266053.371,269.246,209430.0
3117,209+433,2614590.134,1266050.54,269.232,209433.0
3119,209+436,2614589.141,1266047.709,269.218,209436.0
3121,209+439,2614588.148,1266044.879,269.203,209439.0
3123,209+442,2614587.154,1266042.048,269.188,209442.0
3125,209+445,2614586.161,1266039.217,269.172,209445.0
3127,209+448,2614585.167,1266036.386,269.156,209448.0
3129,209+451,2614584.174,1266033.556,269.14,209451.0
3131,209+454,2614583.18,1266030.725,269.123,209454.0
3133,209+457,2614582.187,1266027.894,269.106,209457.0
3135,209+460,2614581.193,1266025.064,269.088,209460.0
3137,209+463,2614580.2,1266022.233,269.07,209463.0
3139,209+466,2614579.207,1266019.402,269.051,209466.0
3141,209+469,2614578.213,1266016.571,269.033,209469.0
3143,209+472,2614577.22,1266013.741,269.013,209472.0
3145,209+475,2614576.226,1266010.91,268.994,209475.0
3147,209+478,2614575.233,1266008.079,268.974,209478.0
3149,209+481,2614574.239,1266005.248,268.953,209481.0
3151,209+484,2614573.246,1266002.418,268.932,209484.0
3153,209+487,2614572.252,1265999.587,268.911,209487.0
3155,209+490,2614571.259,1265996.756,268.889,209490.0
3157,209+493,2614570.266,1265993.925,268.867,209493.0
3159,209+496,2614569.272,1265991.095,268.845,209496.0
3161,209+499,2614568.279,1265988.264,268.822,209499.0
3163,209+502,2614567.285,1265985.433,268.798,209502.0
3165,209+505,2614566.292,1265982.602,268.775,209505.0
3167,209+508,2614565.298,1265979.772,268.751,209508.0
3169,209+511,2614564.305,1265976.941,268.726,209511.0
3171,209+514,2614563.312,1265974.11,268.701,209514.0
3173,209+517,2614562.318,1265971.28,268.676,209517.0
3175,209+520,2614561.325,1265968.449,268.65,209520.0
3177,209+523,2614560.331,1265965.618,268.624,209523.0
3179,209+526,2614559.338,1265962.787,268.598,209526.0
3181,209+528.128,2614558.633,1265960.779,268.579,209528.128
0,205+490,2612478.302,1268942.806,248.992,205490.0
1,205+520,2612493.203,1268916.768,247.491,205520.0
