"Point","Type","Station","Northing","Easting","Elevation"
"","","","","",""
"0","","204+874.1","1269294.1221","2612071.5482","270.962"
"","","","","",""
"204+875","PC","204+875","1269294.7104","2612072.2293","270.975"
"","","","","",""
"204+880:1","PC","204+880","1269297.8953","2612076.0833","271.047"
"","","","","",""
"204+885:1","PC","204+885","1269300.9358","2612080.0523","271.120"
"","","","","",""
"204+890:1","PC","204+890","1269303.8276","2612084.1308","271.192"
"","","","","",""
"204+895","PC","204+895","1269306.5669","2612088.3134","271.265"
"","","","","",""
"204+900:3","PC","204+900","1269309.1498","2612092.5942","271.337"
"","","","","",""
"204+905","PC","204+905","1269311.5729","2612096.9675","271.410"
"","","","","",""
"204+910:1","PC","204+910","1269313.8329","2612101.4273","271.482"
"","","","","",""
"204+915:1","PC","204+915","1269315.9266","2612105.9675","271.555"
"","","","","",""
"204+920:1","PC","204+920","1269317.8513","2612110.5819","271.627"
"","","","","",""
"204+925","PC","204+925","1269319.6042","2612115.2643","271.700"
"","","","","",""
"BC1:2","BC","204+927.637","1269320.4619","2612117.7684","271.738"
"","","","","",""
"BC1:1","PC","204+927.647","1269320.4619","2612117.7684","271.738"
"","","","","",""
"204+930:2","PC","204+930","1269321.1831","2612120.0082","271.771"
"","","","","",""
"204+935","PC","204+935","1269322.5857","2612124.8071","271.835"
"","","","","",""
"204+940:1","PC","204+940","1269323.8101","2612129.6546","271.890"
"","","","","",""
"204+945:1","PC","204+945","1269324.8547","2612134.5439","271.935"
"","","","","",""
"204+950:1","PC","204+950","1269325.7181","2612139.4685","271.971"
"","","","","",""
"204+955","PC","204+955","1269326.3990","2612144.4217","271.999"
"","","","","",""
"204+960:2","PC","204+960","1269326.8965","2612149.3966","272.017"
"","","","","",""
"204+965","PC","204+965","1269327.2100","2612154.3864","272.026"
"","","","","",""
"204+970:1","PC","204+970","1269327.3391","2612159.3845","272.026"
"","","","","",""
"204+975:1","PC","204+975","1269327.2835","2612164.3839","272.017"
"","","","","",""
"204+980:1","PC","204+980","1269327.0433","2612169.3778","271.999"
"","","","","",""
"204+985","PC","204+985","1269326.6189","2612174.3595","271.971"
"","","","","",""
"204+990:2","PC","204+990","1269326.0108","2612179.3221","271.935"
"","","","","",""
"204+995","PC","204+995","1269325.2199","2612184.2589","271.890"
"","","","","",""
"205+000:2","PC","205+000","1269324.2472","2612189.1631","271.835"
"","","","","",""
"205+005:1","PC","205+005","1269323.0941","2612194.0280","271.771"
"","","","","",""
"205+010:1","PC","205+010","1269321.7622","2612198.8470","271.698"
"","","","","",""
"2","CS","205+014.027","1269320.5606","2612202.6903","271.633"
"","","","","",""
"205+015","SP","205+015","1269320.2530","2612203.6139","271.617"
"","","","","",""
"205+020:2","SP","205+020","1269318.5713","2612208.3223","271.526"
"","","","","",""
"205+025","SP","205+025","1269316.7266","2612212.9693","271.426"
"","","","","",""
"205+030:1","SP","205+030","1269314.7289","2612217.5527","271.316"
"","","","","",""
"205+035:1","SP","205+035","1269312.5884","2612222.0711","271.198"
"","","","","",""
"205+040:1","SP","205+040","1269310.3148","2612226.5241","271.071"
"","","","","",""
"205+045","SP","205+045","1269307.9178","2612230.9119","270.934"
"","","","","",""
"205+050:2","SP","205+050","1269305.4068","2612235.2355","270.789"
"","","","","",""
"205+055","SP","205+055","1269302.7908","2612239.4964","270.634"
"","","","","",""
"205+060:1","SP","205+060","1269300.0788","2612243.6969","270.471"
"","","","","",""
"205+065:1","SP","205+065","1269297.2719","2612247.8502","270.298"
"","","","","",""
"104","SC","205+065.013","1269297.2719","2612247.8502","270.297"
"","","","","",""
"205+070:1","PC","205+070","1269294.3994","2612251.9268","270.116"
"","","","","",""
"205+075","PC","205+075","1269291.4414","2612255.9579","269.925"
"","","","","",""
"205+080:2","PC","205+080","1269288.4065","2612259.9314","269.725"
"","","","","",""
"205+085","PC","205+085","1269285.2958","2612263.8458","269.515"
"","","","","",""
"205+090:1","PC","205+090","1269282.1103","2612267.6996","269.297"
"","","","","",""
"205+095:1","PC","205+095","1269278.8513","2612271.4915","269.070"
"","","","","",""
"205+100:2","PC","205+100","1269275.5200","2612275.2200","268.833"
"","","","","",""
"205+105","PC","205+105","1269272.1177","2612278.8837","268.588"
"","","","","",""
"205+110:2","PC","205+110","1269268.6455","2612282.4814","268.333"
"","","","","",""
"205+115","PC","205+115","1269265.1047","2612286.0116","268.069"
"","","","","",""
"205+120:1","PC","205+120","1269261.4968","2612289.4731","267.796"
"","","","","",""
"EC1:2","PC","205+125","1269257.8229","2612292.8646","267.514"
"","","","","",""
"EC1:3","EC","205+125.545","1269257.4185","2612293.2299","267.483"
"","","","","",""
"205+130:1","PC","205+130","1269254.0845","2612296.1847","267.227"
"","","","","",""
"205+135","PC","205+135","1269250.2830","2612299.4324","266.940"
"","","","","",""
"205+140:2","PC","205+140","1269246.4197","2612302.6064","266.652"
"","","","","",""
"205+145","PC","205+145","1269242.4960","2612305.7055","266.365"
"","","","","",""
"205+150:1","PC","205+150","1269238.5136","2612308.7286","266.077"
"","","","","",""
"205+155:1","PC","205+155","1269234.4737","2612311.6745","265.790"
"","","","","",""
"205+160:1","PC","205+160","1269230.3779","2612314.5422","265.502"
"","","","","",""
"105","CS","205+162.354","1269228.4306","2612315.8650","265.367"
"","","","","",""
"205+165","SP","205+165","1269226.2299","2612317.3414","265.215"
"","","","","",""
"205+170:2","SP","205+170","1269222.0398","2612320.0696","264.927"
"","","","","",""
"205+175","SP","205+175","1269217.8044","2612322.7268","264.640"
"","","","","",""
"205+180:1","SP","205+180","1269213.5289","2612325.3190","264.352"
"","","","","",""
"205+185:1","SP","205+185","1269209.2183","2612327.8524","264.065"
"","","","","",""
"205+190:1","SP","205+190","1269204.8772","2612330.3333","263.777"
"","","","","",""
"205+195","SP","205+195","1269200.5101","2612332.7680","263.490"
"","","","","",""
"205+200:3","SP","205+200","1269196.1212","2612335.1633","263.202"
"","","","","",""
"205+205","SP","205+205","1269191.7145","2612337.5259","262.915"
"","","","","",""
"205+210:1","SP","205+210","1269187.2941","2612339.8624","262.627"
"","","","","",""
"205+215:1","SP","205+215","1269182.8636","2612342.1799","262.340"
"","","","","",""
"205+220:1","SP","205+220","1269178.4267","2612344.4851","262.052"
"","","","","",""
"220","SC","205+220.619","1269177.8770","2612344.7700","262.016"
"","","","","",""
"205+225","PC","205+225","1269174.0042","2612346.8178","261.765"
"","","","","",""
"BC2:3","PC","205+230","1269169.5862","2612349.1591","261.477"
"","","","","",""
"BC2:4","BC","205+230.262","1269169.3548","2612349.2819","261.462"
"","","","","",""
"205+235","PC","205+235","1269165.1706","2612351.5048","261.190"
"","","","","",""
"205+240:1","PC","205+240","1269160.7574","2612353.8549","260.905"
"","","","","",""
"205+245:1","PC","205+245","1269156.3464","2612356.2094","260.622"
"","","","","",""
"205+250:1","PC","205+250","1269151.9379","2612358.5684","260.340"
"","","","","",""
"205+255","PC","205+255","1269147.5317","2612360.9318","260.060"
"","","","","",""
"205+260:2","PC","205+260","1269143.1279","2612363.2995","259.782"
"","","","","",""
"205+265","PC","205+265","1269138.7264","2612365.6717","259.505"
"","","","","",""
"205+270:1","PC","205+270","1269134.3273","2612368.0483","259.230"
"","","","","",""
"205+275:1","PC","205+275","1269129.9306","2612370.4292","258.957"
"","","","","",""
"205+280:1","PC","205+280","1269125.5363","2612372.8146","258.685"
"","","","","",""
"205+285","PC","205+285","1269121.1444","2612375.2043","258.415"
"","","","","",""
"205+290:2","PC","205+290","1269116.7548","2612377.5985","258.146"
"","","","","",""
"205+295","PC","205+295","1269112.3677","2612379.9970","257.880"
"","","","","",""
"205+300:2","PC","205+300","1269107.9829","2612382.3999","257.615"
"","","","","",""
"205+305:1","PC","205+305","1269103.6006","2612384.8072","257.351"
"","","","","",""
"205+310:1","PC","205+310","1269099.2207","2612387.2189","257.090"
"","","","","",""
"205+315","PC","205+315","1269094.8432","2612389.6350","256.830"
"","","","","",""
"205+320:2","PC","205+320","1269090.4681","2612392.0554","256.571"
"","","","","",""
"205+325","PC","205+325","1269086.0954","2612394.4802","256.315"
"","","","","",""
"205+330:1","PC","205+330","1269081.7251","2612396.9094","256.060"
"","","","","",""
"205+335:1","PC","205+335","1269077.3573","2612399.3430","255.806"
"","","","","",""
"205+340:1","PC","205+340","1269072.9919","2612401.7809","255.555"
"","","","","",""
"EC2:2","PC","205+342.368","1269070.9254","2612402.9370","255.436"
"","","","","",""
"EC2:3","EC","205+342.438","1269070.8643","2612402.9712","255.433"
"","","","","",""
"205+345","PC","205+345","1269068.6290","2612404.2232","255.304"
"","","","","",""
"205+350:2","PC","205+350","1269064.2685","2612406.6698","255.054"
"","","","","",""
"205+355","PC","205+355","1269059.9105","2612409.1208","254.804"
"","","","","",""
"205+360:1","PC","205+360","1269055.5549","2612411.5762","254.554"
"","","","","",""
"205+365:1","PC","205+365","1269051.2017","2612414.0359","254.304"
"","","","","",""
"205+370:1","PC","205+370","1269046.8511","2612416.5000","254.054"
"","","","","",""
"205+375","PC","205+375","1269042.5028","2612418.9684","253.804"
"","","","","",""
"205+380:2","PC","205+380","1269038.1571","2612421.4411","253.554"
"","","","","",""
"205+385","PC","205+385","1269033.8138","2612423.9183","253.304"
"","","","","",""
"221","PT","205+389.861","1269029.5935","2612426.3308","253.061"
"","","","","",""
"205+390:1","","205+390","1269029.4731","2612426.3997","253.054"
"","","","","",""
"205+395:1","","205+395","1269025.1335","2612428.8832","252.804"
"","","","","",""
"205+400:2","","205+400","1269020.7938","2612431.3667","252.554"
"","","","","",""
"205+405","","205+405","1269016.4542","2612433.8502","252.304"
"","","","","",""
"205+410:2","","205+410","1269012.1146","2612436.3337","252.054"
"","","","","",""
"205+415","","205+415","1269007.7750","2612438.8172","251.804"
"","","","","",""
"205+420:1","","205+420","1269003.4354","2612441.3007","251.554"
"","","","","",""
"205+425:1","","205+425","1268999.0958","2612443.7842","251.304"
"","","","","",""
"205+430:1","","205+430","1268994.7562","2612446.2677","251.054"
"","","","","",""
"205+435","","205+435","1268990.4165","2612448.7512","250.804"
"","","","","",""
"205+440:2","","205+440","1268986.0769","2612451.2347","250.554"
"","","","","",""
"205+445","","205+445","1268981.7373","2612453.7182","250.304"
"","","","","",""
"205+450:1","","205+450","1268977.3977","2612456.2017","250.054"
"","","","","",""
"205+455:1","","205+455","1268973.0581","2612458.6852","249.804"
"","","","","",""
"205+460:1","","205+460","1268968.7185","2612461.1687","249.554"
"","","","","",""
"205+465","","205+465","1268964.3789","2612463.6521","249.304"
"","","","","",""
"205+470:2","","205+470","1268960.0392","2612466.1356","249.054"
"","","","","",""
"205+475","","205+475","1268955.6996","2612468.6191","248.804"
"","","","","",""
"205+480:1","","205+480","1268951.3600","2612471.1026","248.554"
"","","","","",""
"205+485:1","","205+485","1268947.0204","2612473.5861","248.304"
"","","","","",""
"205+490:1","","205+490","1268942.6808","2612476.0696","248.054"
"","","","","",""
"205+495","","205+495","1268938.3412","2612478.5531","247.804"
"","","","","",""
"205+500:3","","205+500","1268934.0016","2612481.0366","247.554"
"","","","","",""
"205+505","","205+505","1268929.6620","2612483.5201","247.304"
"","","","","",""
"205+510:1","","205+510","1268925.3223","2612486.0036","247.054"
"","","","","",""
"205+515:1","","205+515","1268920.9827","2612488.4871","246.804"
"","","","","",""
"205+520:1","","205+520","1268916.6431","2612490.9706","246.554"
"","","","","",""
"205+525","","205+525","1268912.3035","2612493.4541","246.304"
"","","","","",""
"205+530:2","","205+530","1268907.9639","2612495.9376","246.054"
"","","","","",""
"205+535","","205+535","1268903.6243","2612498.4211","245.804"
"","","","","",""
"205+540:1","","205+540","1268899.2847","2612500.9046","245.554"
"","","","","",""
"205+545:1","","205+545","1268894.9450","2612503.3881","245.304"
"","","","","",""
"205+550:1","","205+550","1268890.6054","2612505.8716","245.054"
"","","","","",""
"205+555","","205+555","1268886.2658","2612508.3551","244.804"
"","","","","",""
"205+560:2","","205+560","1268881.9262","2612510.8386","244.554"
"","","","","",""
"205+565","","205+565","1268877.5866","2612513.3221","244.304"
"","","","","",""
"205+570:1","","205+570","1268873.2470","2612515.8056","244.054"
"","","","","",""
"205+575:1","","205+575","1268868.9074","2612518.2891","243.804"
"","","","","",""
"205+580:1","","205+580","1268864.5677","2612520.7726","243.554"
"","","","","",""
"205+585","","205+585","1268860.2281","2612523.2561","243.304"
"","","","","",""
"205+590:2","","205+590","1268855.8885","2612525.7396","243.054"
"","","","","",""
"205+595","","205+595","1268851.5489","2612528.2230","242.804"
"","","","","",""
"205+600:2","","205+600","1268847.2093","2612530.7065","242.554"
"","","","","",""
"205+605:1","","205+605","1268842.8697","2612533.1900","242.304"
"","","","","",""
"205+610:1","","205+610","1268838.5301","2612535.6735","242.054"
"","","","","",""
"205+615","","205+615","1268834.1904","2612538.1570","241.804"
"","","","","",""
"205+620:2","","205+620","1268829.8508","2612540.6405","241.554"
"","","","","",""
"205+625","","205+625","1268825.5112","2612543.1240","241.304"
"","","","","",""
"205+630:1","","205+630","1268821.1716","2612545.6075","241.054"
"","","","","",""
"205+635:1","","205+635","1268816.8320","2612548.0910","240.804"
"","","","","",""
"205+640:1","","205+640","1268812.4924","2612550.5745","240.554"
"","","","","",""
"205+645","","205+645","1268808.1528","2612553.0580","240.304"
"","","","","",""
"205+650:2","","205+650","1268803.8132","2612555.5415","240.054"
"","","","","",""
"205+655","","205+655","1268799.4735","2612558.0250","239.804"
"","","","","",""
"205+660:1","","205+660","1268795.1339","2612560.5085","239.554"
"","","","","",""
"205+665:1","","205+665","1268790.7943","2612562.9920","239.304"
"","","","","",""
"205+670:1","","205+670","1268786.4547","2612565.4755","239.054"
"","","","","",""
"205+675","","205+675","1268782.1151","2612567.9590","238.804"
"","","","","",""
"205+680:2","","205+680","1268777.7755","2612570.4425","238.554"
"","","","","",""
"205+685","","205+685","1268773.4359","2612572.9260","238.304"
"","","","","",""
"205+690:1","","205+690","1268769.0962","2612575.4095","238.054"
"","","","","",""
"205+695:1","","205+695","1268764.7566","2612577.8930","237.804"
"","","","","",""
"205+700:2","","205+700","1268760.4170","2612580.3765","237.554"
"","","","","",""
"205+705","","205+705","1268756.0774","2612582.8600","237.304"
"","","","","",""
"205+710:2","","205+710","1268751.7378","2612585.3435","237.054"
"","","","","",""
"205+715","","205+715","1268747.3982","2612587.8270","236.804"
"","","","","",""
"205+720:1","","205+720","1268743.0586","2612590.3105","236.554"
"","","","","",""
"205+725:1","","205+725","1268738.7189","2612592.7939","236.304"
"","","","","",""
"205+730:1","","205+730","1268734.3793","2612595.2774","236.054"
"","","","","",""
"205+735","","205+735","1268730.0397","2612597.7609","235.804"
"","","","","",""
"205+740:2","","205+740","1268725.7001","2612600.2444","235.554"
"","","","","",""
"205+745","","205+745","1268721.3605","2612602.7279","235.304"
"","","","","",""
"205+750:1","","205+750","1268717.0209","2612605.2114","235.054"
"","","","","",""
"205+755:1","","205+755","1268712.6813","2612607.6949","234.804"
"","","","","",""
"205+760:1","","205+760","1268708.3417","2612610.1784","234.554"
"","","","","",""
"205+765","","205+765","1268704.0020","2612612.6619","234.304"
"","","","","",""
"205+770:2","","205+770","1268699.6624","2612615.1454","234.054"
"","","","","",""
"205+775","","205+775","1268695.3228","2612617.6289","233.804"
"","","","","",""
"205+780:1","","205+780","1268690.9832","2612620.1124","233.554"
"","","","","",""
"205+785:1","","205+785","1268686.6436","2612622.5959","233.304"
"","","","","",""
"205+790:1","","205+790","1268682.3040","2612625.0794","233.054"
"","","","","",""
"205+795","","205+795","1268677.9644","2612627.5629","232.804"
"","","","","",""
"205+800:3","","205+800","1268673.6247","2612630.0464","232.554"
"","","","","",""
"205+805","","205+805","1268669.2851","2612632.5299","232.304"
"","","","","",""
"205+810:1","","205+810","1268664.9455","2612635.0134","232.054"
"","","","","",""
"205+815:1","","205+815","1268660.6059","2612637.4969","231.804"
"","","","","",""
"205+820:1","","205+820","1268656.2663","2612639.9804","231.554"
"","","","","",""
"205+825","","205+825","1268651.9267","2612642.4639","231.304"
"","","","","",""
"205+830:2","","205+830","1268647.5871","2612644.9474","231.054"
"","","","","",""
"205+835","","205+835","1268643.2474","2612647.4309","230.804"
"","","","","",""
"205+840:1","","205+840","1268638.9078","2612649.9144","230.554"
"","","","","",""
"205+845:1","","205+845","1268634.5682","2612652.3979","230.304"
"","","","","",""
"205+850:1","","205+850","1268630.2286","2612654.8814","230.054"
"","","","","",""
"205+855","","205+855","1268625.8890","2612657.3648","229.804"
"","","","","",""
"205+860:2","","205+860","1268621.5494","2612659.8483","229.554"
"","","","","",""
"205+865","","205+865","1268617.2098","2612662.3318","229.304"
"","","","","",""
"205+870:1","","205+870","1268612.8702","2612664.8153","229.054"
"","","","","",""
"205+875:1","","205+875","1268608.5305","2612667.2988","228.804"
"","","","","",""
"205+880:1","","205+880","1268604.1909","2612669.7823","228.554"
"","","","","",""
"205+885","","205+885","1268599.8513","2612672.2658","228.304"
"","","","","",""
"205+890:2","","205+890","1268595.5117","2612674.7493","228.054"
"","","","","",""
"205+895","","205+895","1268591.1721","2612677.2328","227.804"
"","","","","",""
"BC3:5","BC","205+899.114","1268587.6014","2612679.2762","227.598"
"","","","","",""
"BC3:4","","205+900","1268586.8325","2612679.7163","227.554"
"","","","","",""
"205+905:1","","205+905","1268582.4929","2612682.1998","227.306"
"","","","","",""
"205+910:1","","205+910","1268578.1532","2612684.6833","227.060"
"","","","","",""
"205+915","","205+915","1268573.8136","2612687.1668","226.817"
"","","","","",""
"205+920:2","","205+920","1268569.4740","2612689.6503","226.576"
"","","","","",""
"205+925","","205+925","1268565.1344","2612692.1338","226.338"
"","","","","",""
"205+930:1","","205+930","1268560.7948","2612694.6173","226.102"
"","","","","",""
"205+935:1","","205+935","1268556.4552","2612697.1008","225.868"
"","","","","",""
"205+940:1","","205+940","1268552.1156","2612699.5843","225.638"
"","","","","",""
"205+945","","205+945","1268547.7759","2612702.0678","225.409"
"","","","","",""
"205+950:2","","205+950","1268543.4363","2612704.5513","225.184"
"","","","","",""
"205+955","","205+955","1268539.0967","2612707.0348","224.960"
"","","","","",""
"205+960:1","","205+960","1268534.7571","2612709.5183","224.740"
"","","","","",""
"205+965:1","","205+965","1268530.4175","2612712.0018","224.521"
"","","","","",""
"205+970:1","","205+970","1268526.0779","2612714.4853","224.306"
"","","","","",""
"205+975","","205+975","1268521.7383","2612716.9688","224.092"
"","","","","",""
"205+980:2","","205+980","1268517.3987","2612719.4523","223.882"
"","","","","",""
"205+985","","205+985","1268513.0590","2612721.9358","223.673"
"","","","","",""
"205+990:1","","205+990","1268508.7194","2612724.4192","223.468"
"","","","","",""
"205+995:1","","205+995","1268504.3798","2612726.9027","223.264"
"","","","","",""
"206+000:2","","206+000","1268500.0402","2612729.3862","223.064"
"","","","","",""
"206+005","","206+005","1268495.7006","2612731.8697","222.865"
"","","","","",""
"206+010:2","","206+010","1268491.3610","2612734.3532","222.670"
"","","","","",""
"206+015","","206+015","1268487.0214","2612736.8367","222.476"
"","","","","",""
"206+020:1","","206+020","1268482.6817","2612739.3202","222.286"
"","","","","",""
"206+025:1","","206+025","1268478.3421","2612741.8037","222.097"
"","","","","",""
"206+030:1","","206+030","1268474.0025","2612744.2872","221.912"
"","","","","",""
"206+035","","206+035","1268469.6629","2612746.7707","221.728"
"","","","","",""
"206+040:2","","206+040","1268465.3233","2612749.2542","221.548"
"","","","","",""
"206+045","","206+045","1268460.9837","2612751.7377","221.370"
"","","","","",""
"206+050:1","","206+050","1268456.6441","2612754.2212","221.194"
"","","","","",""
"206+055:1","","206+055","1268452.3044","2612756.7047","221.021"
"","","","","",""
"206+060:1","","206+060","1268447.9648","2612759.1882","220.850"
"","","","","",""
"206+065","","206+065","1268443.6252","2612761.6717","220.682"
"","","","","",""
"206+070:2","","206+070","1268439.2856","2612764.1552","220.516"
"","","","","",""
"206+075","","206+075","1268434.9460","2612766.6387","220.353"
"","","","","",""
"206+080:1","","206+080","1268430.6064","2612769.1222","220.192"
"","","","","",""
"206+085:1","","206+085","1268426.2668","2612771.6057","220.034"
"","","","","",""
"206+090:1","","206+090","1268421.9272","2612774.0892","219.878"
"","","","","",""
"206+095","","206+095","1268417.5875","2612776.5727","219.725"
"","","","","",""
"206+100:3","","206+100","1268413.2479","2612779.0562","219.575"
"","","","","",""
"206+105","","206+105","1268408.9083","2612781.5397","219.426"
"","","","","",""
"206+110:1","","206+110","1268404.5687","2612784.0232","219.281"
"","","","","",""
"206+115:1","","206+115","1268400.2291","2612786.5067","219.138"
"","","","","",""
"206+120:1","","206+120","1268395.8895","2612788.9901","218.997"
"","","","","",""
"206+125","","206+125","1268391.5499","2612791.4736","218.859"
"","","","","",""
"206+130:2","","206+130","1268387.2102","2612793.9571","218.723"
"","","","","",""
"206+135","","206+135","1268382.8706","2612796.4406","218.590"
"","","","","",""
"206+140:1","","206+140","1268378.5310","2612798.9241","218.459"
"","","","","",""
"206+145:1","","206+145","1268374.1914","2612801.4076","218.331"
"","","","","",""
"EC3:2","","206+148.723","1268370.9601","2612803.2568","218.237"
"","","","","",""
"EC3:3","EC","206+148.762","1268370.9263","2612803.2762","218.236"
"","","","","",""
"206+150:1","","206+150","1268369.8518","2612803.8911","218.205"
"","","","","",""
"206+155","","206+155","1268365.5122","2612806.3746","218.080"
"","","","","",""
"206+160:2","","206+160","1268361.1726","2612808.8581","217.955"
"","","","","",""
"206+165","","206+165","1268356.8329","2612811.3416","217.830"
"","","","","",""
"206+170:1","","206+170","1268352.4933","2612813.8251","217.705"
"","","","","",""
"206+175:1","","206+175","1268348.1537","2612816.3086","217.580"
"","","","","",""
"206+180:1","","206+180","1268343.8141","2612818.7921","217.455"
"","","","","",""
"206+185","","206+185","1268339.4745","2612821.2756","217.330"
"","","","","",""
"206+190:2","","206+190","1268335.1349","2612823.7591","217.205"
"","","","","",""
"206+195","","206+195","1268330.7953","2612826.2426","217.080"
"","","","","",""
"206+200:2","","206+200","1268326.4557","2612828.7261","216.955"
"","","","","",""
"206+205:1","","206+205","1268322.1160","2612831.2096","216.830"
"","","","","",""
"206+210:1","","206+210","1268317.7764","2612833.6931","216.705"
"","","","","",""
"206+215","","206+215","1268313.4368","2612836.1766","216.580"
"","","","","",""
"206+220:2","","206+220","1268309.0972","2612838.6601","216.455"
"","","","","",""
"206+225","","206+225","1268304.7576","2612841.1436","216.330"
"","","","","",""
"206+230:1","","206+230","1268300.4180","2612843.6271","216.205"
"","","","","",""
"206+235:1","","206+235","1268296.0784","2612846.1106","216.080"
"","","","","",""
"206+240:1","","206+240","1268291.7387","2612848.5941","215.955"
"","","","","",""
"206+245","","206+245","1268287.3991","2612851.0776","215.830"
"","","","","",""
"206+250:2","","206+250","1268283.0595","2612853.5610","215.705"
"","","","","",""
"206+255","","206+255","1268278.7199","2612856.0445","215.580"
"","","","","",""
"206+260:1","","206+260","1268274.3803","2612858.5280","215.455"
"","","","","",""
"206+265:1","","206+265","1268270.0407","2612861.0115","215.330"
"","","","","",""
"206+270:1","","206+270","1268265.7011","2612863.4950","215.205"
"","","","","",""
"206+275","","206+275","1268261.3614","2612865.9785","215.080"
"","","","","",""
"206+280:2","","206+280","1268257.0218","2612868.4620","214.955"
"","","","","",""
"206+285","","206+285","1268252.6822","2612870.9455","214.830"
"","","","","",""
"206+290:1","","206+290","1268248.3426","2612873.4290","214.705"
"","","","","",""
"206+295:1","","206+295","1268244.0030","2612875.9125","214.580"
"","","","","",""
"206+300:2","","206+300","1268239.6634","2612878.3960","214.455"
"","","","","",""
"206+305","","206+305","1268235.3238","2612880.8795","214.330"
"","","","","",""
"206+310:2","","206+310","1268230.9842","2612883.3630","214.205"
"","","","","",""
"206+315","","206+315","1268226.6445","2612885.8465","214.080"
"","","","","",""
"222","TS","206+317.952","1268224.0820","2612887.3130","214.007"
"","","","","",""
"206+320:1","SP","206+320","1268222.3049","2612888.3300","213.955"
"","","","","",""
"206+325:1","SP","206+325","1268217.9655","2612890.8139","213.830"
"","","","","",""
"206+330:1","SP","206+330","1268213.6269","2612893.2990","213.705"
"","","","","",""
"206+335","SP","206+335","1268209.2894","2612895.7863","213.580"
"","","","","",""
"206+340:2","SP","206+340","1268204.9537","2612898.2766","213.455"
"","","","","",""
"206+345","SP","206+345","1268200.6202","2612900.7708","213.330"
"","","","","",""
"206+350:1","SP","206+350","1268196.2895","2612903.2698","213.205"
"","","","","",""
"206+355:1","SP","206+355","1268191.9621","2612905.7744","213.080"
"","","","","",""
"206+360:1","SP","206+360","1268187.6384","2612908.2856","212.955"
"","","","","",""
"206+365","SP","206+365","1268183.3191","2612910.8042","212.830"
"","","","","",""
"206+370:2","SP","206+370","1268179.0046","2612913.3311","212.705"
"","","","","",""
"206+375","SP","206+375","1268174.6955","2612915.8672","212.580"
"","","","","",""
"206+380:1","SP","206+380","1268170.3923","2612918.4132","212.455"
"","","","","",""
"206+385:1","SP","206+385","1268166.0956","2612920.9702","212.330"
"","","","","",""
"206+390:1","SP","206+390","1268161.8059","2612923.5389","212.205"
"","","","","",""
"BC4:6","BC","206+392.288","1268159.8454","2612924.7185","212.148"
"","","","","",""
"BC4:5","SP","206+392.591","1268159.5859","2612924.8749","212.141"
"","","","","",""
"BC4:4","SP","206+393.709","1268158.6286","2612925.4525","212.113"
"","","","","",""
"206+395","SP","206+395","1268157.5237","2612926.1203","212.081"
"","","","","",""
"206+400:3","SP","206+400","1268153.2497","2612928.7150","211.958"
"","","","","",""
"206+405","SP","206+405","1268148.9844","2612931.3241","211.837"
"","","","","",""
"206+410:1","SP","206+410","1268144.7284","2612933.9483","211.718"
"","","","","",""
"206+415:1","SP","206+415","1268140.4823","2612936.5885","211.601"
"","","","","",""
"206+420:1","SP","206+420","1268136.2467","2612939.2455","211.486"
"","","","","",""
"206+425","SP","206+425","1268132.0222","2612941.9201","211.373"
"","","","","",""
"206+430:2","SP","206+430","1268127.8094","2612944.6131","211.262"
"","","","","",""
"206+435","SP","206+435","1268123.6090","2612947.3254","211.153"
"","","","","",""
"206+440:1","SP","206+440","1268119.4216","2612950.0577","211.047"
"","","","","",""
"206+445:1","SP","206+445","1268115.2478","2612952.8108","210.942"
"","","","","",""
"206+450:1","SP","206+450","1268111.0884","2612955.5855","210.839"
"","","","","",""
"206+455","SP","206+455","1268106.9440","2612958.3826","210.738"
"","","","","",""
"206+460:2","SP","206+460","1268102.8153","2612961.2029","210.639"
"","","","","",""
"206+465","SP","206+465","1268098.7030","2612964.0470","210.542"
"","","","","",""
"517","SC","206+465.542","1268098.2580","2612964.3570","210.532"
"","","","","",""
"206+470:1","PC","206+470","1268094.6080","2612966.9156","210.447"
"","","","","",""
"206+475:1","PC","206+475","1268090.5301","2612969.8089","210.354"
"","","","","",""
"206+480:1","PC","206+480","1268086.4698","2612972.7267","210.263"
"","","","","",""
"206+485","PC","206+485","1268082.4271","2612975.6689","210.174"
"","","","","",""
"206+490:2","PC","206+490","1268078.4022","2612978.6354","210.087"
"","","","","",""
"206+495","PC","206+495","1268074.3953","2612981.6261","210.003"
"","","","","",""
"206+500:2","PC","206+500","1268070.4064","2612984.6409","209.920"
"","","","","",""
"206+505:1","PC","206+505","1268066.4358","2612987.6797","209.839"
"","","","","",""
"206+510:1","PC","206+510","1268062.4835","2612990.7423","209.760"
"","","","","",""
"206+515","PC","206+515","1268058.5498","2612993.8287","209.683"
"","","","","",""
"206+520:2","PC","206+520","1268054.6347","2612996.9387","209.608"
"","","","","",""
"206+525","PC","206+525","1268050.7385","2613000.0723","209.535"
"","","","","",""
"206+530:1","PC","206+530","1268046.8612","2613003.2292","209.464"
"","","","","",""
"206+535:1","PC","206+535","1268043.0030","2613006.4095","209.395"
"","","","","",""
"206+540:1","PC","206+540","1268039.1640","2613009.6129","209.328"
"","","","","",""
"206+545","PC","206+545","1268035.3443","2613012.8394","209.263"
"","","","","",""
"206+550:2","PC","206+550","1268031.5442","2613016.0889","209.201"
"","","","","",""
"206+555","PC","206+555","1268027.7637","2613019.3612","209.140"
"","","","","",""
"206+560:1","PC","206+560","1268024.0030","2613022.6562","209.081"
"","","","","",""
"206+565:1","PC","206+565","1268020.2623","2613025.9738","209.024"
"","","","","",""
"206+570:1","PC","206+570","1268016.5415","2613029.3139","208.969"
"","","","","",""
"206+575","PC","206+575","1268012.8410","2613032.6763","208.916"
"","","","","",""
"206+580:2","PC","206+580","1268009.1608","2613036.0610","208.865"
"","","","","",""
"206+585","PC","206+585","1268005.5010","2613039.4678","208.816"
"","","","","",""
"206+590:1","PC","206+590","1268001.8619","2613042.8965","208.769"
"","","","","",""
"206+595:1","PC","206+595","1267998.2434","2613046.3472","208.725"
"","","","","",""
"206+600:2","PC","206+600","1267994.6458","2613049.8195","208.682"
"","","","","",""
"206+605","PC","206+605","1267991.0692","2613053.3135","208.641"
"","","","","",""
"206+610:2","PC","206+610","1267987.5137","2613056.8289","208.602"
"","","","","",""
"206+615","PC","206+615","1267983.9795","2613060.3657","208.565"
"","","","","",""
"206+620:1","PC","206+620","1267980.4666","2613063.9237","208.530"
"","","","","",""
"206+625:1","PC","206+625","1267976.9752","2613067.5029","208.497"
"","","","","",""
"206+630:1","PC","206+630","1267973.5054","2613071.1030","208.466"
"","","","","",""
"206+635","PC","206+635","1267970.0574","2613074.7239","208.437"
"","","","","",""
"EC4:4","EC","206+639.106","1267967.2423","2613077.7129","208.415"
"","","","","",""
"EC4:3","PC","206+640","1267966.6313","2613078.3655","208.410"
"","","","","",""
"EC4:2","PC","206+643.612","1267964.1699","2613081.0090","208.391"
"","","","","",""
"206+645","PC","206+645","1267963.2272","2613082.0277","208.384"
"","","","","",""
"206+650:1","PC","206+650","1267959.8451","2613085.7104","208.358"
"","","","","",""
"206+655:1","PC","206+655","1267956.4854","2613089.4133","208.332"
"","","","","",""
"206+660:1","PC","206+660","1267953.1480","2613093.1365","208.305"
"","","","","",""
"206+665","PC","206+665","1267949.8330","2613096.8796","208.279"
"","","","","",""
"206+670:2","PC","206+670","1267946.5407","2613100.6427","208.253"
"","","","","",""
"206+675","PC","206+675","1267943.2712","2613104.4255","208.227"
"","","","","",""
"206+680:1","PC","206+680","1267940.0244","2613108.2280","208.200"
"","","","","",""
"206+685:1","PC","206+685","1267936.8007","2613112.0499","208.174"
"","","","","",""
"206+690:1","PC","206+690","1267933.6000","2613115.8912","208.148"
"","","","","",""
"206+695","PC","206+695","1267930.4225","2613119.7517","208.122"
"","","","","",""
"206+700:3","PC","206+700","1267927.2683","2613123.6313","208.095"
"","","","","",""
"206+705","PC","206+705","1267924.1376","2613127.5298","208.069"
"","","","","",""
"206+710:1","PC","206+710","1267921.0304","2613131.4471","208.043"
"","","","","",""
"206+715:1","PC","206+715","1267917.9469","2613135.3831","208.017"
"","","","","",""
"206+720:1","PC","206+720","1267914.8871","2613139.3375","207.990"
"","","","","",""
"206+725","PC","206+725","1267911.8512","2613143.3103","207.964"
"","","","","",""
"206+730:2","PC","206+730","1267908.8393","2613147.3014","207.938"
"","","","","",""
"206+735","PC","206+735","1267905.8515","2613151.3105","207.912"
"","","","","",""
"206+740:1","PC","206+740","1267902.8878","2613155.3375","207.885"
"","","","","",""
"206+745:1","PC","206+745","1267899.9485","2613159.3823","207.859"
"","","","","",""
"206+750:1","PC","206+750","1267897.0337","2613163.4447","207.833"
"","","","","",""
"206+755","PC","206+755","1267894.1433","2613167.5246","207.807"
"","","","","",""
"206+760:2","PC","206+760","1267891.2776","2613171.6219","207.780"
"","","","","",""
"206+765","PC","206+765","1267888.4366","2613175.7364","207.754"
"","","","","",""
"206+770:1","PC","206+770","1267885.6204","2613179.8679","207.728"
"","","","","",""
"BC5:5","PC","206+773.798","1267883.4980","2613183.0174","207.708"
"","","","","",""
"206+775:1","PC","206+775","1267882.8292","2613184.0162","207.702"
"","","","","",""
"206+780:1","PC","206+780","1267880.0631","2613188.1814","207.675"
"","","","","",""
"206+785","PC","206+785","1267877.3220","2613192.3631","207.649"
"","","","","",""
"BC5:7","PC","206+790","1267874.6062","2613196.5612","207.623"
"","","","","",""
"BC5:8","BC","206+790.794","1267874.1773","2613197.2294","207.619"
"","","","","",""
"BC5:6","PC","206+791.126","1267873.9981","2613197.5089","207.617"
"","","","","",""
"206+795","PC","206+795","1267871.9158","2613200.7756","207.597"
"","","","","",""
"206+800:2","PC","206+800","1267869.2508","2613205.0062","207.573"
"","","","","",""
"518","CS","206+801.285","1267868.5700","2613206.0960","207.567"
"","","","","",""
"206+805:1","SP","206+805","1267866.6113","2613209.2526","207.551"
"","","","","",""
"206+810:1","SP","206+810","1267863.9967","2613213.5145","207.530"
"","","","","",""
"206+815","SP","206+815","1267861.4063","2613217.7912","207.511"
"","","","","",""
"206+820:2","SP","206+820","1267858.8394","2613222.0820","207.494"
"","","","","",""
"206+825","SP","206+825","1267856.2950","2613226.3862","207.478"
"","","","","",""
"206+830:1","SP","206+830","1267853.7724","2613230.7032","207.464"
"","","","","",""
"206+835:1","SP","206+835","1267851.2709","2613235.0324","207.452"
"","","","","",""
"206+840:1","SP","206+840","1267848.7894","2613239.3732","207.441"
"","","","","",""
"206+845","SP","206+845","1267846.3273","2613243.7250","207.432"
"","","","","",""
"206+850:2","SP","206+850","1267843.8837","2613248.0871","207.425"
"","","","","",""
"206+855","SP","206+855","1267841.4576","2613252.4591","207.419"
"","","","","",""
"206+860:1","SP","206+860","1267839.0484","2613256.8404","207.415"
"","","","","",""
"206+865:1","SP","206+865","1267836.6550","2613261.2304","207.413"
"","","","","",""
"206+870:1","SP","206+870","1267834.2767","2613265.6285","207.412"
"","","","","",""
"206+875","SP","206+875","1267831.9126","2613270.0343","207.413"
"","","","","",""
"206+880:2","SP","206+880","1267829.5618","2613274.4472","207.416"
"","","","","",""
"206+885","SP","206+885","1267827.2233","2613278.8667","207.420"
"","","","","",""
"206+890:1","SP","206+890","1267824.8965","2613283.2922","207.426"
"","","","","",""
"206+895:1","SP","206+895","1267822.5802","2613287.7234","207.434"
"","","","","",""
"206+900:2","SP","206+900","1267820.2737","2613292.1596","207.443"
"","","","","",""
"206+905","SP","206+905","1267817.9761","2613296.6004","207.454"
"","","","","",""
"206+910:2","SP","206+910","1267815.6864","2613301.0453","207.467"
"","","","","",""
"206+915","SP","206+915","1267813.4037","2613305.4939","207.481"
"","","","","",""
"206+920:1","SP","206+920","1267811.1273","2613309.9456","207.497"
"","","","","",""
"206+925:1","SP","206+925","1267808.8560","2613314.3999","207.515"
"","","","","",""
"206+930:1","SP","206+930","1267806.5891","2613318.8565","207.534"
"","","","","",""
"206+935","SP","206+935","1267804.3257","2613323.3149","207.555"
"","","","","",""
"206+940:2","SP","206+940","1267802.0647","2613327.7745","207.578"
"","","","","",""
"206+945","SP","206+945","1267799.8054","2613332.2349","207.602"
"","","","","",""
"813","ST","206+948.875","1267798.0550","2613335.6920","207.622"
"","","","","",""
"206+950:1","","206+950","1267797.5468","2613336.6957","207.628"
"","","","","",""
"206+955:1","","206+955","1267795.2883","2613341.1566","207.656"
"","","","","",""
"206+960:1","","206+960","1267793.0298","2613345.6174","207.685"
"","","","","",""
"206+965","","206+965","1267790.7712","2613350.0782","207.716"
"","","","","",""
"206+970:2","","206+970","1267788.5127","2613354.5391","207.749"
"","","","","",""
"206+975","","206+975","1267786.2542","2613358.9999","207.783"
"","","","","",""
"206+980:1","","206+980","1267783.9957","2613363.4607","207.819"
"","","","","",""
"206+985:1","","206+985","1267781.7371","2613367.9216","207.856"
"","","","","",""
"206+990:1","","206+990","1267779.4786","2613372.3824","207.896"
"","","","","",""
"206+995","","206+995","1267777.2201","2613376.8432","207.937"
"","","","","",""
"207+000:3","","207+000","1267774.9615","2613381.3041","207.979"
"","","","","",""
"207+005","","207+005","1267772.7030","2613385.7649","208.024"
"","","","","",""
"207+010:1","","207+010","1267770.4445","2613390.2257","208.070"
"","","","","",""
"207+015:1","","207+015","1267768.1860","2613394.6866","208.117"
"","","","","",""
"207+020:1","","207+020","1267765.9274","2613399.1474","208.167"
"","","","","",""
"207+025","","207+025","1267763.6689","2613403.6083","208.218"
"","","","","",""
"207+030:2","","207+030","1267761.4104","2613408.0691","208.270"
"","","","","",""
"EC5:4","EC","207+034.542","1267759.3587","2613412.1213","208.320"
"","","","","",""
"EC5:3","","207+035","1267759.1519","2613412.5299","208.325"
"","","","","",""
"207+040:1","","207+040","1267756.8933","2613416.9908","208.380"
"","","","","",""
"207+045:1","","207+045","1267754.6348","2613421.4516","208.435"
"","","","","",""
"207+050:1","","207+050","1267752.3763","2613425.9124","208.490"
"","","","","",""
"207+055","","207+055","1267750.1177","2613430.3733","208.545"
"","","","","",""
"207+060:2","","207+060","1267747.8592","2613434.8341","208.600"
"","","","","",""
"207+065","","207+065","1267745.6007","2613439.2949","208.655"
"","","","","",""
"207+070:1","","207+070","1267743.3422","2613443.7558","208.710"
"","","","","",""
"207+075:1","","207+075","1267741.0836","2613448.2166","208.765"
"","","","","",""
"207+080:1","","207+080","1267738.8251","2613452.6774","208.820"
"","","","","",""
"207+085","","207+085","1267736.5666","2613457.1383","208.875"
"","","","","",""
"207+090:2","","207+090","1267734.3081","2613461.5991","208.930"
"","","","","",""
"207+095","","207+095","1267732.0495","2613466.0600","208.985"
"","","","","",""
"207+100:2","","207+100","1267729.7910","2613470.5208","209.040"
"","","","","",""
"207+105:1","","207+105","1267727.5325","2613474.9816","209.095"
"","","","","",""
"207+110:1","","207+110","1267725.2740","2613479.4425","209.150"
"","","","","",""
"207+115","","207+115","1267723.0154","2613483.9033","209.205"
"","","","","",""
"207+120:2","","207+120","1267720.7569","2613488.3641","209.260"
"","","","","",""
"207+125","","207+125","1267718.4984","2613492.8250","209.315"
"","","","","",""
"207+130:1","","207+130","1267716.2398","2613497.2858","209.370"
"","","","","",""
"EC5:2","","207+133.746","1267714.5478","2613500.6279","209.411"
"","","","","",""
"207+135:1","","207+135","1267713.9813","2613501.7466","209.425"
"","","","","",""
"207+140:1","","207+140","1267711.7228","2613506.2075","209.480"
"","","","","",""
"207+145","","207+145","1267709.4643","2613510.6683","209.535"
"","","","","",""
"207+150:2","","207+150","1267707.2057","2613515.1291","209.590"
"","","","","",""
"207+155","","207+155","1267704.9472","2613519.5900","209.645"
"","","","","",""
"207+160:1","","207+160","1267702.6887","2613524.0508","209.700"
"","","","","",""
"207+165:1","","207+165","1267700.4302","2613528.5117","209.755"
"","","","","",""
"207+170:1","","207+170","1267698.1716","2613532.9725","209.810"
"","","","","",""
"207+175","","207+175","1267695.9131","2613537.4333","209.865"
"","","","","",""
"207+180:2","","207+180","1267693.6546","2613541.8942","209.920"
"","","","","",""
"207+185","","207+185","1267691.3960","2613546.3550","209.975"
"","","","","",""
"207+190:1","","207+190","1267689.1375","2613550.8158","210.030"
"","","","","",""
"207+195:1","","207+195","1267686.8790","2613555.2767","210.085"
"","","","","",""
"207+200:2","","207+200","1267684.6205","2613559.7375","210.140"
"","","","","",""
"207+205","","207+205","1267682.3619","2613564.1983","210.195"
"","","","","",""
"207+210:2","","207+210","1267680.1034","2613568.6592","210.250"
"","","","","",""
"207+215","","207+215","1267677.8449","2613573.1200","210.305"
"","","","","",""
"207+220:1","","207+220","1267675.5864","2613577.5809","210.360"
"","","","","",""
"207+225:1","","207+225","1267673.3278","2613582.0417","210.415"
"","","","","",""
"207+230:1","","207+230","1267671.0693","2613586.5025","210.470"
"","","","","",""
"207+235","","207+235","1267668.8108","2613590.9634","210.525"
"","","","","",""
"207+240:2","","207+240","1267666.5522","2613595.4242","210.580"
"","","","","",""
"207+245","","207+245","1267664.2937","2613599.8850","210.635"
"","","","","",""
"207+250:1","","207+250","1267662.0352","2613604.3459","210.690"
"","","","","",""
"207+255:1","","207+255","1267659.7767","2613608.8067","210.745"
"","","","","",""
"207+260:1","","207+260","1267657.5181","2613613.2675","210.800"
"","","","","",""
"207+265","","207+265","1267655.2596","2613617.7284","210.855"
"","","","","",""
"207+270:2","","207+270","1267653.0011","2613622.1892","210.910"
"","","","","",""
"207+275","","207+275","1267650.7426","2613626.6500","210.965"
"","","","","",""
"207+280:1","","207+280","1267648.4840","2613631.1109","211.020"
"","","","","",""
"207+285:1","","207+285","1267646.2255","2613635.5717","211.075"
"","","","","",""
"207+290:1","","207+290","1267643.9670","2613640.0326","211.130"
"","","","","",""
"207+295","","207+295","1267641.7085","2613644.4934","211.185"
"","","","","",""
"207+300:3","","207+300","1267639.4499","2613648.9542","211.240"
"","","","","",""
"207+305","","207+305","1267637.1914","2613653.4151","211.295"
"","","","","",""
"207+310:1","","207+310","1267634.9329","2613657.8759","211.350"
"","","","","",""
"207+315:1","","207+315","1267632.6743","2613662.3367","211.405"
"","","","","",""
"207+320:1","","207+320","1267630.4158","2613666.7976","211.460"
"","","","","",""
"207+325","","207+325","1267628.1573","2613671.2584","211.515"
"","","","","",""
"207+330:2","","207+330","1267625.8988","2613675.7192","211.570"
"","","","","",""
"207+335","","207+335","1267623.6402","2613680.1801","211.625"
"","","","","",""
"207+340:1","","207+340","1267621.3817","2613684.6409","211.680"
"","","","","",""
"207+345:1","","207+345","1267619.1232","2613689.1017","211.735"
"","","","","",""
"207+350:1","","207+350","1267616.8647","2613693.5626","211.790"
"","","","","",""
"207+355","","207+355","1267614.6061","2613698.0234","211.845"
"","","","","",""
"207+360:2","","207+360","1267612.3476","2613702.4843","211.900"
"","","","","",""
"207+365","","207+365","1267610.0891","2613706.9451","211.955"
"","","","","",""
"207+370:1","","207+370","1267607.8305","2613711.4059","212.010"
"","","","","",""
"207+375:1","","207+375","1267605.5720","2613715.8668","212.065"
"","","","","",""
"207+380:1","","207+380","1267603.3135","2613720.3276","212.120"
"","","","","",""
"207+385","","207+385","1267601.0550","2613724.7884","212.175"
"","","","","",""
"207+390:2","","207+390","1267598.7964","2613729.2493","212.230"
"","","","","",""
"207+395","","207+395","1267596.5379","2613733.7101","212.285"
"","","","","",""
"207+400:2","","207+400","1267594.2794","2613738.1709","212.340"
"","","","","",""
"207+405:1","","207+405","1267592.0209","2613742.6318","212.395"
"","","","","",""
"207+410:1","","207+410","1267589.7623","2613747.0926","212.450"
"","","","","",""
"207+415","","207+415","1267587.5038","2613751.5534","212.505"
"","","","","",""
"207+420:2","","207+420","1267585.2453","2613756.0143","212.560"
"","","","","",""
"207+425","","207+425","1267582.9867","2613760.4751","212.615"
"","","","","",""
"207+430:1","","207+430","1267580.7282","2613764.9360","212.670"
"","","","","",""
"207+435:1","","207+435","1267578.4697","2613769.3968","212.725"
"","","","","",""
"207+440:1","","207+440","1267576.2112","2613773.8576","212.780"
"","","","","",""
"207+445","","207+445","1267573.9526","2613778.3185","212.835"
"","","","","",""
"207+450:2","","207+450","1267571.6941","2613782.7793","212.890"
"","","","","",""
"207+455","","207+455","1267569.4356","2613787.2401","212.945"
"","","","","",""
"207+460:1","","207+460","1267567.1771","2613791.7010","213.000"
"","","","","",""
"207+465:1","","207+465","1267564.9185","2613796.1618","213.055"
"","","","","",""
"207+470:1","","207+470","1267562.6600","2613800.6226","213.110"
"","","","","",""
"207+475","","207+475","1267560.4015","2613805.0835","213.165"
"","","","","",""
"207+480:2","","207+480","1267558.1430","2613809.5443","213.220"
"","","","","",""
"207+485","","207+485","1267555.8844","2613814.0051","213.275"
"","","","","",""
"207+490:1","","207+490","1267553.6259","2613818.4660","213.330"
"","","","","",""
"207+495:1","","207+495","1267551.3674","2613822.9268","213.385"
"","","","","",""
"207+500:2","","207+500","1267549.1088","2613827.3877","213.440"
"","","","","",""
"207+505","","207+505","1267546.8503","2613831.8485","213.495"
"","","","","",""
"207+510:2","","207+510","1267544.5918","2613836.3093","213.550"
"","","","","",""
"207+515","","207+515","1267542.3333","2613840.7702","213.605"
"","","","","",""
"207+520:1","","207+520","1267540.0747","2613845.2310","213.660"
"","","","","",""
"207+525:1","","207+525","1267537.8162","2613849.6918","213.715"
"","","","","",""
"207+530:1","","207+530","1267535.5577","2613854.1527","213.770"
"","","","","",""
"207+535","","207+535","1267533.2992","2613858.6135","213.825"
"","","","","",""
"207+540:2","","207+540","1267531.0406","2613863.0743","213.880"
"","","","","",""
"207+545","","207+545","1267528.7821","2613867.5352","213.935"
"","","","","",""
"207+550:1","","207+550","1267526.5236","2613871.9960","213.990"
"","","","","",""
"207+555:1","","207+555","1267524.2650","2613876.4568","214.045"
"","","","","",""
"207+560:1","","207+560","1267522.0065","2613880.9177","214.100"
"","","","","",""
"207+565","","207+565","1267519.7480","2613885.3785","214.155"
"","","","","",""
"207+570:2","","207+570","1267517.4895","2613889.8394","214.210"
"","","","","",""
"207+575","","207+575","1267515.2309","2613894.3002","214.265"
"","","","","",""
"207+580:1","","207+580","1267512.9724","2613898.7610","214.320"
"","","","","",""
"207+585:1","","207+585","1267510.7139","2613903.2219","214.375"
"","","","","",""
"207+590:1","","207+590","1267508.4554","2613907.6827","214.430"
"","","","","",""
"207+595","","207+595","1267506.1968","2613912.1435","214.485"
"","","","","",""
"207+600:3","","207+600","1267503.9383","2613916.6044","214.540"
"","","","","",""
"207+605","","207+605","1267501.6798","2613921.0652","214.595"
"","","","","",""
"207+610:1","","207+610","1267499.4212","2613925.5260","214.650"
"","","","","",""
"207+615:1","","207+615","1267497.1627","2613929.9869","214.705"
"","","","","",""
"207+620:1","","207+620","1267494.9042","2613934.4477","214.760"
"","","","","",""
"207+625","","207+625","1267492.6457","2613938.9085","214.815"
"","","","","",""
"207+630:2","","207+630","1267490.3871","2613943.3694","214.870"
"","","","","",""
"207+635","","207+635","1267488.1286","2613947.8302","214.925"
"","","","","",""
"207+640:1","","207+640","1267485.8701","2613952.2911","214.980"
"","","","","",""
"207+645:1","","207+645","1267483.6116","2613956.7519","215.035"
"","","","","",""
"207+650:1","","207+650","1267481.3530","2613961.2127","215.090"
"","","","","",""
"207+655","","207+655","1267479.0945","2613965.6736","215.145"
"","","","","",""
"207+660:2","","207+660","1267476.8360","2613970.1344","215.200"
"","","","","",""
"207+665","","207+665","1267474.5775","2613974.5952","215.255"
"","","","","",""
"207+670:1","","207+670","1267472.3189","2613979.0561","215.310"
"","","","","",""
"207+675:1","","207+675","1267470.0604","2613983.5169","215.365"
"","","","","",""
"207+680:1","","207+680","1267467.8019","2613987.9777","215.420"
"","","","","",""
"207+685","","207+685","1267465.5433","2613992.4386","215.475"
"","","","","",""
"207+690:2","","207+690","1267463.2848","2613996.8994","215.530"
"","","","","",""
"207+695","","207+695","1267461.0263","2614001.3602","215.585"
"","","","","",""
"207+700:2","","207+700","1267458.7678","2614005.8211","215.640"
"","","","","",""
"207+705:1","","207+705","1267456.5092","2614010.2819","215.695"
"","","","","",""
"207+710:1","","207+710","1267454.2507","2614014.7428","215.750"
"","","","","",""
"207+715","","207+715","1267451.9922","2614019.2036","215.805"
"","","","","",""
"207+720:2","","207+720","1267449.7337","2614023.6644","215.860"
"","","","","",""
"207+725","","207+725","1267447.4751","2614028.1253","215.915"
"","","","","",""
"207+730:1","","207+730","1267445.2166","2614032.5861","215.970"
"","","","","",""
"207+735:1","","207+735","1267442.9581","2614037.0469","216.025"
"","","","","",""
"207+740:1","","207+740","1267440.6995","2614041.5078","216.080"
"","","","","",""
"207+745","","207+745","1267438.4410","2614045.9686","216.135"
"","","","","",""
"207+750:2","","207+750","1267436.1825","2614050.4294","216.190"
"","","","","",""
"207+755","","207+755","1267433.9240","2614054.8903","216.245"
"","","","","",""
"207+760:1","","207+760","1267431.6654","2614059.3511","216.300"
"","","","","",""
"207+765:1","","207+765","1267429.4069","2614063.8119","216.355"
"","","","","",""
"207+770:1","","207+770","1267427.1484","2614068.2728","216.410"
"","","","","",""
"207+775","","207+775","1267424.8899","2614072.7336","216.465"
"","","","","",""
"207+780:2","","207+780","1267422.6313","2614077.1945","216.520"
"","","","","",""
"207+785","","207+785","1267420.3728","2614081.6553","216.575"
"","","","","",""
"207+790:1","","207+790","1267418.1143","2614086.1161","216.630"
"","","","","",""
"207+795:1","","207+795","1267415.8557","2614090.5770","216.685"
"","","","","",""
"207+800:2","","207+800","1267413.5972","2614095.0378","216.740"
"","","","","",""
"207+805","","207+805","1267411.3387","2614099.4986","216.795"
"","","","","",""
"207+810:2","","207+810","1267409.0802","2614103.9595","216.850"
"","","","","",""
"207+815","","207+815","1267406.8216","2614108.4203","216.905"
"","","","","",""
"207+820:1","","207+820","1267404.5631","2614112.8811","216.960"
"","","","","",""
"814","TS","207+821.189","1267404.0260","2614113.9420","216.973"
"","","","","",""
"207+825:1","SP","207+825","1267402.3045","2614117.3419","217.015"
"","","","","",""
"207+830:1","SP","207+830","1267400.0454","2614121.8025","217.070"
"","","","","",""
"207+835","SP","207+835","1267397.7852","2614126.2625","217.125"
"","","","","",""
"207+840:2","SP","207+840","1267395.5231","2614130.7215","217.180"
"","","","","",""
"207+845","SP","207+845","1267393.2586","2614135.1793","217.235"
"","","","","",""
"207+850:1","SP","207+850","1267390.9909","2614139.6355","217.290"
"","","","","",""
"207+855:1","SP","207+855","1267388.7195","2614144.0898","217.345"
"","","","","",""
"207+860:1","SP","207+860","1267386.4436","2614148.5418","217.400"
"","","","","",""
"207+865","SP","207+865","1267384.1627","2614152.9912","217.455"
"","","","","",""
"207+870:2","SP","207+870","1267381.8760","2614157.4377","217.510"
"","","","","",""
"207+875","SP","207+875","1267379.5829","2614161.8808","217.565"
"","","","","",""
"207+880:1","SP","207+880","1267377.2828","2614166.3204","217.620"
"","","","","",""
"207+885:1","SP","207+885","1267374.9751","2614170.7559","217.675"
"","","","","",""
"207+890:1","SP","207+890","1267372.6590","2614175.1872","217.730"
"","","","","",""
"207+895","SP","207+895","1267370.3339","2614179.6137","217.785"
"","","","","",""
"207+900:3","SP","207+900","1267367.9992","2614184.0351","217.840"
"","","","","",""
"207+905","SP","207+905","1267365.6543","2614188.4512","217.895"
"","","","","",""
"207+910:1","SP","207+910","1267363.2985","2614192.8614","217.950"
"","","","","",""
"207+915:1","SP","207+915","1267360.9312","2614197.2655","218.005"
"","","","","",""
"207+920:1","SP","207+920","1267358.5517","2614201.6630","218.060"
"","","","","",""
"207+925","SP","207+925","1267356.1594","2614206.0535","218.115"
"","","","","",""
"207+930:2","SP","207+930","1267353.7538","2614210.4368","218.170"
"","","","","",""
"207+935","SP","207+935","1267351.3341","2614214.8123","218.225"
"","","","","",""
"207+940:1","SP","207+940","1267348.8998","2614219.1797","218.280"
"","","","","",""
"207+945:1","SP","207+945","1267346.4503","2614223.5386","218.335"
"","","","","",""
"207+950:1","SP","207+950","1267343.9848","2614227.8885","218.390"
"","","","","",""
"207+955","SP","207+955","1267341.5030","2614232.2290","218.445"
"","","","","",""
"207+960:2","SP","207+960","1267339.0040","2614236.5597","218.500"
"","","","","",""
"207+965","SP","207+965","1267336.4874","2614240.8802","218.555"
"","","","","",""
"207+970:1","SP","207+970","1267333.9525","2614245.1900","218.610"
"","","","","",""
"207+975:1","SP","207+975","1267331.3987","2614249.4886","218.665"
"","","","","",""
"207+980:1","SP","207+980","1267328.8256","2614253.7757","218.720"
"","","","","",""
"207+985","SP","207+985","1267326.2324","2614258.0507","218.775"
"","","","","",""
"1127","SC","207+987.783","1267324.7800","2614260.4250","218.805"
"","","","","",""
"207+990:2","PC","207+990","1267323.6185","2614262.3133","218.830"
"","","","","",""
"207+995","PC","207+995","1267320.9840","2614266.5629","218.885"
"","","","","",""
"208+000:2","PC","208+000","1267318.3286","2614270.7995","218.940"
"","","","","",""
"208+005:1","PC","208+005","1267315.6525","2614275.0231","218.995"
"","","","","",""
"208+010:1","PC","208+010","1267312.9558","2614279.2335","219.050"
"","","","","",""
"BC6:6","BC","208+014.243","1267310.6511","2614282.7960","219.096"
"","","","","",""
"BC6:5","PC","208+015","1267310.2384","2614283.4306","219.105"
"","","","","",""
"208+020:2","PC","208+020","1267307.5005","2614287.6144","219.162"
"","","","","",""
"208+025","PC","208+025","1267304.7421","2614291.7846","219.223"
"","","","","",""
"208+030:1","PC","208+030","1267301.9633","2614295.9413","219.286"
"","","","","",""
"208+035:1","PC","208+035","1267299.1641","2614300.0844","219.354"
"","","","","",""
"208+040:1","PC","208+040","1267296.3447","2614304.2136","219.424"
"","","","","",""
"208+045","PC","208+045","1267293.5051","2614308.3290","219.498"
"","","","","",""
"208+050:2","PC","208+050","1267290.6453","2614312.4305","219.575"
"","","","","",""
"208+055","PC","208+055","1267287.7655","2614316.5178","219.656"
"","","","","",""
"BC6:4","PC","208+060","1267284.8656","2614320.5910","219.740"
"","","","","",""
"208+065:1","PC","208+065","1267281.9459","2614324.6499","219.827"
"","","","","",""
"208+070:1","PC","208+070","1267279.0062","2614328.6945","219.917"
"","","","","",""
"208+075","PC","208+075","1267276.0468","2614332.7246","220.011"
"","","","","",""
"208+080:2","PC","208+080","1267273.0677","2614336.7402","220.108"
"","","","","",""
"208+085","PC","208+085","1267270.0689","2614340.7411","220.209"
"","","","","",""
"208+090:1","PC","208+090","1267267.0505","2614344.7272","220.313"
"","","","","",""
"208+095:1","PC","208+095","1267264.0126","2614348.6985","220.420"
"","","","","",""
"208+100:2","PC","208+100","1267260.9553","2614352.6549","220.531"
"","","","","",""
"208+105","PC","208+105","1267257.8787","2614356.5962","220.644"
"","","","","",""
"208+110:2","PC","208+110","1267254.7827","2614360.5224","220.762"
"","","","","",""
"208+115","PC","208+115","1267251.6676","2614364.4334","220.882"
"","","","","",""
"208+120:1","PC","208+120","1267248.5333","2614368.3291","221.006"
"","","","","",""
"208+125:1","PC","208+125","1267245.3799","2614372.2093","221.133"
"","","","","",""
"208+130:1","PC","208+130","1267242.2076","2614376.0741","221.264"
"","","","","",""
"208+135","PC","208+135","1267239.0164","2614379.9232","221.398"
"","","","","",""
"208+140:2","PC","208+140","1267235.8063","2614383.7567","221.535"
"","","","","",""
"208+145","PC","208+145","1267232.5775","2614387.5744","221.676"
"","","","","",""
"208+150:1","PC","208+150","1267229.3300","2614391.3762","221.820"
"","","","","",""
"208+155:1","PC","208+155","1267226.0639","2614395.1620","221.967"
"","","","","",""
"208+160:1","PC","208+160","1267222.7793","2614398.9318","222.117"
"","","","","",""
"208+165","PC","208+165","1267219.4763","2614402.6855","222.271"
"","","","","",""
"208+170:2","PC","208+170","1267216.1549","2614406.4229","222.429"
"","","","","",""
"208+175","PC","208+175","1267212.8152","2614410.1440","222.589"
"","","","","",""
"208+180:1","PC","208+180","1267209.4573","2614413.8486","222.753"
"","","","","",""
"208+185:1","PC","208+185","1267206.0813","2614417.5368","222.920"
"","","","","",""
"208+190:1","PC","208+190","1267202.6872","2614421.2083","223.091"
"","","","","",""
"208+195","PC","208+195","1267199.2752","2614424.8632","223.265"
"","","","","",""
"208+200:3","PC","208+200","1267195.8454","2614428.5013","223.442"
"","","","","",""
"208+205","PC","208+205","1267192.3977","2614432.1226","223.623"
"","","","","",""
"208+210:1","PC","208+210","1267188.9323","2614435.7269","223.807"
"","","","","",""
"208+215:1","PC","208+215","1267185.4493","2614439.3142","223.994"
"","","","","",""
"208+220:1","PC","208+220","1267181.9487","2614442.8844","224.185"
"","","","","",""
"208+225","PC","208+225","1267178.4307","2614446.4373","224.379"
"","","","","",""
"208+230:2","PC","208+230","1267174.8954","2614449.9730","224.576"
"","","","","",""
"1128","CS","208+232.279","1267173.2780","2614451.5790","224.667"
"","","","","",""
"208+235","SP","208+235","1267171.3427","2614453.4913","224.777"
"","","","","",""
"208+240:1","SP","208+240","1267167.7723","2614456.9916","224.981"
"","","","","",""
"208+245:1","SP","208+245","1267164.1830","2614460.4726","225.188"
"","","","","",""
"1190","SC","208+248.75","1267161.4780","2614463.0700","225.346"
"","","","","",""
"208+250:1","PC","208+250","1267160.5740","2614463.9329","225.398"
"","","","","",""
"208+255","PC","208+255","1267156.9443","2614467.3717","225.612"
"","","","","",""
"208+260:2","PC","208+260","1267153.2943","2614470.7889","225.830"
"","","","","",""
"208+265","PC","208+265","1267149.6240","2614474.1843","226.050"
"","","","","",""
"208+270:1","PC","208+270","1267145.9335","2614477.5578","226.274"
"","","","","",""
"208+275:1","PC","208+275","1267142.2230","2614480.9092","226.502"
"","","","","",""
"208+280:1","PC","208+280","1267138.4926","2614484.2385","226.732"
"","","","","",""
"208+285","PC","208+285","1267134.7425","2614487.5456","226.966"
"","","","","",""
"208+290:2","PC","208+290","1267130.9728","2614490.8302","227.204"
"","","","","",""
"EC6:2","PC","208+291.353","1267129.9494","2614491.7152","227.268"
"","","","","",""
"EC6:3","PC","208+295","1267127.1836","2614494.0924","227.444"
"","","","","",""
"EC6:4","EC","208+295.245","1267126.9974","2614494.2517","227.456"
"","","","","",""
"208+300:2","PC","208+300","1267123.3750","2614497.3320","227.687"
"","","","","",""
"208+305:1","PC","208+305","1267119.5472","2614500.5488","227.929"
"","","","","",""
"208+310:1","PC","208+310","1267115.7003","2614503.7428","228.172"
"","","","","",""
"208+315","PC","208+315","1267111.8345","2614506.9138","228.414"
"","","","","",""
"208+320:2","PC","208+320","1267107.9499","2614510.0618","228.657"
"","","","","",""
"BC7:5","PC","208+321.007","1267107.1653","2614510.6929","228.706"
"","","","","",""
"208+325","PC","208+325","1267104.0466","2614513.1865","228.899"
"","","","","",""
"208+330:1","PC","208+330","1267100.1248","2614516.2880","229.142"
"","","","","",""
"208+335:1","PC","208+335","1267096.1846","2614519.3661","229.384"
"","","","","",""
"208+340:1","PC","208+340","1267092.2261","2614522.4207","229.627"
"","","","","",""
"208+345","PC","208+345","1267088.2496","2614525.4517","229.869"
"","","","","",""
"208+350:2","PC","208+350","1267084.2550","2614528.4589","230.112"
"","","","","",""
"208+355","PC","208+355","1267080.2426","2614531.4424","230.354"
"","","","","",""
"208+360:1","PC","208+360","1267076.2126","2614534.4018","230.597"
"","","","","",""
"208+365:1","PC","208+365","1267072.1650","2614537.3373","230.839"
"","","","","",""
"208+370:1","PC","208+370","1267068.1000","2614540.2486","231.082"
"","","","","",""
"208+375","PC","208+375","1267064.0177","2614543.1356","231.324"
"","","","","",""
"208+380:2","PC","208+380","1267059.9183","2614545.9983","231.567"
"","","","","",""
"208+385","PC","208+385","1267055.8020","2614548.8366","231.809"
"","","","","",""
"208+390:1","PC","208+390","1267051.6688","2614551.6503","232.052"
"","","","","",""
"208+395:1","PC","208+395","1267047.5190","2614554.4393","232.294"
"","","","","",""
"208+400:2","PC","208+400","1267043.3526","2614557.2036","232.537"
"","","","","",""
"208+405","PC","208+405","1267039.1699","2614559.9431","232.779"
"","","","","",""
"208+410:2","PC","208+410","1267034.9709","2614562.6576","233.022"
"","","","","",""
"208+415","PC","208+415","1267030.7558","2614565.3470","233.264"
"","","","","",""
"208+420:1","PC","208+420","1267026.5248","2614568.0113","233.507"
"","","","","",""
"208+425:1","PC","208+425","1267022.2781","2614570.6504","233.749"
"","","","","",""
"208+430:1","PC","208+430","1267018.0156","2614573.2642","233.992"
"","","","","",""
"208+435","PC","208+435","1267013.7377","2614575.8525","234.234"
"","","","","",""
"208+440:2","PC","208+440","1267009.4445","2614578.4154","234.477"
"","","","","",""
"208+445","PC","208+445","1267005.1361","2614580.9526","234.719"
"","","","","",""
"208+450:1","PC","208+450","1267000.8127","2614583.4641","234.962"
"","","","","",""
"208+455:1","PC","208+455","1266996.4744","2614585.9499","235.204"
"","","","","",""
"208+460:1","PC","208+460","1266992.1213","2614588.4098","235.447"
"","","","","",""
"208+465","PC","208+465","1266987.7538","2614590.8438","235.689"
"","","","","",""
"208+470:2","PC","208+470","1266983.3718","2614593.2517","235.932"
"","","","","",""
"208+475","PC","208+475","1266978.9755","2614595.6334","236.174"
"","","","","",""
"208+480:1","PC","208+480","1266974.5651","2614597.9890","236.417"
"","","","","",""
"208+485:1","PC","208+485","1266970.1409","2614600.3183","236.659"
"","","","","",""
"208+490:1","PC","208+490","1266965.7028","2614602.6212","236.902"
"","","","","",""
"208+495","PC","208+495","1266961.2511","2614604.8976","237.144"
"","","","","",""
"208+500:3","PC","208+500","1266956.7859","2614607.1475","237.387"
"","","","","",""
"208+505","PC","208+505","1266952.3074","2614609.3708","237.629"
"","","","","",""
"208+510:1","PC","208+510","1266947.8157","2614611.5674","237.872"
"","","","","",""
"208+515:1","PC","208+515","1266943.3111","2614613.7372","238.114"
"","","","","",""
"208+520:1","PC","208+520","1266938.7936","2614615.8802","238.357"
"","","","","",""
"208+525","PC","208+525","1266934.2634","2614617.9962","238.599"
"","","","","",""
"208+530:2","PC","208+530","1266929.7208","2614620.0852","238.842"
"","","","","",""
"208+535","PC","208+535","1266925.1657","2614622.1472","239.084"
"","","","","",""
"208+540:1","PC","208+540","1266920.5985","2614624.1820","239.327"
"","","","","",""
"EC7:3","PC","208+545","1266916.0193","2614626.1896","239.569"
"","","","","",""
"208+550:1","PC","208+550","1266911.4281","2614628.1699","239.812"
"","","","","",""
"208+555","PC","208+555","1266906.8253","2614630.1228","240.054"
"","","","","",""
"208+560:2","PC","208+560","1266902.2110","2614632.0483","240.297"
"","","","","",""
"208+565","PC","208+565","1266897.5852","2614633.9463","240.539"
"","","","","",""
"208+570:1","PC","208+570","1266892.9482","2614635.8167","240.782"
"","","","","",""
"208+575:1","PC","208+575","1266888.3002","2614637.6595","241.024"
"","","","","",""
"208+580:1","PC","208+580","1266883.6413","2614639.4746","241.267"
"","","","","",""
"208+585","PC","208+585","1266878.9717","2614641.2619","241.509"
"","","","","",""
"208+590:2","PC","208+590","1266874.2915","2614643.0214","241.752"
"","","","","",""
"208+595","PC","208+595","1266869.6010","2614644.7530","241.994"
"","","","","",""
"208+600:2","PC","208+600","1266864.9002","2614646.4567","242.237"
"","","","","",""
"208+605:1","PC","208+605","1266860.1893","2614648.1323","242.479"
"","","","","",""
"208+610:1","PC","208+610","1266855.4686","2614649.7799","242.722"
"","","","","",""
"208+615","PC","208+615","1266850.7381","2614651.3994","242.964"
"","","","","",""
"BC8:5","PC","208+616.813","1266849.0205","2614651.9796","243.052"
"","","","","",""
"208+620:2","PC","208+620","1266845.9981","2614652.9907","243.207"
"","","","","",""
"208+625","PC","208+625","1266841.2487","2614654.5537","243.449"
"","","","","",""
"208+630:1","PC","208+630","1266836.4900","2614656.0884","243.692"
"","","","","",""
"208+635:1","PC","208+635","1266831.7224","2614657.5948","243.934"
"","","","","",""
"208+640:1","PC","208+640","1266826.9458","2614659.0727","244.177"
"","","","","",""
"208+645","PC","208+645","1266822.1605","2614660.5223","244.419"
"","","","","",""
"208+650:2","PC","208+650","1266817.3667","2614661.9433","244.662"
"","","","","",""
"208+655","PC","208+655","1266812.5645","2614663.3357","244.904"
"","","","","",""
"208+660:1","PC","208+660","1266807.7541","2614664.6995","245.147"
"","","","","",""
"208+665:1","PC","208+665","1266802.9357","2614666.0347","245.389"
"","","","","",""
"208+670:1","PC","208+670","1266798.1094","2614667.3412","245.632"
"","","","","",""
"208+675","PC","208+675","1266793.2754","2614668.6189","245.874"
"","","","","",""
"208+680:2","PC","208+680","1266788.4339","2614669.8678","246.117"
"","","","","",""
"208+685","PC","208+685","1266783.5851","2614671.0879","246.359"
"","","","","",""
"208+690:1","PC","208+690","1266778.7291","2614672.2791","246.602"
"","","","","",""
"208+695:1","PC","208+695","1266773.8660","2614673.4414","246.844"
"","","","","",""
"208+700:2","PC","208+700","1266768.9962","2614674.5747","247.087"
"","","","","",""
"208+705","PC","208+705","1266764.1197","2614675.6790","247.329"
"","","","","",""
"208+710:2","PC","208+710","1266759.2367","2614676.7542","247.572"
"","","","","",""
"208+715","PC","208+715","1266754.3473","2614677.8004","247.814"
"","","","","",""
"208+720:1","PC","208+720","1266749.4519","2614678.8175","248.057"
"","","","","",""
"208+725:1","PC","208+725","1266744.5504","2614679.8054","248.299"
"","","","","",""
"208+730:1","PC","208+730","1266739.6432","2614680.7641","248.542"
"","","","","",""
"208+735","PC","208+735","1266734.7304","2614681.6935","248.784"
"","","","","",""
"208+740:2","PC","208+740","1266729.8121","2614682.5937","249.027"
"","","","","",""
"208+745","PC","208+745","1266724.8885","2614683.4647","249.269"
"","","","","",""
"208+750:1","PC","208+750","1266719.9599","2614684.3063","249.512"
"","","","","",""
"208+755:1","PC","208+755","1266715.0263","2614685.1185","249.754"
"","","","","",""
"208+760:1","PC","208+760","1266710.0880","2614685.9014","249.997"
"","","","","",""
"208+765","PC","208+765","1266705.1451","2614686.6548","250.239"
"","","","","",""
"208+770:2","PC","208+770","1266700.1978","2614687.3789","250.482"
"","","","","",""
"208+775","PC","208+775","1266695.2463","2614688.0734","250.724"
"","","","","",""
"208+780:1","PC","208+780","1266690.2907","2614688.7385","250.967"
"","","","","",""
"208+785:1","PC","208+785","1266685.3313","2614689.3741","251.209"
"","","","","",""
"208+790:1","PC","208+790","1266680.3681","2614689.9801","251.452"
"","","","","",""
"208+795","PC","208+795","1266675.4015","2614690.5566","251.694"
"","","","","",""
"208+800:3","PC","208+800","1266670.4315","2614691.1035","251.937"
"","","","","",""
"208+805","PC","208+805","1266665.4583","2614691.6208","252.179"
"","","","","",""
"208+810:1","PC","208+810","1266660.4822","2614692.1085","252.422"
"","","","","",""
"208+815:1","PC","208+815","1266655.5032","2614692.5666","252.664"
"","","","","",""
"208+820:1","PC","208+820","1266650.5216","2614692.9950","252.907"
"","","","","",""
"208+825","PC","208+825","1266645.5376","2614693.3938","253.149"
"","","","","",""
"208+830:2","PC","208+830","1266640.5512","2614693.7629","253.392"
"","","","","",""
"208+835","PC","208+835","1266635.5628","2614694.1023","253.634"
"","","","","",""
"208+840:1","PC","208+840","1266630.5724","2614694.4120","253.877"
"","","","","",""
"208+845:1","PC","208+845","1266625.5802","2614694.6920","254.119"
"","","","","",""
"1191","CS","208+845.934","1266624.6480","2614694.7410","254.164"
"","","","","",""
"208+850:1","SP","208+850","1266620.5868","2614694.9424","254.362"
"","","","","",""
"208+855","SP","208+855","1266615.5917","2614695.1638","254.604"
"","","","","",""
"EC8:3","SP","208+858.613","1266611.9815","2614695.3062","254.779"
"","","","","",""
"208+860:1","SP","208+860","1266610.5954","2614695.3570","254.847"
"","","","","",""
"208+865","SP","208+865","1266605.5982","2614695.5231","255.089"
"","","","","",""
"208+870:1","SP","208+870","1266600.6001","2614695.6628","255.332"
"","","","","",""
"208+875:1","SP","208+875","1266595.6014","2614695.7772","255.574"
"","","","","",""
"208+880:1","SP","208+880","1266590.6023","2614695.8670","255.817"
"","","","","",""
"208+885","SP","208+885","1266585.6027","2614695.9332","256.059"
"","","","","",""
"208+890:2","SP","208+890","1266580.6029","2614695.9766","256.302"
"","","","","",""
"208+895","SP","208+895","1266575.6029","2614695.9983","256.544"
"","","","","",""
"208+900:2","SP","208+900","1266570.6029","2614695.9990","256.787"
"","","","","",""
"208+905:1","SP","208+905","1266565.6030","2614695.9797","257.029"
"","","","","",""
"208+910:1","SP","208+910","1266560.6031","2614695.9413","257.272"
"","","","","",""
"208+915","SP","208+915","1266555.6035","2614695.8846","257.514"
"","","","","",""
"1342","SC","208+915.426","1266555.1780","2614695.8790","257.535"
"","","","","",""
"208+920:2","PC","208+920","1266550.6040","2614695.8106","257.757"
"","","","","",""
"208+925","PC","208+925","1266545.6049","2614695.7192","257.999"
"","","","","",""
"208+930:1","PC","208+930","1266540.6060","2614695.6107","258.242"
"","","","","",""
"208+935:1","PC","208+935","1266535.6076","2614695.4849","258.484"
"","","","","",""
"208+940:1","PC","208+940","1266530.6097","2614695.3419","258.727"
"","","","","",""
"208+945","PC","208+945","1266525.6122","2614695.1816","258.969"
"","","","","",""
"208+950:2","PC","208+950","1266520.6154","2614695.0042","259.212"
"","","","","",""
"208+955","PC","208+955","1266515.6192","2614694.8094","259.454"
"","","","","",""
"208+960:1","PC","208+960","1266510.6237","2614694.5975","259.697"
"","","","","",""
"208+965:1","PC","208+965","1266505.6289","2614694.3683","259.939"
"","","","","",""
"208+970:1","PC","208+970","1266500.6350","2614694.1219","260.182"
"","","","","",""
"208+975","PC","208+975","1266495.6420","2614693.8583","260.424"
"","","","","",""
"208+980:2","PC","208+980","1266490.6499","2614693.5775","260.667"
"","","","","",""
"208+985","PC","208+985","1266485.6588","2614693.2795","260.909"
"","","","","",""
"208+990:1","PC","208+990","1266480.6687","2614692.9642","261.152"
"","","","","",""
"208+995:1","PC","208+995","1266475.6798","2614692.6318","261.394"
"","","","","",""
"209+000:2","PC","209+000","1266470.6920","2614692.2821","261.637"
"","","","","",""
"BC7:7","BC","209+002.922","1266467.7778","2614692.0698","261.778"
"","","","","",""
"BC7:6","PC","209+003.108","1266467.5923","2614692.0561","261.787"
"","","","","",""
"209+005","PC","209+005","1266465.7055","2614691.9153","261.879"
"","","","","",""
"209+010:2","PC","209+010","1266460.7203","2614691.5312","262.117"
"","","","","",""
"209+015","PC","209+015","1266455.7364","2614691.1300","262.350"
"","","","","",""
"209+020:1","PC","209+020","1266450.7539","2614690.7116","262.578"
"","","","","",""
"209+025:1","PC","209+025","1266445.7730","2614690.2760","262.801"
"","","","","",""
"209+030:1","PC","209+030","1266440.7935","2614689.8232","263.019"
"","","","","",""
"BC9:7","PC","209+035","1266435.8156","2614689.3533","263.233"
"","","","","",""
"209+040:2","PC","209+040","1266430.8394","2614688.8662","263.441"
"","","","","",""
"209+045","PC","209+045","1266425.8649","2614688.3620","263.645"
"","","","","",""
"209+050:1","PC","209+050","1266420.8922","2614687.8406","263.843"
"","","","","",""
"209+055:1","PC","209+055","1266415.9213","2614687.3020","264.037"
"","","","","",""
"209+060:1","PC","209+060","1266410.9522","2614686.7463","264.226"
"","","","","",""
"209+065","PC","209+065","1266405.9852","2614686.1735","264.410"
"","","","","",""
"209+070:2","PC","209+070","1266401.0201","2614685.5836","264.589"
"","","","","",""
"209+075","PC","209+075","1266396.0571","2614684.9765","264.763"
"","","","","",""
"209+080:1","PC","209+080","1266391.0962","2614684.3523","264.932"
"","","","","",""
"209+085:1","PC","209+085","1266386.1375","2614683.7111","265.096"
"","","","","",""
"209+090:1","PC","209+090","1266381.1810","2614683.0527","265.255"
"","","","","",""
"209+095","PC","209+095","1266376.2269","2614682.3773","265.410"
"","","","","",""
"209+100:3","PC","209+100","1266371.2751","2614681.6847","265.559"
"","","","","",""
"209+105","PC","209+105","1266366.3257","2614680.9751","265.703"
"","","","","",""
"209+110:1","PC","209+110","1266361.3788","2614680.2485","265.843"
"","","","","",""
"209+115:1","PC","209+115","1266356.4344","2614679.5047","265.978"
"","","","","",""
"209+120:1","PC","209+120","1266351.4926","2614678.7440","266.107"
"","","","","",""
"209+125","PC","209+125","1266346.5535","2614677.9662","266.232"
"","","","","",""
"209+130:2","PC","209+130","1266341.6171","2614677.1714","266.352"
"","","","","",""
"209+135","PC","209+135","1266336.6834","2614676.3595","266.467"
"","","","","",""
"209+140:1","PC","209+140","1266331.7526","2614675.5307","266.577"
"","","","","",""
"209+145:1","PC","209+145","1266326.8247","2614674.6848","266.682"
"","","","","",""
"209+150:1","PC","209+150","1266321.8997","2614673.8220","266.782"
"","","","","",""
"209+155","PC","209+155","1266316.9777","2614672.9422","266.878"
"","","","","",""
"209+160:2","PC","209+160","1266312.0588","2614672.0454","266.968"
"","","","","",""
"209+165","PC","209+165","1266307.1430","2614671.1316","267.054"
"","","","","",""
"209+170:1","PC","209+170","1266302.2304","2614670.2010","267.134"
"","","","","",""
"209+175:1","PC","209+175","1266297.3210","2614669.2533","267.210"
"","","","","",""
"209+180:1","PC","209+180","1266292.4149","2614668.2888","267.280"
"","","","","",""
"209+185","PC","209+185","1266287.5122","2614667.3073","267.346"
"","","","","",""
"209+190:2","PC","209+190","1266282.6129","2614666.3090","267.407"
"","","","","",""
"209+195","PC","209+195","1266277.7170","2614665.2937","267.463"
"","","","","",""
"209+200:2","PC","209+200","1266272.8247","2614664.2616","267.514"
"","","","","",""
"209+205:1","PC","209+205","1266267.9360","2614663.2126","267.560"
"","","","","",""
"209+210:1","PC","209+210","1266263.0509","2614662.1468","267.601"
"","","","","",""
"209+215","PC","209+215","1266258.1695","2614661.0641","267.637"
"","","","","",""
"209+220:2","PC","209+220","1266253.2919","2614659.9646","267.669"
"","","","","",""
"209+225","PC","209+225","1266248.4181","2614658.8483","267.695"
"","","","","",""
"209+230:1","PC","209+230","1266243.5482","2614657.7152","267.716"
"","","","","",""
"209+235:1","PC","209+235","1266238.6822","2614656.5653","267.733"
"","","","","",""
"209+240:1","PC","209+240","1266233.8203","2614655.3987","267.745"
"","","","","",""
"209+245","PC","209+245","1266228.9623","2614654.2152","267.751"
"","","","","",""
"209+250:2","PC","209+250","1266224.1085","2614653.0151","267.753"
"","","","","",""
"209+255","PC","209+255","1266219.2589","2614651.7982","267.750"
"","","","","",""
"209+260:1","PC","209+260","1266214.4134","2614650.5645","267.742"
"","","","","",""
"1343","CS","209+262.946","1266211.5610","2614649.8300","267.735"
"","","","","",""
"209+265:1","SP","209+265","1266209.5726","2614649.3132","267.729"
"","","","","",""
"EC9:2","SP","209+268.163","1266206.5127","2614648.5120","267.718"
"","","","","",""
"209+270:1","SP","209+270","1266204.7365","2614648.0435","267.711"
"","","","","",""
"EC7:5","EC","209+274.706","1266200.1888","2614646.8330","267.690"
"","","","","",""
"EC7:4","SP","209+275","1266199.9048","2614646.7569","267.688"
"","","","","",""
"209+280:2","SP","209+280","1266195.0778","2614645.4530","267.663"
"","","","","",""
"209+285","SP","209+285","1266190.2556","2614644.1318","267.638"
"","","","","",""
"209+290:1","SP","209+290","1266185.4381","2614642.7930","267.613"
"","","","","",""
"209+295:1","SP","209+295","1266180.6257","2614641.4364","267.588"
"","","","","",""
"209+300:2","SP","209+300","1266175.8184","2614640.0617","267.563"
"","","","","",""
"1481","ST","209+302.668","1266173.2560","2614639.3210","267.550"
