easting,northing,site_name,tmp1492277655274
2612071.5482,1269294.1221,,236
2612072.9907,1269295.3587,,236
2612075.3031,1269297.2698,,236
2612077.6574,1269299.1291,,235.815293683044
2612080.0523,1269300.9358,,235.815293683044
2612082.4866,1269302.689,,235.815293683044
2612084.9592,1269304.3878,,235.815293683044
2612087.4688,1269306.0314,,235.815293683044
2612090.0142,1269307.619,,235.815293683044
2612092.5942,1269309.1498,,235.707125103563
2612095.2075,1269310.6231,,235.707125103563
2612097.8528,1269312.0381,,235.707125103563
2612100.5287,1269313.3941,,235.707125103563
2612103.2341,1269314.6905,,235.707125103563
2612105.9675,1269315.9266,,235.707125103563
2612108.7277,1269317.1019,,235.707125103563
2612111.5132,1269318.2157,,235.707125103563
2612114.3227,1269319.2675,,236
2612117.1548,1269320.2568,,236
2612117.7589,1269320.4587,,236
2612120.0082,1269321.1831,,236
2612122.8813,1269322.0459,,236
2612125.7729,1269322.8449,,236
2612128.6815,1269323.5796,,236
2612131.6057,1269324.2496,,236
2612134.5439,1269324.8547,,235.707088459285
2612137.4949,1269325.3946,,235.707088459285
2612140.4571,1269325.8689,,235.707088459285
2612143.4291,1269326.2774,,235.707088459285
2612146.4094,1269326.6201,,235.707088459285
2612149.3966,1269326.8965,,235.707088459285
2612152.3891,1269327.1068,,235.707088459285
2612155.3856,1269327.2506,,235.666666666667
2612158.3846,1269327.3281,,235.666666666667
2612161.3845,1269327.339,,235.666666666667
2612164.3839,1269327.2835,,235.666666666667
2612167.3814,1269327.1615,,235.666666666667
2612170.3754,1269326.9731,,235.666666666667
2612173.3645,1269326.7185,,235.666666666667
2612176.3472,1269326.3977,,236
2612179.3221,1269326.0108,,236
2612182.2877,1269325.5581,,236
2612185.2425,1269325.0399,,236
2612188.1852,1269324.4562,,236
2612191.1141,1269323.8075,,236
2612194.028,1269323.0941,,236
2612196.9253,1269322.3163,,236
2612199.8047,1269321.4745,,236
2612202.6648,1269320.569,,236
2612202.6903,1269320.5606,,236
2612205.5957,1269319.6207,,236
2612208.4335,1269318.6479,,235.5
2612211.2494,1269317.6135,,235.5
2612214.0425,1269316.5186,,235.5
2612216.8114,1269315.3643,,235.5
2612219.5554,1269314.1517,,236
2612222.2733,1269312.8819,,236
2612224.9643,1269311.5559,,236
2612227.6275,1269310.1749,,236
2612230.262,1269308.7399,,236
2612232.8671,1269307.2522,,236
2612235.4419,1269305.7128,,236
2612237.9859,1269304.1228,,236
2612240.4982,1269302.4833,,236
2612242.9784,1269300.7956,,236
2612245.4258,1269299.0607,,236
2612247.8502,1269297.2719,,235.5
2612250.2986,1269295.5607,,235.5
2612252.7376,1269293.814,,235.5
2612255.1563,1269292.0392,,235.5
2612257.5543,1269290.2366,,235.5
2612259.9314,1269288.4065,,236
2612262.2872,1269286.5491,,236
2612264.6214,1269284.6646,,236
2612266.9338,1269282.7533,,236
2612269.2239,1269280.8155,,236
2612271.4915,1269278.8513,,236
2612273.7363,1269276.8611,,235.5
2612275.958,1269274.8452,,235.5
2612278.1562,1269272.8038,,235.5
2612280.3308,1269270.7371,,236
2612282.4814,1269268.6455,,236
2612284.6077,1269266.5292,,236
2612286.7095,1269264.3885,,236
2612288.7864,1269262.2237,,236
2612290.8382,1269260.0351,,236
2612292.8646,1269257.8229,,236
2612293.2297,1269257.4188,,236
2612294.8653,1269255.5875,,235.5
2612296.8401,1269253.3292,,235.5
2612298.7887,1269251.0483,,235.5
2612300.7109,1269248.745,,236
2612302.6064,1269246.4197,,236
2612304.4749,1269244.0726,,236
2612306.3162,1269241.7042,,236
2612308.1301,1269239.3147,,236
2612309.9163,1269236.9044,,236
2612311.6745,1269234.4737,,236
2612313.4046,1269232.0228,,236
2612315.1063,1269229.5521,,236
2612315.865,1269228.4306,,236
2612316.787,1269227.0617,,236
2612318.4418,1269224.5594,,236
2612320.0698,1269222.0395,,236
2612321.6723,1269219.5034,,236.142857142857
2612323.2505,1269216.9521,,236.142857142857
2612324.8057,1269214.3867,,236.142857142857
2612326.3393,1269211.8083,,236.142857142857
2612327.8526,1269209.218,,236.142857142857
2612329.347,1269206.6167,,236.142857142857
2612330.8239,1269204.0054,,236.142857142857
2612332.2847,1269201.3851,,236.142857142857
2612333.7308,1269198.7566,,236.142857142857
2612335.1636,1269196.1209,,236.142857142857
2612336.5846,1269193.4788,,236
2612337.9953,1269190.8312,,236
2612339.3971,1269188.1789,,236
2612340.7916,1269185.5226,,236
2612342.1801,1269182.8633,,236.184706316956
2612343.5643,1269180.2017,,236.184706316956
2612344.7703,1269177.8768,,236.184706316956
2612344.9482,1269177.54,,236.184706316956
2612346.3503,1269174.8878,,236.184706316956
2612347.754,1269172.2365,,236.2
2612349.1593,1269169.586,,236.2
2612349.2826,1269169.3536,,236.2
2612350.5662,1269166.9364,,236.2
2612351.9747,1269164.2875,,236.2
2612353.3848,1269161.6396,,236.2
2612354.7964,1269158.9925,,236.2
2612356.2097,1269156.3462,,236.2
2612357.6245,1269153.7008,,236.2
2612359.041,1269151.0562,,236.2
2612360.459,1269148.4125,,236.2
2612361.8786,1269145.7696,,236.2
2612363.2998,1269143.1276,,236.4
2612364.7225,1269140.4865,,236.4
2612366.1469,1269137.8462,,236.4
2612367.5728,1269135.2067,,236.4
2612369.0003,1269132.5681,,236.4
2612370.4295,1269129.9304,,236.4
2612371.8601,1269127.2935,,236.4
2612373.2924,1269124.6575,,236.4
2612374.7263,1269122.0223,,236.4
2612376.1617,1269119.388,,236.4
2612377.5987,1269116.7546,,236.4
2612379.0373,1269114.122,,236.4
2612380.4775,1269111.4903,,236.4
2612381.9192,1269108.8595,,236.460511255246
2612383.3625,1269106.2295,,236.460511255246
2612384.8074,1269103.6004,,236.585792724777
2612386.2539,1269100.9721,,236.585792724777
2612387.702,1269098.3447,,236.585792724777
2612389.1516,1269095.7182,,236.585792724777
2612390.6028,1269093.0926,,236.585792724777
2612392.0556,1269090.4678,,236.585792724777
2612393.51,1269087.8439,,236.575120192308
2612394.9659,1269085.2209,,236.575120192308
2612396.4234,1269082.5987,,236.575120192308
2612397.8825,1269079.9775,,236.575120192308
2612399.3432,1269077.3571,,236.575120192308
2612400.8054,1269074.7375,,236.575120192308
2612402.2692,1269072.1189,,236.575120192308
2612402.9719,1269070.8631,,236.575120192308
2612403.7346,1269069.5011,,236.575120192308
2612405.2015,1269066.8842,,236.72383319525
2612406.67,1269064.2682,,236.72383319525
2612408.1401,1269061.6531,,236.72383319525
2612409.6117,1269059.0389,,236.72383319525
2612411.0849,1269056.4255,,236.72383319525
2612412.5597,1269053.813,,236.72383319525
2612414.0361,1269051.2015,,236.72383319525
2612415.514,1269048.5908,,236.72383319525
2612416.9935,1269045.9809,,236.777777777778
2612418.4745,1269043.372,,236.777777777778
2612419.9571,1269040.764,,236.777777777778
2612421.4413,1269038.1568,,236.777777777778
2612422.9271,1269035.5506,,236.777777777778
2612424.4144,1269032.9452,,236.777777777778
2612425.9032,1269030.3407,,236.881150463513
2612426.3308,1269029.5935,,236.881150463513
2612427.3933,1269027.7369,,236.881150463513
2612428.8834,1269025.1332,,236.865120043162
2612430.3735,1269022.5294,,236.865120043162
2612431.8636,1269019.9256,,236.865120043162
2612433.3537,1269017.3219,,236.865120043162
2612434.8438,1269014.7181,,236.865120043162
2612436.3339,1269012.1143,,236.865120043162
2612437.824,1269009.5106,,236.865120043162
2612439.3141,1269006.9068,,236.865120043162
2612440.8041,1269004.303,,236.792911540715
2612442.2942,1269001.6993,,236.792911540715
2612443.7843,1268999.0955,,236.792911540715
2612445.2744,1268996.4917,,236.792911540715
2612446.7645,1268993.888,,236.853544229643
2612448.2546,1268991.2842,,236.853544229643
2612449.7447,1268988.6804,,236.853544229643
2612451.2348,1268986.0767,,236.828414550446
2612452.7249,1268983.4729,,236.828414550446
2612454.215,1268980.8691,,236.828414550446
2612455.7051,1268978.2653,,236.828414550446
2612457.1952,1268975.6616,,236.828414550446
2612458.6853,1268973.0578,,236.828414550446
2612460.1754,1268970.454,,236.828414550446
2612461.6655,1268967.8503,,236.828414550446
2612463.1556,1268965.2465,,236.792874896437
2612464.6457,1268962.6427,,236.792874896437
2612466.1358,1268960.039,,236.792874896437
2612467.6259,1268957.4352,,237
2612469.116,1268954.8314,,237
2612470.6061,1268952.2277,,237
2612472.0962,1268949.6239,,237
2612473.5863,1268947.0201,,237
2612475.0764,1268944.4164,,237
2612476.5665,1268941.8126,,237
2612478.0566,1268939.2088,,237
2612479.5467,1268936.6051,,237
2612481.0368,1268934.0013,,237
2612482.5269,1268931.3975,,237
2612484.017,1268928.7938,,237
2612485.5071,1268926.19,,237
2612486.9972,1268923.5862,,236.773448119619
2612488.4873,1268920.9825,,237
2612489.9774,1268918.3787,,237
2612491.4675,1268915.7749,,237
2612492.9576,1268913.1711,,237
2612494.4477,1268910.5674,,237
2612495.9378,1268907.9636,,237
2612497.4279,1268905.3598,,237
2612498.918,1268902.7561,,237
2612500.4081,1268900.1523,,237
2612501.8982,1268897.5485,,237
2612503.3883,1268894.9448,,237
2612504.8784,1268892.341,,237
2612506.3685,1268889.7372,,237
2612507.8586,1268887.1335,,237
2612509.3487,1268884.5297,,237.2
2612510.8388,1268881.9259,,237.2
2612512.3289,1268879.3222,,237.2
2612513.819,1268876.7184,,237.2
2612515.3091,1268874.1146,,237.2
2612516.7992,1268871.5109,,237.2
2612518.2893,1268868.9071,,237.2
2612519.7794,1268866.3033,,237.2
2612521.2695,1268863.6996,,237.2
2612522.7596,1268861.0958,,237.2
2612524.2496,1268858.492,,237.2
2612525.7397,1268855.8883,,237.2
2612527.2298,1268853.2845,,237.2
2612528.7199,1268850.6807,,237.2
2612530.21,1268848.077,,237.4
2612531.7001,1268845.4732,,237.4
2612533.1902,1268842.8694,,237.4
2612534.6803,1268840.2656,,237.4
2612536.1704,1268837.6619,,237.4
2612537.6605,1268835.0581,,237.4
2612539.1506,1268832.4543,,237.4
2612540.6407,1268829.8506,,237.4
2612542.1308,1268827.2468,,237.4
2612543.6209,1268824.643,,237.4
2612545.111,1268822.0393,,237.4
2612546.6011,1268819.4355,,237.445881049132
2612548.0912,1268816.8317,,237.445881049132
2612549.5813,1268814.228,,237.445881049132
2612551.0714,1268811.6242,,237.630587366088
2612552.5615,1268809.0204,,237.630587366088
2612554.0516,1268806.4167,,237.630587366088
2612555.5417,1268803.8129,,237.630587366088
2612557.0318,1268801.2091,,237.630587366088
2612558.5219,1268798.6054,,237.656829100892
2612560.012,1268796.0016,,237.656829100892
2612561.5021,1268793.3978,,237.656829100892
2612562.9922,1268790.7941,,237.656829100892
2612564.4823,1268788.1903,,237.656829100892
2612565.9724,1268785.5865,,237.656829100892
2612567.4625,1268782.9828,,237.656829100892
2612568.9526,1268780.379,,237.656829100892
2612570.4427,1268777.7752,,237.787560096154
2612571.9328,1268775.1715,,237.787560096154
2612573.4229,1268772.5677,,237.787560096154
2612574.913,1268769.9639,,237.787560096154
2612576.4031,1268767.3601,,237.787560096154
2612577.8932,1268764.7564,,237.787560096154
2612579.3833,1268762.1526,,237.787560096154
2612580.8734,1268759.5488,,237.787560096154
2612582.3635,1268756.9451,,237.738766980146
2612583.8536,1268754.3413,,237.738766980146
2612585.3437,1268751.7375,,237.738766980146
2612586.8338,1268749.1338,,237.738766980146
2612588.3239,1268746.53,,237.738766980146
2612589.814,1268743.9262,,237.738766980146
2612591.3041,1268741.3225,,237.869383490073
2612592.7942,1268738.7187,,237.869383490073
2612594.2843,1268736.1149,,237.876084262701
2612595.7744,1268733.5112,,237.876084262701
2612597.2645,1268730.9074,,237.876084262701
2612598.7546,1268728.3036,,237.876084262701
2612600.2447,1268725.6999,,237.876084262701
2612601.7348,1268723.0961,,237.876084262701
2612603.2249,1268720.4923,,237.876084262701
2612604.715,1268717.8886,,237.876084262701
2612606.2051,1268715.2848,,237.889746416759
2612607.6952,1268712.681,,237.889746416759
2612609.1852,1268710.0773,,237.889746416759
2612610.6753,1268707.4735,,237.889746416759
2612612.1654,1268704.8697,,238
2612613.6555,1268702.266,,238
2612615.1456,1268699.6622,,238
2612616.6357,1268697.0584,,238
2612618.1258,1268694.4546,,238
2612619.6159,1268691.8509,,238
2612621.106,1268689.2471,,238
2612622.5961,1268686.6433,,238
2612624.0862,1268684.0396,,238
2612625.5763,1268681.4358,,238
2612627.0664,1268678.832,,238
2612628.5565,1268676.2283,,238
2612630.0466,1268673.6245,,238
2612631.5367,1268671.0207,,238
2612633.0268,1268668.417,,238.134879956838
2612634.5169,1268665.8132,,238.134879956838
2612636.007,1268663.2094,,238.134879956838
2612637.4971,1268660.6057,,238.134879956838
2612638.9872,1268658.0019,,238.134879956838
2612640.4773,1268655.3981,,238.134879956838
2612641.9674,1268652.7944,,238.142857142857
2612643.4575,1268650.1906,,238.142857142857
2612644.9476,1268647.5868,,238.142857142857
2612646.4377,1268644.9831,,238.142857142857
2612647.9278,1268642.3793,,238.142857142857
2612649.4179,1268639.7755,,238.142857142857
2612650.908,1268637.1718,,238.142857142857
2612652.3981,1268634.568,,238.142857142857
2612653.8882,1268631.9642,,238.325600215808
2612655.3783,1268629.3604,,238.325600215808
2612656.8684,1268626.7567,,238.325600215808
2612658.3585,1268624.1529,,238.325600215808
2612659.8486,1268621.5491,,238.325600215808
2612661.3387,1268618.9454,,238.325600215808
2612662.8288,1268616.3416,,238.325600215808
2612664.3189,1268613.7378,,238.325600215808
2612665.809,1268611.1341,,238.390499861917
2612667.2991,1268608.5303,,238.390499861917
2612668.7892,1268605.9265,,238.390499861917
2612670.2793,1268603.3228,,238.390499861917
2612671.7694,1268600.719,,238.390499861917
2612673.2595,1268598.1152,,238.390499861917
2612674.7496,1268595.5115,,238.528583264292
2612676.2397,1268592.9077,,238.528583264292
2612677.7298,1268590.3039,,238.6
2612679.2199,1268587.7002,,238.6
2612679.277,1268587.6003,,238.6
2612680.71,1268585.0964,,238.6
2612682.2001,1268582.4926,,238.6
2612683.6902,1268579.8889,,238.6
2612685.1803,1268577.2851,,238.6
2612686.6704,1268574.6813,,238.6
2612688.1605,1268572.0776,,238.6
2612689.6506,1268569.4738,,238.684691745037
2612691.1407,1268566.87,,238.684691745037
2612692.6307,1268564.2663,,238.684691745037
2612694.1208,1268561.6625,,238.684691745037
2612695.6109,1268559.0587,,238.8
2612697.101,1268556.4549,,238.8
2612698.5911,1268553.8512,,238.8
2612700.0812,1268551.2474,,238.8
2612701.5713,1268548.6436,,238.869383490073
2612703.0614,1268546.0399,,238.869383490073
2612704.5515,1268543.4361,,238.869383490073
2612706.0416,1268540.8323,,238.869383490073
2612707.5317,1268538.2286,,238.869383490073
2612709.0218,1268535.6248,,238.869383490073
2612710.5119,1268533.021,,238.869383490073
2612712.002,1268530.4173,,238.869383490073
2612713.4921,1268527.8135,,239
2612714.9822,1268525.2097,,239
2612716.4723,1268522.606,,239.08010253124
2612717.9624,1268520.0022,,239.08010253124
2612719.4525,1268517.3984,,239.08010253124
2612720.9426,1268514.7947,,239.08010253124
2612722.4327,1268512.1909,,239.08010253124
2612723.9228,1268509.5871,,239.08010253124
2612725.4129,1268506.9834,,239.106219951923
2612726.903,1268504.3796,,239.106219951923
2612728.3931,1268501.7758,,239.106219951923
2612729.8832,1268499.1721,,239.106219951923
2612731.3733,1268496.5683,,239.106219951923
2612732.8634,1268493.9645,,239.106219951923
2612734.3535,1268491.3608,,239.106219951923
2612735.8436,1268488.757,,239.106219951923
2612737.3337,1268486.1532,,239.2
2612738.8238,1268483.5494,,239.2
2612740.3139,1268480.9457,,239.2
2612741.804,1268478.3419,,239.2
2612743.2941,1268475.7381,,239.2
2612744.7842,1268473.1344,,239.2
2612746.2743,1268470.5306,,239.2
2612747.7644,1268467.9268,,239.2
2612749.2545,1268465.3231,,239.19474969475
2612750.7446,1268462.7193,,239.19474969475
2612752.2347,1268460.1155,,239.19474969475
2612753.7248,1268457.5118,,239.19474969475
2612755.2149,1268454.908,,239.19474969475
2612756.705,1268452.3042,,239.19474969475
2612758.1951,1268449.7005,,239.215811965812
2612759.6852,1268447.0967,,239.215811965812
2612761.1753,1268444.4929,,239.227379931389
2612762.6654,1268441.8892,,239.227379931389
2612764.1555,1268439.2854,,239.227379931389
2612765.6456,1268436.6816,,239.227379931389
2612767.1357,1268434.0779,,239.227379931389
2612768.6258,1268431.4741,,239.227379931389
2612770.1159,1268428.8703,,239.227379931389
2612771.606,1268426.2666,,239.227379931389
2612773.0961,1268423.6628,,239.222016007424
2612774.5862,1268421.059,,239.222016007424
2612776.0763,1268418.4552,,239.222016007424
2612777.5663,1268415.8515,,239.222016007424
2612779.0564,1268413.2477,,239.270809961858
2612780.5465,1268410.6439,,239.270809961858
2612782.0366,1268408.0402,,239.270809961858
2612783.5267,1268405.4364,,239.270809961858
2612785.0168,1268402.8326,,239.261174732176
2612786.5069,1268400.2289,,239.261174732176
2612787.997,1268397.6251,,239.261174732176
2612789.4871,1268395.0213,,239.261174732176
2612790.9772,1268392.4176,,239.261174732176
2612792.4673,1268389.8138,,239.261174732176
2612793.9574,1268387.21,,239.261174732176
2612795.4475,1268384.6063,,239.261174732176
2612796.9376,1268382.0025,,239.258160237389
2612798.4277,1268379.3987,,239.258160237389
2612799.9178,1268376.795,,239.305029062421
2612801.4079,1268374.1912,,239.305029062421
2612802.898,1268371.5874,,239.305029062421
2612803.277,1268370.9252,,239.305029062421
2612804.3881,1268368.9837,,239.305029062421
2612805.8782,1268366.3799,,239.305029062421
2612807.3683,1268363.7761,,239.305029062421
2612808.8584,1268361.1724,,239.306230054114
2612810.3485,1268358.5686,,239.306230054114
2612811.8386,1268355.9648,,239.306230054114
2612813.3287,1268353.3611,,239.306230054114
2612814.8188,1268350.7573,,239.306230054114
2612816.3089,1268348.1535,,239.306230054114
2612817.799,1268345.5497,,239.306230054114
2612819.2891,1268342.946,,239.306230054114
2612820.7792,1268340.3422,,239.333333333333
2612822.2693,1268337.7384,,239.333333333333
2612823.7594,1268335.1347,,239.333333333333
2612825.2495,1268332.5309,,239.333333333333
2612826.7396,1268329.9271,,239.333333333333
2612828.2297,1268327.3234,,239.333333333333
2612829.7198,1268324.7196,,239.333333333333
2612831.2099,1268322.1158,,239.333333333333
2612832.7,1268319.5121,,239.357142857143
2612834.1901,1268316.9083,,239.357142857143
2612835.6802,1268314.3045,,239.357142857143
2612837.1703,1268311.7008,,239.357142857143
2612838.6604,1268309.097,,239.357142857143
2612840.1505,1268306.4932,,239.357142857143
2612841.6406,1268303.8895,,239.389256520047
2612843.1307,1268301.2857,,239.389256520047
2612844.6208,1268298.6819,,239.416261967532
2612846.1109,1268296.0782,,239.416261967532
2612847.601,1268293.4744,,239.416261967532
2612849.0911,1268290.8706,,239.416261967532
2612850.5812,1268288.2669,,239.416261967532
2612852.0713,1268285.6631,,239.416261967532
2612853.5614,1268283.0593,,239.416261967532
2612855.0515,1268280.4556,,239.416261967532
2612856.5416,1268277.8518,,239.463841481053
2612858.0317,1268275.248,,239.463841481053
2612859.5218,1268272.6442,,239.463841481053
2612861.0118,1268270.0405,,239.463841481053
2612862.5019,1268267.4367,,239.486419105104
2612863.992,1268264.8329,,239.486419105104
2612865.4821,1268262.2292,,239.486419105104
2612866.9722,1268259.6254,,239.486419105104
2612868.4623,1268257.0216,,239.556361051883
2612869.9524,1268254.4179,,239.556361051883
2612871.4425,1268251.8141,,239.556361051883
2612872.9326,1268249.2103,,239.556361051883
2612874.4227,1268246.6066,,239.556361051883
2612875.9128,1268244.0028,,239.556361051883
2612877.4029,1268241.399,,239.556361051883
2612878.893,1268238.7953,,239.556361051883
2612880.3831,1268236.1915,,239.611242954613
2612881.7295,1268233.8388,,239.611242954613
2612881.8732,1268233.5877,,239.611242954613
2612883.3634,1268230.984,,239.620351725064
2612884.8537,1268228.3804,,239.620351725064
2612886.3445,1268225.777,,239.620351725064
2612887.8358,1268223.1739,,239.620351725064
2612889.3279,1268220.5713,,239.620351725064
2612890.821,1268217.9693,,239.620351725064
2612892.3153,1268215.3679,,239.648140690025
2612893.8109,1268212.7673,,239.648140690025
2612895.3081,1268210.1676,,239.648140690025
2612896.807,1268207.5689,,239.648140690025
2612898.3078,1268204.9713,,239.648140690025
2612899.8108,1268202.3749,,239.648140690025
2612901.316,1268199.7799,,239.648140690025
2612902.8238,1268197.1863,,239.648140690025
2612904.3342,1268194.5943,,239.61809704211
2612905.8475,1268192.0039,,239.61809704211
2612907.3639,1268189.4154,,239.61809704211
2612908.8836,1268186.8287,,239.61809704211
2612910.4066,1268184.2441,,239.61809704211
2612911.9333,1268181.6616,,239.61809704211
2612913.4638,1268179.0814,,239.61809704211
2612914.9983,1268176.5035,,239.61809704211
2612916.537,1268173.9282,,239.625678399752
2612918.08,1268171.3554,,239.625678399752
2612919.6276,1268168.7854,,239.625678399752
2612921.18,1268166.2183,,239.625678399752
2612922.7372,1268163.6541,,239.625678399752
2612924.2996,1268161.0931,,239.555555555556
2612925.6945,1268158.8164,,239.555555555556
2612925.8672,1268158.5352,,239.555555555556
2612927.4403,1268155.9807,,239.555555555556
2612929.0191,1268153.4298,,239.559421751555
2612930.6036,1268150.8824,,239.559421751555
2612932.1942,1268148.3387,,239.559421751555
2612933.791,1268145.799,,239.559421751555
2612935.3941,1268143.2632,,239.559421751555
2612937.0037,1268140.7316,,239.559421751555
2612938.6201,1268138.2043,,239.559421751555
2612940.2433,1268135.6814,,239.559421751555
2612941.8736,1268133.163,,239.56386630533
2612943.5111,1268130.6494,,239.56386630533
2612945.156,1268128.1405,,239.46628713752
2612946.8085,1268125.6367,,239.46628713752
2612948.4687,1268123.1379,,239.46628713752
2612950.1368,1268120.6445,,239.46628713752
2612951.813,1268118.1564,,239.46628713752
2612953.4975,1268115.6739,,239.46628713752
2612955.1903,1268113.1972,,239.46628713752
2612956.8917,1268110.7263,,239.47139230619
2612958.6018,1268108.2614,,239.47139230619
2612958.7738,1268108.0144,,239.47139230619
2612960.3209,1268105.8024,,239.47139230619
2612962.0488,1268103.35,,239.47139230619
2612963.7855,1268100.9038,,239.47139230619
2612965.531,1268098.4639,,239.373755125952
2612967.2853,1268096.0303,,239.373755125952
2612969.0484,1268093.6031,,239.373755125952
2612970.8203,1268091.1822,,239.3626513703
2612972.6009,1268088.7678,,239.3626513703
2612974.3902,1268086.3598,,239.3626513703
2612976.1883,1268083.9584,,239.3626513703
2612977.9949,1268081.5634,,239.3626513703
2612979.8103,1268079.175,,239.3626513703
2612981.6342,1268076.7931,,239.3626513703
2612983.4668,1268074.4179,,239.3626513703
2612985.3079,1268072.0493,,239.3626513703
2612987.1576,1268069.6874,,239.27616680475
2612989.0158,1268067.3321,,239.27616680475
2612990.8825,1268064.9836,,239.27616680475
2612992.7577,1268062.6419,,239.27616680475
2612994.6413,1268060.307,,239.27616680475
2612996.5333,1268057.9789,,239.27616680475
2612998.4338,1268055.6576,,239.27616680475
2613000.3426,1268053.3432,,239.27616680475
2613002.2598,1268051.0358,,239.27616680475
2613004.1853,1268048.7352,,239.292911540715
2613006.1191,1268046.4417,,239.292911540715
2613008.0612,1268044.1552,,239.146455770357
2613010.0116,1268041.8757,,239.146455770357
2613011.9702,1268039.6032,,239.146455770357
2613013.9369,1268037.3379,,239.146455770357
2613015.9119,1268035.0796,,239.146455770357
2613017.895,1268032.8286,,239.146455770357
2613019.8862,1268030.5847,,239.146455770357
2613021.8855,1268028.348,,239.207088459285
2613023.8929,1268026.1186,,239.207088459285
2613025.9084,1268023.8964,,239.207088459285
2613027.9318,1268021.6816,,239.125
2613029.9633,1268019.474,,239.125
2613032.0027,1268017.2738,,239.125
2613034.05,1268015.081,,239.125
2613036.1053,1268012.8957,,239.125
2613038.1684,1268010.7177,,239.125
2613040.2394,1268008.5473,,239.25
2613042.3183,1268006.3843,,239.25
2613044.4049,1268004.2289,,239.25
2613046.4993,1268002.081,,239.25
2613048.6015,1267999.9407,,239.25
2613050.7114,1267997.808,,239.25
2613052.829,1267995.683,,239.25
2613054.9542,1267993.5656,,239.25
2613057.0871,1267991.4559,,239.25
2613059.2276,1267989.3539,,239.25
2613061.3757,1267987.2597,,239.375
2613063.5314,1267985.1733,,239.375
2613065.6946,1267983.0947,,239.375
2613067.8652,1267981.0239,,239.375
2613070.0434,1267978.961,,239.320344358858
2613072.2289,1267976.9059,,239.320344358858
2613074.4219,1267974.8588,,239.320344358858
2613076.6223,1267972.8196,,239.320344358858
2613078.8301,1267970.7884,,239.320344358858
2613081.0451,1267968.7651,,239.320344358858
2613083.2675,1267966.7499,,239.433620299048
2613083.7237,1267966.338,,239.433620299048
2613085.4971,1267964.7427,,239.433620299048
2613087.734,1267962.7436,,239.433620299048
2613089.9781,1267960.7526,,239.320344358858
2613092.2293,1267958.7698,,239.320344358858
2613094.4878,1267956.795,,239.320344358858
2613096.7533,1267954.8285,,239.320344358858
2613099.0259,1267952.8701,,239.320344358858
2613101.3056,1267950.92,,239.320344358858
2613103.5924,1267948.9782,,239.320344358858
2613105.8861,1267947.0446,,239.320344358858
2613108.1868,1267945.1193,,239.566379700952
2613110.4945,1267943.2023,,239.566379700952
2613112.809,1267941.2937,,239.320344358858
2613115.1305,1267939.3935,,239.320344358858
2613117.4588,1267937.5017,,239.320344358858
2613119.7939,1267935.6183,,239.320344358858
2613122.1358,1267933.7433,,239.320344358858
2613124.4845,1267931.8769,,239.320344358858
2613126.8399,1267930.0189,,239.320344358858
2613129.202,1267928.1695,,239.320344358858
2613131.5708,1267926.3286,,239.256426598683
2613133.9462,1267924.4963,,239.320344358858
2613136.3282,1267922.6725,,239.320344358858
2613138.7169,1267920.8574,,239.320344358858
2613141.112,1267919.051,,239.320344358858
2613143.5137,1267917.2532,,239.320344358858
2613145.9218,1267915.4641,,239.320344358858
2613148.3364,1267913.6837,,239.320344358858
2613150.7574,1267911.9121,,239.320344358858
2613153.1848,1267910.1492,,239.256426598683
2613155.6186,1267908.3952,,239.256426598683
2613158.0586,1267906.6499,,239.256426598683
2613160.505,1267904.9134,,239.320344358858
2613162.9576,1267903.1858,,239.320344358858
2613165.4165,1267901.4671,,239.320344358858
2613167.8816,1267899.7573,,239.320344358858
2613170.3528,1267898.0564,,239.320344358858
2613172.8301,1267896.3644,,239.320344358858
2613175.3136,1267894.6815,,239.256426598683
2613177.8031,1267893.0075,,239.256426598683
2613180.2987,1267891.3425,,239.256426598683
2613182.8002,1267889.6865,,239.256426598683
2613185.3077,1267888.0396,,239.256426598683
2613187.8212,1267886.4018,,239.256426598683
2613190.3406,1267884.773,,239.256426598683
2613192.8658,1267883.1534,,239.320344358858
2613195.3969,1267881.5429,,239.256426598683
2613196.2644,1267880.9939,,239.256426598683
2613197.9341,1267879.9414,,239.256426598683
2613200.4766,1267878.3491,,239.256426598683
2613203.0247,1267876.7657,,239.256426598683
2613205.5783,1267875.1911,,239.256426598683
2613208.137,1267873.6249,,239.256426598683
2613210.7009,1267872.0672,,239.256426598683
2613213.2697,1267870.5177,,239.256426598683
2613213.6143,1267870.3107,,239.256426598683
2613215.8434,1267868.9762,,239.160172179429
2613218.4218,1267867.4426,,239.160172179429
2613221.0047,1267865.9166,,239.160172179429
2613223.5921,1267864.3982,,239.160172179429
2613226.1837,1267862.8871,,239.273448119619
2613228.7795,1267861.3831,,239.273448119619
2613231.3793,1267859.8862,,239.273448119619
2613233.983,1267858.396,,239.273448119619
2613236.5905,1267856.9124,,239.150201827066
2613239.2017,1267855.4353,,239.150201827066
2613241.8163,1267853.9644,,239.150201827066
2613244.4344,1267852.4996,,239.150201827066
2613247.0557,1267851.0406,,239.150201827066
2613249.6802,1267849.5874,,239.150201827066
2613252.3078,1267848.1396,,239.150201827066
2613254.9383,1267846.6972,,239.150201827066
2613257.5715,1267845.2599,,239.111111111111
2613260.2075,1267843.8275,,239.111111111111
2613262.8461,1267842.3999,,239.168053244592
2613265.4871,1267840.9769,,239.168053244592
2613268.1304,1267839.5582,,239.168053244592
2613270.7761,1267838.1437,,239.168053244592
2613273.4238,1267836.7332,,239.168053244592
2613276.0736,1267835.3266,,239.168053244592
2613278.7252,1267833.9235,,239.125
2613281.3787,1267832.5238,,239.125
2613284.0339,1267831.1274,,239.125
2613286.6907,1267829.734,,239.125
2613289.3489,1267828.3434,,239.125
2613292.0086,1267826.9555,,239.125
2613294.6695,1267825.5701,,239.125
2613297.3316,1267824.1869,,239.125
2613299.9947,1267822.8057,,239
2613302.6589,1267821.4264,,239.142857142857
2613305.3239,1267820.0488,,239.142857142857
2613307.9896,1267818.6727,,239.142857142857
2613310.656,1267817.2979,,239.142857142857
2613313.323,1267815.9241,,239.142857142857
2613315.9905,1267814.5512,,239.142857142857
2613318.6583,1267813.179,,239
2613321.3263,1267811.8074,,239
2613323.9945,1267810.436,,239
2613325.4324,1267809.697,,239
2613326.6628,1267809.0647,,239
2613329.331,1267807.6934,,239
2613331.9993,1267806.3222,,239
2613334.6676,1267804.9509,,239
2613337.3358,1267803.5796,,239
2613340.0041,1267802.2084,,239
2613342.6723,1267800.8371,,239.166666666667
2613345.3406,1267799.4658,,239.166666666667
2613348.0089,1267798.0946,,239.166666666667
2613350.6771,1267796.7233,,239.166666666667
2613353.3454,1267795.352,,239.166666666667
2613356.0137,1267793.9808,,239.166666666667
2613358.6819,1267792.6095,,239.166666666667
2613361.3502,1267791.2382,,239
2613364.0184,1267789.8669,,239
2613366.6867,1267788.4957,,239
2613369.355,1267787.1244,,239
2613372.0232,1267785.7531,,239
2613374.6915,1267784.3819,,239
2613377.3598,1267783.0106,,239
2613380.028,1267781.6393,,239
2613382.6963,1267780.2681,,239
2613385.3645,1267778.8968,,239
2613388.0328,1267777.5255,,239
2613390.7011,1267776.1543,,239
2613393.3693,1267774.783,,239
2613396.0376,1267773.4117,,239
2613398.7059,1267772.0405,,239
2613401.3741,1267770.6692,,239
2613404.0424,1267769.2979,,239
2613406.7106,1267767.9267,,239
2613409.3789,1267766.5554,,239
2613412.0472,1267765.1841,,239
2613414.7154,1267763.8129,,239
2613417.3837,1267762.4416,,239
2613420.052,1267761.0703,,239
2613422.7202,1267759.6991,,238.875
2613425.3885,1267758.3278,,239
2613428.0567,1267756.9565,,239
2613430.725,1267755.5853,,239
2613433.3933,1267754.214,,239
2613436.0615,1267752.8427,,239
2613438.7298,1267751.4715,,239
2613441.3981,1267750.1002,,239
2613444.0663,1267748.7289,,239
2613446.7346,1267747.3576,,239
2613449.4028,1267745.9864,,239
2613452.0711,1267744.6151,,239
2613454.7394,1267743.2438,,239
2613457.4076,1267741.8726,,239
2613460.0759,1267740.5013,,239
2613462.7442,1267739.13,,239
2613465.4124,1267737.7588,,239
2613468.0807,1267736.3875,,239
2613470.7489,1267735.0162,,239
2613473.4172,1267733.645,,239
2613476.0855,1267732.2737,,239
2613478.7537,1267730.9024,,239
2613481.422,1267729.5312,,239
2613484.0903,1267728.1599,,239
2613486.7585,1267726.7886,,239
2613489.4268,1267725.4174,,239
2613492.095,1267724.0461,,239
2613494.7633,1267722.6748,,239
2613497.4316,1267721.3036,,239
2613500.0998,1267719.9323,,239
2613502.7681,1267718.561,,239
2613505.4364,1267717.1898,,239.2
2613508.1046,1267715.8185,,239
2613510.7729,1267714.4472,,239
2613513.4411,1267713.076,,239
2613516.1094,1267711.7047,,239
2613518.7777,1267710.3334,,239
2613521.4459,1267708.9622,,239
2613524.1142,1267707.5909,,239
2613526.7825,1267706.2196,,239
2613529.4507,1267704.8483,,239
2613532.119,1267703.4771,,239
2613532.4608,1267703.3014,,239
2613534.7872,1267702.1058,,239
2613537.4555,1267700.7345,,239
2613540.1238,1267699.3633,,239
2613542.792,1267697.992,,239
2613545.4603,1267696.6207,,239.2
2613548.1286,1267695.2495,,239
2613550.7968,1267693.8782,,239
2613553.4651,1267692.5069,,239
2613556.1333,1267691.1357,,239
2613558.8016,1267689.7644,,239
2613561.4699,1267688.3931,,239
2613564.1381,1267687.0219,,239
2613566.8064,1267685.6506,,239
2613569.4747,1267684.2793,,238.707088459285
2613572.1429,1267682.9081,,238.707088459285
2613574.8112,1267681.5368,,238.707088459285
2613577.4794,1267680.1655,,238.707088459285
2613580.1477,1267678.7943,,238.707088459285
2613582.816,1267677.423,,238.707088459285
2613585.4842,1267676.0517,,239
2613588.1525,1267674.6805,,239
2613590.8208,1267673.3092,,239
2613593.489,1267671.9379,,239
2613596.1573,1267670.5667,,239
2613598.8255,1267669.1954,,239
2613601.4938,1267667.8241,,239
2613604.1621,1267666.4529,,239
2613606.8303,1267665.0816,,239
2613609.4986,1267663.7103,,238.666666666667
2613612.1669,1267662.339,,238.666666666667
2613614.8351,1267660.9678,,238.666666666667
2613617.5034,1267659.5965,,238.666666666667
2613620.1716,1267658.2252,,238.666666666667
2613622.8399,1267656.854,,238.666666666667
2613625.5082,1267655.4827,,239
2613628.1764,1267654.1114,,239
2613630.8447,1267652.7402,,239
2613633.513,1267651.3689,,239
2613636.1812,1267649.9976,,239
2613638.8495,1267648.6264,,239
2613641.5177,1267647.2551,,239
2613644.186,1267645.8838,,239
2613646.8543,1267644.5126,,239
2613649.5225,1267643.1413,,239
2613652.1908,1267641.77,,239.333333333333
2613654.8591,1267640.3988,,239.333333333333
2613657.5273,1267639.0275,,239.333333333333
2613660.1956,1267637.6562,,239.333333333333
2613662.8638,1267636.285,,239.333333333333
2613665.5321,1267634.9137,,239.333333333333
2613668.2004,1267633.5424,,239.5
2613670.8686,1267632.1712,,239.5
2613673.5369,1267630.7999,,239.75
2613676.2052,1267629.4286,,239.75
2613678.8734,1267628.0574,,239.75
2613681.5417,1267626.6861,,239.75
2613684.2099,1267625.3148,,239.75
2613686.8782,1267623.9436,,239.75
2613689.5465,1267622.5723,,239.75
2613692.2147,1267621.201,,239.75
2613694.883,1267619.8297,,240
2613697.5513,1267618.4585,,240
2613700.2195,1267617.0872,,240
2613702.8878,1267615.7159,,240
2613705.556,1267614.3447,,240
2613708.2243,1267612.9734,,240
2613710.8926,1267611.6021,,240
2613713.5608,1267610.2309,,241
2613716.2291,1267608.8596,,241
2613718.8974,1267607.4883,,241
2613721.5656,1267606.1171,,241
2613724.2339,1267604.7458,,241
2613726.9021,1267603.3745,,241
2613729.5704,1267602.0033,,241
2613732.2387,1267600.632,,241
2613734.9069,1267599.2607,,242
2613737.5752,1267597.8895,,242
2613740.2435,1267596.5182,,242
2613742.9117,1267595.1469,,242
2613745.58,1267593.7757,,242
2613748.2482,1267592.4044,,242
2613750.9165,1267591.0331,,242
2613753.5848,1267589.6619,,242
2613756.253,1267588.2906,,243
2613758.9213,1267586.9193,,243
2613761.5896,1267585.5481,,243
2613764.2578,1267584.1768,,243
2613766.9261,1267582.8055,,243
2613769.5943,1267581.4343,,243
2613772.2626,1267580.063,,243
2613774.9309,1267578.6917,,243
2613777.5991,1267577.3204,,243
2613780.2674,1267575.9492,,243
2613782.9357,1267574.5779,,243
2613785.6039,1267573.2066,,243
2613788.2722,1267571.8354,,243
2613790.9404,1267570.4641,,243
2613793.6087,1267569.0928,,243
2613796.277,1267567.7216,,243
2613798.9452,1267566.3503,,242.666666666667
2613801.6135,1267564.979,,242.666666666667
2613804.2818,1267563.6078,,242.666666666667
2613806.95,1267562.2365,,242.666666666667
2613809.6183,1267560.8652,,242.666666666667
2613812.2865,1267559.494,,242.666666666667
2613814.9548,1267558.1227,,242.666666666667
2613817.6231,1267556.7514,,242.414250207125
2613820.2913,1267555.3802,,242.414250207125
2613822.9596,1267554.0089,,242.414250207125
2613825.6279,1267552.6376,,242.414250207125
2613828.2961,1267551.2664,,242
2613830.9644,1267549.8951,,242
2613833.6326,1267548.5238,,242
2613836.3009,1267547.1526,,242
2613838.9692,1267545.7813,,241.857142857143
2613841.6374,1267544.41,,241.857142857143
2613844.3057,1267543.0388,,241.857142857143
2613846.974,1267541.6675,,241.857142857143
2613849.6422,1267540.2962,,241.857142857143
2613852.3105,1267538.925,,241.857142857143
2613854.9787,1267537.5537,,241.857142857143
2613857.647,1267536.1824,,241.857142857143
2613860.3153,1267534.8111,,241.779544745868
2613862.9835,1267533.4399,,241.779544745868
2613865.6518,1267532.0686,,241.779544745868
2613868.3201,1267530.6973,,241.674399784192
2613870.9883,1267529.3261,,241.674399784192
2613873.6566,1267527.9548,,241.674399784192
2613876.3248,1267526.5835,,241.674399784192
2613878.9931,1267525.2123,,241.674399784192
2613881.6614,1267523.841,,241.585823081429
2613884.3296,1267522.4697,,241.585823081429
2613886.9979,1267521.0985,,241.585823081429
2613889.6662,1267519.7272,,241.585823081429
2613892.3344,1267518.3559,,241.585823081429
2613895.0027,1267516.9847,,241.585823081429
2613897.6709,1267515.6134,,241.585823081429
2613900.3392,1267514.2421,,241.585823081429
2613903.0075,1267512.8709,,241.439367311072
2613905.6757,1267511.4996,,241.439367311072
2613908.344,1267510.1283,,241.4
2613911.0123,1267508.7571,,241.4
2613913.6805,1267507.3858,,241.4
2613916.3488,1267506.0145,,241.4
2613919.017,1267504.6433,,241.4
2613921.6853,1267503.272,,241.27616680475
2613924.3536,1267501.9007,,241.27616680475
2613927.0218,1267500.5295,,241.27616680475
2613929.6901,1267499.1582,,241.27616680475
2613932.3584,1267497.7869,,241.27616680475
2613935.0266,1267496.4157,,241.27616680475
2613937.6949,1267495.0444,,241.27616680475
2613940.3631,1267493.6731,,241.27616680475
2613943.0314,1267492.3018,,241.138083402375
2613945.6997,1267490.9306,,241.138083402375
2613948.3679,1267489.5593,,241.138083402375
2613951.0362,1267488.188,,241.130616509927
2613953.7045,1267486.8168,,241.130616509927
2613956.3727,1267485.4455,,241.130616509927
2613959.041,1267484.0742,,241.130616509927
2613961.7092,1267482.703,,241.130616509927
2613964.3775,1267481.3317,,241
2613967.0458,1267479.9604,,241
2613969.714,1267478.5892,,241
2613972.3823,1267477.2179,,241
2613975.0506,1267475.8466,,241
2613977.7188,1267474.4754,,241
2613980.3871,1267473.1041,,241
2613983.0553,1267471.7328,,241
2613985.7236,1267470.3616,,240.75
2613988.3919,1267468.9903,,240.75
2613991.0601,1267467.619,,240.585823081429
2613993.7284,1267466.2478,,240.585823081429
2613996.3967,1267464.8765,,240.585823081429
2613999.0649,1267463.5052,,240.585823081429
2614001.7332,1267462.134,,240.585823081429
2614004.4014,1267460.7627,,240.292911540715
2614007.0697,1267459.3914,,240.292911540715
2614009.738,1267458.0202,,240.292911540715
2614012.4062,1267456.6489,,240.292911540715
2614015.0745,1267455.2776,,240.292911540715
2614017.7428,1267453.9064,,240.292911540715
2614020.411,1267452.5351,,240.292911540715
2614023.0793,1267451.1638,,240.292911540715
2614025.7475,1267449.7925,,240
2614028.4158,1267448.4213,,240
2614031.0841,1267447.05,,240
2614033.7523,1267445.6787,,240
2614036.4206,1267444.3075,,240
2614039.0889,1267442.9362,,240
2614041.7571,1267441.5649,,240
2614044.4254,1267440.1937,,240
2614047.0936,1267438.8224,,240
2614049.7619,1267437.4511,,240
2614052.4302,1267436.0799,,240
2614055.0984,1267434.7086,,240
2614057.7667,1267433.3373,,240
2614060.435,1267431.9661,,240
2614063.1032,1267430.5948,,240
2614065.7715,1267429.2235,,240
2614068.4397,1267427.8523,,240
2614071.108,1267426.481,,240
2614073.7763,1267425.1097,,240
2614076.4445,1267423.7385,,240
2614079.1128,1267422.3672,,240
2614081.7811,1267420.9959,,240
2614084.4493,1267419.6247,,240
2614087.1176,1267418.2534,,240
2614089.7858,1267416.8821,,240
2614092.4541,1267415.5109,,240
2614095.1224,1267414.1396,,240
2614097.7906,1267412.7683,,240
2614100.4589,1267411.3971,,240
2614103.1272,1267410.0258,,240
2614105.7954,1267408.6545,,240
2614108.4637,1267407.2832,,240
2614111.1319,1267405.912,,240
2614113.8002,1267404.5407,,240
2614116.4685,1267403.1694,,240
2614119.1367,1267401.7982,,240
2614121.805,1267400.4269,,240
2614123.9338,1267399.3329,,240
2614124.4733,1267399.0556,,240
2614127.1415,1267397.6843,,240
2614129.8096,1267396.3128,,240
2614132.4776,1267394.941,,240
2614135.1454,1267393.5687,,240
2614137.8128,1267392.1958,,240
2614140.4798,1267390.8221,,240
2614143.1463,1267389.4474,,240
2614145.8123,1267388.0717,,240
2614148.4776,1267386.6947,,240
2614151.1422,1267385.3164,,240.125
2614153.806,1267383.9366,,240.125
2614156.469,1267382.555,,240.125
2614159.131,1267381.1716,,240.125
2614161.792,1267379.7863,,240.125
2614164.4519,1267378.3988,,240.125
2614167.1105,1267377.0091,,240.125
2614169.768,1267375.6169,,240.125
2614172.424,1267374.2222,,240.25
2614175.0787,1267372.8247,,240.25
2614177.7318,1267371.4244,,240.25
2614180.3833,1267370.0211,,240.25
2614183.0332,1267368.6146,,240.25
2614185.6813,1267367.2048,,240.25
2614188.3276,1267365.7915,,240.25
2614190.9719,1267364.3746,,240.25
2614193.6142,1267362.954,,240.375
2614196.2544,1267361.5295,,240.375
2614198.8925,1267360.101,,240.375
2614201.5283,1267358.6683,,240.375
2614204.1617,1267357.2312,,240.375
2614206.7926,1267355.7897,,240.375
2614209.4211,1267354.3436,,240.375
2614212.0469,1267352.8927,,240.375
2614214.67,1267351.4369,,240.510986203373
2614217.2903,1267349.976,,240.510986203373
2614219.9077,1267348.51,,240.510986203373
2614222.5221,1267347.0386,,240.510986203373
2614225.1334,1267345.5618,,240.510986203373
2614227.7416,1267344.0794,,240.510986203373
2614230.3464,1267342.5912,,240.444444444444
2614232.9479,1267341.0971,,240.594247682434
2614235.5459,1267339.5971,,240.594247682434
2614238.1404,1267338.0908,,240.594247682434
2614240.7312,1267336.5782,,240.594247682434
2614243.3182,1267335.0593,,240.594247682434
2614245.9013,1267333.5337,,240.594247682434
2614248.4805,1267332.0014,,240.594247682434
2614251.0556,1267330.4623,,240.594247682434
2614253.6265,1267328.9162,,240.594247682434
2614256.1932,1267327.363,,240.713097218921
2614258.7554,1267325.8026,,240.713097218921
2614261.3131,1267324.2348,,240.713097218921
2614261.5313,1267324.1005,,240.713097218921
2614263.866,1267322.6596,,240.638732754216
2614266.4145,1267321.0768,,240.638732754216
2614268.9583,1267319.4865,,240.638732754216
2614271.4974,1267317.8887,,240.638732754216
2614274.0318,1267316.2835,,240.638732754216
2614276.5615,1267314.6708,,240.674399784192
2614279.0864,1267313.0507,,240.674399784192
2614281.6066,1267311.4232,,240.674399784192
2614284.1219,1267309.7883,,240.674399784192
2614286.6325,1267308.146,,240.674399784192
2614289.1382,1267306.4963,,240.674399784192
2614291.639,1267304.8392,,240.674399784192
2614294.1349,1267303.1748,,240.674399784192
2614296.626,1267301.503,,240.623635796695
2614299.1121,1267299.824,,240.623635796695
2614301.5932,1267298.1376,,240.623635796695
2614301.7036,1267298.0624,,240.623635796695
2614304.0694,1267296.444,,240.623635796695
2614306.5406,1267294.743,,240.623635796695
2614309.0068,1267293.0348,,240.623635796695
2614311.468,1267291.3194,,240.623635796695
2614313.924,1267289.5967,,240.623635796695
2614316.3751,1267287.8668,,240.738825267824
2614318.821,1267286.1297,,240.738825267824
2614321.2618,1267284.3855,,240.738825267824
2614323.6974,1267282.634,,240.738825267824
2614326.1279,1267280.8754,,240.5
2614328.5532,1267279.1097,,240.5
2614330.9734,1267277.3368,,240.5
2614333.3882,1267275.5568,,240.5
2614335.7979,1267273.7697,,240.5
2614338.2023,1267271.9756,,240.738825267824
2614340.6013,1267270.1744,,240.738825267824
2614342.9951,1267268.3661,,240.738825267824
2614345.3836,1267266.5508,,240.738825267824
2614347.7667,1267264.7285,,240.738825267824
2614350.1444,1267262.8992,,240.738825267824
2614352.5167,1267261.0629,,240.738825267824
2614354.8837,1267259.2196,,240.5
2614357.2451,1267257.3694,,240.5
2614359.6012,1267255.5122,,240.679655641142
2614361.9518,1267253.6481,,240.679655641142
2614364.2968,1267251.7771,,240.679655641142
2614366.6364,1267249.8993,,240.679655641142
2614368.9704,1267248.0145,,240.679655641142
2614371.2989,1267246.1229,,240.679655641142
2614373.6218,1267244.2244,,240.679655641142
2614375.9391,1267242.3192,,240.679655641142
2614378.2508,1267240.4071,,240.679655641142
2614380.5569,1267238.4882,,240.5
2614382.8573,1267236.5626,,240.5
2614385.152,1267234.6302,,240.5
2614387.4411,1267232.691,,240.5
2614389.7244,1267230.7452,,240.5
2614392.002,1267228.7926,,240.5
2614394.2738,1267226.8333,,240.5
2614396.5399,1267224.8674,,240.5
2614398.8002,1267222.8948,,240.5
2614401.0547,1267220.9156,,240.679655641142
2614403.3033,1267218.9297,,240.320344358858
2614405.5461,1267216.9372,,240.320344358858
2614407.783,1267214.9382,,240.320344358858
2614410.014,1267212.9326,,240.320344358858
2614412.2391,1267210.9204,,240.320344358858
2614414.4583,1267208.9017,,240.320344358858
2614416.6716,1267206.8765,,240.320344358858
2614418.8789,1267204.8447,,240.320344358858
2614421.0801,1267202.8065,,240.5
2614423.2754,1267200.7618,,240.5
2614425.4647,1267198.7107,,240.5
2614427.6479,1267196.6532,,240.292911540715
2614429.8251,1267194.5892,,240.292911540715
2614431.9962,1267192.5188,,240.292911540715
2614434.1612,1267190.4421,,240.292911540715
2614436.32,1267188.359,,240.292911540715
2614438.4727,1267186.2696,,240.292911540715
2614440.6193,1267184.1738,,240.292911540715
2614442.7597,1267182.0717,,240.5
2614444.8939,1267179.9634,,240.5
2614447.0219,1267177.8488,,240.5
2614449.1437,1267175.7279,,240.25
2614451.2592,1267173.6008,,240.25
2614453.3685,1267171.4675,,240.25
2614455.4715,1267169.328,,240.25
2614457.5681,1267167.1823,,240.25
2614459.6585,1267165.0305,,240.25
2614461.7425,1267162.8725,,240.333333333333
2614463.8202,1267160.7084,,240.333333333333
2614465.8914,1267158.5382,,240.333333333333
2614467.9563,1267156.3619,,240
2614470.0148,1267154.1795,,240
2614472.0669,1267151.9912,,240
2614474.1125,1267149.7967,,240
2614476.1516,1267147.5963,,240
2614477.0723,1267146.5986,,240
2614478.1843,1267145.3899,,240
2614480.2105,1267143.1775,,240
2614482.2301,1267140.9592,,240
2614484.2432,1267138.7349,,240.333333333333
2614486.2498,1267136.5047,,240.333333333333
2614488.2498,1267134.2687,,240
2614490.2432,1267132.0267,,240
2614490.8901,1267131.2964,,240
2614492.23,1267129.7789,,240
2614494.2101,1267127.5252,,240
2614496.1833,1267125.2654,,240
2614498.1493,1267122.9995,,240
2614500.1081,1267120.7272,,240
2614502.0594,1267118.4485,,240
2614504.003,1267116.1633,,240.333333333333
2614505.9388,1267113.8714,,240
2614507.8665,1267111.5727,,240
2614509.786,1267109.2672,,240
2614511.1324,1267107.6398,,240
2614511.6968,1267106.955,,240
2614512.0958,1267106.47,,240
2614513.5993,1267104.6354,,240
2614515.4932,1267102.3088,,240
2614517.3785,1267099.9751,,240
2614519.2551,1267097.6346,,240
2614521.123,1267095.287,,240
2614522.9822,1267092.9326,,240
2614524.8327,1267090.5713,,240.5
2614526.6745,1267088.2032,,240.5
2614528.5074,1267085.8283,,240.5
2614530.3315,1267083.4466,,240.5
2614532.1468,1267081.0581,,240.5
2614533.9533,1267078.663,,240.5
2614535.7508,1267076.2611,,240.5
2614537.5395,1267073.8527,,240.5
2614539.3192,1267071.4376,,240.5
2614541.09,1267069.0159,,240.5
2614542.8518,1267066.5878,,240.5
2614544.6045,1267064.1531,,241
2614546.3483,1267061.7119,,241
2614548.083,1267059.2643,,241
2614549.8086,1267056.8102,,241
2614551.5251,1267054.3498,,241
2614553.2325,1267051.8831,,241
2614554.9307,1267049.4101,,241
2614556.6198,1267046.9307,,241
2614558.2997,1267044.4452,,241
2614559.9704,1267041.9534,,241
2614561.6318,1267039.4555,,241
2614563.2839,1267036.9514,,241
2614564.9268,1267034.4412,,241
2614566.5604,1267031.925,,242
2614568.1846,1267029.4027,,242
2614569.7995,1267026.8745,,242
2614571.405,1267024.3402,,242
2614573.0011,1267021.8001,,242
2614574.5878,1267019.254,,242
2614576.165,1267016.7021,,242
2614577.7328,1267014.1443,,242
2614579.2911,1267011.5808,,242
2614580.8399,1267009.0115,,242
2614582.3792,1267006.4365,,242
2614583.9089,1267003.8558,,242
2614585.4291,1267001.2695,,242
2614586.9396,1266998.6776,,242.125
2614588.4406,1266996.08,,242.125
2614589.9319,1266993.477,,242.125
2614591.4136,1266990.8684,,242.125
2614592.8856,1266988.2544,,242.111111111111
2614594.3479,1266985.6349,,242.111111111111
2614595.8005,1266983.01,,242.111111111111
2614597.2434,1266980.3798,,242.111111111111
2614598.6765,1266977.7442,,242.111111111111
2614600.0998,1266975.1034,,242.111111111111
2614601.5134,1266972.4573,,242.111111111111
2614602.9171,1266969.806,,242.111111111111
2614604.311,1266967.1495,,242.1
2614605.6951,1266964.4878,,242.1
2614607.0693,1266961.8211,,242.2
2614608.4336,1266959.1492,,242.2
2614609.788,1266956.4724,,242.2
2614611.1325,1266953.7905,,242.2
2614612.467,1266951.1037,,242.2
2614613.7916,1266948.412,,242.181818181818
2614615.1062,1266945.7153,,242.181818181818
2614616.4108,1266943.0139,,242.181818181818
2614617.7054,1266940.3076,,242.181818181818
2614618.99,1266937.5965,,242.181818181818
2614620.2645,1266934.8807,,242.181818181818
2614621.5289,1266932.1602,,242.181818181818
2614622.7833,1266929.435,,242.181818181818
2614624.0275,1266926.7052,,242.194457870147
2614625.2617,1266923.9708,,242.194457870147
2614626.4857,1266921.2319,,242.194457870147
2614627.6995,1266918.4884,,242.194457870147
2614628.9032,1266915.7405,,242.275012083132
2614629.0438,1266915.4178,,242.275012083132
2614630.0967,1266912.9881,,242.275012083132
2614631.28,1266910.2313,,242.275012083132
2614632.4531,1266907.4702,,242.275012083132
2614633.6159,1266904.7047,,242.276829621059
2614634.7685,1266901.935,,242.276829621059
2614635.9108,1266899.161,,242.276829621059
2614637.0429,1266896.3828,,242.276829621059
2614638.1646,1266893.6004,,242.276829621059
2614639.276,1266890.8138,,242.276829621059
2614640.3771,1266888.0232,,242.276829621059
2614641.4679,1266885.2285,,242.289437772926
2614642.5483,1266882.4298,,242.289437772926
2614643.6183,1266879.6272,,242.289437772926
2614644.678,1266876.8205,,242.289437772926
2614645.7272,1266874.01,,242.289437772926
2614646.766,1266871.1956,,242.289437772926
2614647.7944,1266868.3774,,242.289437772926
2614648.8124,1266865.5554,,242.365280289331
2614649.8198,1266862.7296,,242.365280289331
2614650.8169,1266859.9001,,242.365280289331
2614651.8034,1266857.067,,242.365280289331
2614652.7794,1266854.2302,,242.365280289331
2614653.7449,1266851.3898,,242.365280289331
2614654.6999,1266848.5458,,242.365280289331
2614655.0383,1266847.5297,,242.365280289331
2614655.6444,1266845.6984,,242.365280289331
2614656.5783,1266842.8475,,242.393780048077
2614657.5016,1266839.9931,,242.393780048077
2614658.4143,1266837.1353,,242.393780048077
2614659.3165,1266834.2742,,242.393780048077
2614660.2081,1266831.4097,,242.393780048077
2614661.089,1266828.542,,242.393780048077
2614661.9593,1266825.671,,242.393780048077
2614662.819,1266822.7968,,242.375
2614663.668,1266819.9195,,242.375
2614664.5064,1266817.039,,242.375
2614665.3341,1266814.1554,,242.375
2614666.1511,1266811.2688,,242.375
2614666.9574,1266808.3792,,242.375
2614667.753,1266805.4866,,242.375
2614668.5379,1266802.5911,,242.365127813812
2614669.312,1266799.6927,,242.269744372377
2614670.0754,1266796.7915,,242.269744372377
2614670.8281,1266793.8874,,242.269744372377
2614671.57,1266790.9806,,242.269744372377
2614672.3011,1266788.0711,,242.269744372377
2614673.0215,1266785.1589,,242.269744372377
2614673.731,1266782.244,,242.25
2614674.4298,1266779.3265,,242.25
2614675.1177,1266776.4064,,242.25
2614675.7949,1266773.4839,,242.25
2614676.4612,1266770.5588,,242.25
2614677.1166,1266767.6313,,242.25
2614677.7612,1266764.7013,,242.25
2614678.395,1266761.769,,242.25
2614679.0179,1266758.8344,,242.171560300898
2614679.6299,1266755.8975,,242.171560300898
2614680.231,1266752.9584,,242.171560300898
2614680.8213,1266750.017,,242.171560300898
2614681.4006,1266747.0735,,242.171560300898
2614681.9691,1266744.1278,,242.171560300898
2614682.5266,1266741.1801,,242.171560300898
2614683.0732,1266738.2303,,242.134879956838
2614683.6089,1266735.2785,,242.134879956838
2614684.1336,1266732.3248,,242.134879956838
2614684.6474,1266729.3691,,242.134879956838
2614685.1503,1266726.4115,,242.134879956838
2614685.6422,1266723.4521,,242.134879956838
2614686.1231,1266720.4909,,242.134879956838
2614686.593,1266717.528,,242
2614687.052,1266714.5633,,242
2614687.5,1266711.5969,,242
2614687.937,1266708.6289,,242
2614688.363,1266705.6594,,242
2614688.778,1266702.6882,,242
2614689.182,1266699.7155,,242
2614689.575,1266696.7414,,242
2614689.957,1266693.7658,,242
2614690.328,1266690.7888,,241.869383490073
2614690.6879,1266687.8105,,241.869383490073
2614691.0368,1266684.8309,,241.869383490073
2614691.3746,1266681.8499,,241.869383490073
2614691.7014,1266678.8678,,241.869383490073
2614692.0172,1266675.8845,,241.849759615385
2614692.3219,1266672.9,,241.849759615385
2614692.6155,1266669.9144,,241.849759615385
2614692.8981,1266666.9277,,241.849759615385
2614693.1697,1266663.94,,241.849759615385
2614693.4301,1266660.9514,,241.849759615385
2614693.6795,1266657.9618,,241.849759615385
2614693.9178,1266654.9712,,241.83979493752
2614694.1451,1266651.9799,,241.83979493752
2614694.3612,1266648.9877,,241.83979493752
2614694.5663,1266645.9947,,241.83979493752
2614694.7603,1266643.001,,241.83979493752
2614694.9432,1266640.0065,,241.83979493752
2614695.115,1266637.0115,,241.828414550446
2614695.2757,1266634.0158,,241.828414550446
2614695.4253,1266631.0195,,241.828414550446
2614695.5638,1266628.0227,,241.828414550446
2614695.6912,1266625.0254,,241.828414550446
2614695.8076,1266622.0277,,241.828414550446
2614695.9128,1266619.0295,,241.828414550446
2614696.0069,1266616.031,,242
2614696.0899,1266613.0321,,242
2614696.1618,1266610.033,,242
2614696.1626,1266609.996,,242
2614696.2226,1266607.0336,,242
2614696.2722,1266604.034,,242
2614696.3108,1266601.0343,,242
2614696.3383,1266598.0344,,242
2614696.3546,1266595.0345,,242
2614696.3598,1266592.0345,,242
2614696.354,1266589.0345,,242
2614696.337,1266586.0345,,242
2614696.3364,1266585.9648,,242
2614696.3089,1266583.0347,,242
2614696.27,1266580.035,,242
2614696.2207,1266577.0354,,242
2614696.1611,1266574.036,,242.166666666667
2614696.0915,1266571.0368,,242.166666666667
2614696.0124,1266568.0378,,242.166666666667
2614695.924,1266565.0391,,242.166666666667
2614695.8265,1266562.0407,,242.166666666667
2614695.7203,1266559.0426,,242.166666666667
2614695.6057,1266556.0448,,242.166666666667
2614695.483,1266553.0473,,242.2
2614695.3525,1266550.0501,,242.2
2614695.2145,1266547.0533,,242.2
2614695.0693,1266544.0568,,242.2
2614694.9171,1266541.0607,,242.2
2614694.7584,1266538.0649,,242.2
2614694.5933,1266535.0694,,242.2
2614694.4223,1266532.0743,,242.320344358858
2614694.2455,1266529.0795,,242.320344358858
2614694.0633,1266526.0851,,242.320344358858
2614693.876,1266523.0909,,242.320344358858
2614693.6839,1266520.0971,,242.320344358858
2614693.4873,1266517.1035,,242.320344358858
2614693.2865,1266514.1103,,242.320344358858
2614693.0817,1266511.1173,,242.679655641142
2614693.0693,1266510.9369,,242.679655641142
2614692.8734,1266508.1245,,242.679655641142
2614692.6614,1266505.132,,242.679655641142
2614692.4458,1266502.1398,,242.679655641142
2614692.2267,1266499.1478,,242.679655641142
2614692.0039,1266496.1561,,242.679655641142
2614691.7776,1266493.1646,,242.679655641142
2614691.5477,1266490.1734,,242.8
2614691.3142,1266487.1825,,242.8
2614691.0771,1266484.1919,,242.8
2614690.8364,1266481.2016,,242.8
2614690.5921,1266478.2115,,242.8
2614690.3443,1266475.2218,,242.8
2614690.0928,1266472.2324,,242.8
2614689.8378,1266469.2432,,243.125
2614689.5791,1266466.2544,,243.125
2614689.3169,1266463.2659,,243.125
2614689.0511,1266460.2777,,243.125
2614688.7817,1266457.2898,,243.125
2614688.6484,1266455.8256,,243.125
2614688.5088,1266454.3022,,243.125
2614688.2321,1266451.315,,243.125
2614687.9516,1266448.3282,,243.19072025897
2614687.6672,1266445.3417,,243.19072025897
2614687.3785,1266442.3556,,243.19072025897
2614687.0855,1266439.3699,,243.19072025897
2614686.788,1266436.3847,,243.19072025897
2614686.5895,1266434.4187,,243.19072025897
2614686.4858,1266433.4,,243.19072025897
2614686.1788,1266430.4157,,243.19072025897
2614685.8667,1266427.432,,243.325600215808
2614685.5495,1266424.4488,,243.325600215808
2614685.227,1266421.4662,,243.325600215808
2614684.8989,1266418.4842,,243.325600215808
2614684.5651,1266415.5028,,243.325600215808
2614684.2256,1266412.5221,,243.325600215808
2614683.88,1266409.5421,,243.325600215808
2614683.5282,1266406.5628,,243.546940083307
2614683.1701,1266403.5842,,243.546940083307
2614682.8055,1266400.6065,,243.546940083307
2614682.4342,1266397.6295,,243.546940083307
2614682.0561,1266394.6535,,243.546940083307
2614681.6709,1266391.6783,,243.546940083307
2614681.2786,1266388.7041,,243.546940083307
2614681.0266,1266386.8228,,243.674399784192
2614680.879,1266385.7309,,243.674399784192
2614680.4719,1266382.7587,,243.674399784192
2614680.0574,1266379.7874,,243.674399784192
2614679.6355,1266376.8173,,243.674399784192
2614679.2062,1266373.8482,,243.674399784192
2614678.7694,1266370.8801,,243.674399784192
2614678.3252,1266367.9132,,243.674399784192
2614677.8735,1266364.9474,,243.779544745868
2614677.4145,1266361.9827,,243.779544745868
2614676.948,1266359.0192,,243.779544745868
2614676.4741,1266356.0569,,243.779544745868
2614675.9928,1266353.0957,,243.779544745868
2614675.5042,1266350.1358,,243.779544745868
2614675.0081,1266347.1771,,243.779544745868
2614674.5046,1266344.2196,,243.857142857143
2614673.9937,1266341.2635,,243.857142857143
2614673.4754,1266338.3086,,243.857142857143
2614672.9497,1266335.355,,243.857142857143
2614672.4166,1266332.4027,,243.857142857143
2614671.8762,1266329.4518,,243.857142857143
2614671.3283,1266326.5023,,243.857142857143
2614670.7731,1266323.5541,,244
2614670.2106,1266320.6073,,244
2614669.6406,1266317.662,,244
2614669.0633,1266314.718,,244.333333333333
2614668.4786,1266311.7756,,244.333333333333
2614667.8865,1266308.8346,,244.333333333333
2614667.2871,1266305.8951,,244.333333333333
2614666.6804,1266302.957,,244.666666666667
2614666.0663,1266300.0206,,244.666666666667
2614665.4449,1266297.0856,,244.666666666667
2614664.8161,1266294.1523,,244.666666666667
2614664.1799,1266291.2205,,244.666666666667
2614663.5365,1266288.2903,,244.666666666667
2614662.8857,1266285.3618,,244.666666666667
2614662.2276,1266282.4348,,245
2614661.5622,1266279.5096,,245
2614660.8894,1266276.586,,245
2614660.2094,1266273.6641,,245
2614659.522,1266270.7439,,245
2614658.8273,1266267.8254,,245
2614658.1254,1266264.9087,,245
2614657.4161,1266261.9937,,245.5
2614656.6996,1266259.0806,,245.5
2614655.9757,1266256.1692,,245.5
2614655.2446,1266253.2597,,245.5
2614654.5062,1266250.352,,245.5
2614653.7605,1266247.4461,,245.5
2614653.0076,1266244.5421,,245.5
2614652.2474,1266241.64,,246
2614651.48,1266238.7399,,246
2614650.7052,1266235.8416,,246
2614649.9233,1266232.9453,,246
2614649.1341,1266230.051,,246
2614648.3376,1266227.1586,,247
2614647.534,1266224.2683,,247
2614647.3492,1266223.6078,,247
2614646.7232,1266221.3802,,247
2614645.9052,1266218.4939,,248
2614645.0802,1266215.6096,,248
2614644.2484,1266212.7272,,248
2614643.4099,1266209.8468,,248
2614642.5649,1266206.9682,,248
2614642.2041,1266205.7464,,248
2614642.1743,1266205.6457,,248
2614641.7135,1266204.0916,,248
2614640.8558,1266201.2168,,248
2614639.992,1266198.3438,,249
2614639.1223,1266195.4727,,249
2614638.2468,1266192.6033,,249
2614637.3655,1266189.7356,,249
2614636.4788,1266186.8697,,249
2614635.5866,1266184.0054,,249
2614634.6892,1266181.1428,,249
2614633.7867,1266178.2818,,251
2614632.8792,1266175.4223,,251
2614631.9669,1266172.5644,,251
2614631.0499,1266169.708,,251
2614630.1284,1266166.853,,251
2614629.2025,1266163.9995,,251
2614628.2723,1266161.1473,,251
2614627.3379,1266158.2965,,253
2614626.3996,1266155.447,,253
2614625.4575,1266152.5988,,253
2614624.5116,1266149.7518,,253
2614623.5622,1266146.906,,253
2614622.6094,1266144.0614,,253
2614621.6533,1266141.2178,,253
2614620.6941,1266138.3753,,253
2614619.7318,1266135.5338,,254
2614618.7667,1266132.6933,,254
2614617.7988,1266129.8537,,254
2614616.8284,1266127.015,,254
2614615.8555,1266124.1771,,254
2614614.8803,1266121.34,,254
2614613.9029,1266118.5037,,254
2614612.9235,1266115.6681,,255
2614611.9422,1266112.8331,,255
2614610.9592,1266109.9988,,255
2614609.9745,1266107.165,,255
2614608.9883,1266104.3317,,255
2614608.0008,1266101.4989,,255
2614607.0121,1266098.6665,,255
2614606.0223,1266095.8345,,256
2614605.0316,1266093.0028,,256
2614604.0401,1266090.1714,,256
2614603.0479,1266087.3402,,256
2614602.0552,1266084.5092,,256
2614601.0621,1266081.6783,,256
2614600.0688,1266078.8475,,256
2614599.2877,1266076.6217,,256
2614599.0754,1266076.0168,,256
2614598.0819,1266073.1861,,256.292911540715
2614597.8848,1266072.6244,,256.292911540715
2614597.0885,1266070.3553,,256.292911540715
2614596.0951,1266067.5246,,256.292911540715
2614595.1016,1266064.6938,,256.292911540715
2614594.1082,1266061.8631,,256.292911540715
2614593.1147,1266059.0324,,256.292911540715
2614592.1213,1266056.2016,,256.292911540715
2614591.1278,1266053.3709,,256.333333333333
2614590.1344,1266050.5402,,256.333333333333
2614589.141,1266047.7094,,256.333333333333
2614588.1475,1266044.8787,,256.333333333333
2614587.1541,1266042.0479,,256.333333333333
2614586.1606,1266039.2172,,256.333333333333
2614585.1672,1266036.3865,,256.666666666667
2614584.1738,1266033.5557,,256.5
2614583.1803,1266030.725,,256.5
2614582.1869,1266027.8943,,256.5
2614581.1934,1266025.0635,,256.5
2614580.2,1266022.2328,,256.5
2614579.2066,1266019.402,,256.5
2614578.2131,1266016.5713,,256.5
2614577.2197,1266013.7406,,256.5
2614576.2262,1266010.9098,,256
2614575.2328,1266008.0791,,256
2614574.2394,1266005.2484,,256
2614573.2459,1266002.4176,,256
2614572.2525,1265999.5869,,256
2614571.259,1265996.7561,,256
2614570.2656,1265993.9254,,256
2614569.2722,1265991.0947,,256
2614568.2787,1265988.2639,,256
2614567.2853,1265985.4332,,256
2614566.2918,1265982.6025,,256
2614565.2984,1265979.7717,,256.5
2614564.305,1265976.941,,256.5
2614563.3115,1265974.1102,,256.5
2614562.3181,1265971.2795,,256
2614561.3246,1265968.4488,,256
2614560.3312,1265965.618,,256
2614559.3377,1265962.7873,,256
2614558.633,1265960.7791,,256
2612478.30235004,1268942.80599048,,237
2612493.20335004,1268916.76829048,,237
