easting,northing,site_name,tmp1492248246522
2612071.5482,1269294.1221,,253.524
2612072.9907,1269295.3587,,253.6122
2612075.3031,1269297.2698,,253.1596
2612077.6574,1269299.1291,,253.1596
2612080.0523,1269300.9358,,252.9344
2612082.4866,1269302.689,,252.9344
2612084.9592,1269304.3878,,252.9344
2612087.4688,1269306.0314,,252.574
2612090.0142,1269307.619,,252.0129
2612092.5942,1269309.1498,,252.0129
2612095.2075,1269310.6231,,251.8054
2612097.8528,1269312.0381,,251.8054
2612100.5287,1269313.3941,,251.6312
2612103.2341,1269314.6905,,251.6312
2612105.9675,1269315.9266,,251.1492
2612108.7277,1269317.1019,,251.1492
2612111.5132,1269318.2157,,251.1567
2612114.3227,1269319.2675,,251.1567
2612117.1548,1269320.2568,,250.6956
2612117.7589,1269320.4587,,250.6956
2612120.0082,1269321.1831,,250.6664
2612122.8813,1269322.0459,,250.6664
2612125.7729,1269322.8449,,250.6372
2612128.6815,1269323.5796,,250.6372
2612131.6057,1269324.2496,,250.638
2612134.5439,1269324.8547,,250.638
2612137.4949,1269325.3946,,248.9911
2612140.4571,1269325.8689,,249.5887
2612143.4291,1269326.2774,,249.5887
2612146.4094,1269326.6201,,250.4562
2612149.3966,1269326.8965,,250.4562
2612152.3891,1269327.1068,,250.596
2612155.3856,1269327.2506,,250.7349
2612158.3846,1269327.3281,,250.7349
2612161.3845,1269327.339,,250.7949
2612164.3839,1269327.2835,,250.7949
2612167.3814,1269327.1615,,250.8807
2612170.3754,1269326.9731,,250.9536
2612173.3645,1269326.7185,,250.9536
2612176.3472,1269326.3977,,250.981
2612179.3221,1269326.0108,,250.981
2612182.2877,1269325.5581,,251.0078
2612185.2425,1269325.0399,,250.9561
2612188.1852,1269324.4562,,251.1372
2612191.1141,1269323.8075,,251.031
2612194.028,1269323.0941,,251.031
2612196.9253,1269322.3163,,251.0368
2612199.8047,1269321.4745,,251.0368
2612202.6648,1269320.569,,251.048
2612202.6903,1269320.5606,,251.048
2612205.5957,1269319.6207,,254.2674
2612208.4335,1269318.6479,,254.2674
2612211.2494,1269317.6135,,254.3974
2612214.0425,1269316.5186,,254.3974
2612216.8114,1269315.3643,,254.1948
2612219.5554,1269314.1517,,254.2604
2612222.2733,1269312.8819,,254.1907
2612224.9643,1269311.5559,,254.1907
2612227.6275,1269310.1749,,254.1214
2612230.262,1269308.7399,,254.0603
2612232.8671,1269307.2522,,254.0603
2612235.4419,1269305.7128,,254.0751
2612237.9859,1269304.1228,,249.5718
2612240.4982,1269302.4833,,251.5019
2612242.9784,1269300.7956,,251.5019
2612245.4258,1269299.0607,,249.9201
2612247.8502,1269297.2719,,249.9201
2612250.2986,1269295.5607,,250.0883
2612252.7376,1269293.814,,250.2419
2612255.1563,1269292.0392,,250.5002
2612257.5543,1269290.2366,,250.5002
2612259.9314,1269288.4065,,251.7095
2612262.2872,1269286.5491,,250.8564
2612264.6214,1269284.6646,,254.0242
2612266.9338,1269282.7533,,251.5852
2612269.2239,1269280.8155,,251.5852
2612271.4915,1269278.8513,,254.1157
2612273.7363,1269276.8611,,254.1157
2612275.958,1269274.8452,,254.0867
2612278.1562,1269272.8038,,254.0867
2612280.3308,1269270.7371,,252.6749
2612282.4814,1269268.6455,,253.9783
2612284.6077,1269266.5292,,253.9783
2612286.7095,1269264.3885,,253.9684
2612288.7864,1269262.2237,,253.9684
2612290.8382,1269260.0351,,254.0015
2612292.8646,1269257.8229,,254.0983
2612293.2297,1269257.4188,,254.0983
2612294.8653,1269255.5875,,254.0983
2612296.8401,1269253.3292,,254.2788
2612298.7887,1269251.0483,,254.2788
2612300.7109,1269248.745,,254.4404
2612302.6064,1269246.4197,,254.4404
2612304.4749,1269244.0726,,255.0592
2612306.3162,1269241.7042,,254.9908
2612308.1301,1269239.3147,,256.2147
2612309.9163,1269236.9044,,256.2147
2612311.6745,1269234.4737,,257.0247
2612313.4046,1269232.0228,,257.0247
2612315.1063,1269229.5521,,257.9974
2612315.865,1269228.4306,,257.9974
2612316.787,1269227.0617,,257.9974
2612318.4418,1269224.5594,,258.122
2612320.0698,1269222.0395,,258.7224
2612321.6723,1269219.5034,,260.0022
2612323.2505,1269216.9521,,260.0022
2612324.8057,1269214.3867,,259.1537
2612326.3393,1269211.8083,,262.4988
2612327.8526,1269209.218,,260.7979
2612329.347,1269206.6167,,260.7979
2612330.8239,1269204.0054,,261.9851
2612332.2847,1269201.3851,,261.9851
2612333.7308,1269198.7566,,260.7999
2612335.1636,1269196.1209,,261.6352
2612336.5846,1269193.4788,,260.9614
2612337.9953,1269190.8312,,260.9614
2612339.3971,1269188.1789,,259.6133
2612340.7916,1269185.5226,,261.6351
2612342.1801,1269182.8633,,260.0558
2612343.5643,1269180.2017,,260.0558
2612344.7703,1269177.8768,,258.8072
2612344.9482,1269177.54,,258.8072
2612346.3503,1269174.8878,,260.3187
2612347.754,1269172.2365,,260.3187
2612349.1593,1269169.586,,258.8674
2612349.2826,1269169.3536,,258.8674
2612350.5662,1269166.9364,,261.3065
2612351.9747,1269164.2875,,260.7338
2612353.3848,1269161.6396,,260.7338
2612354.7964,1269158.9925,,259.2222
2612356.2097,1269156.3462,,262.2787
2612357.6245,1269153.7008,,260.7018
2612359.041,1269151.0562,,260.7018
2612360.459,1269148.4125,,261.4623
2612361.8786,1269145.7696,,261.4623
2612363.2998,1269143.1276,,260.7289
2612364.7225,1269140.4865,,260.7289
2612366.1469,1269137.8462,,261.9745
2612367.5728,1269135.2067,,261.9745
2612369.0003,1269132.5681,,261.4646
2612370.4295,1269129.9304,,262.5366
2612371.8601,1269127.2935,,262.5366
2612373.2924,1269124.6575,,261.2839
2612374.7263,1269122.0223,,261.2839
2612376.1617,1269119.388,,262.5316
2612377.5987,1269116.7546,,262.5316
2612379.0373,1269114.122,,262.0572
2612380.4775,1269111.4903,,262.5215
2612381.9192,1269108.8595,,262.4756
2612383.3625,1269106.2295,,262.4756
2612384.8074,1269103.6004,,262.4282
2612386.2539,1269100.9721,,262.4752
2612387.702,1269098.3447,,262.4262
2612389.1516,1269095.7182,,262.4262
2612390.6028,1269093.0926,,262.494
2612392.0556,1269090.4678,,262.494
2612393.51,1269087.8439,,262.4827
2612394.9659,1269085.2209,,262.4827
2612396.4234,1269082.5987,,262.5408
2612397.8825,1269079.9775,,262.4436
2612399.3432,1269077.3571,,262.4436
2612400.8054,1269074.7375,,262.5587
2612402.2692,1269072.1189,,262.5587
2612402.9719,1269070.8631,,262.5587
2612403.7346,1269069.5011,,262.5389
2612405.2015,1269066.8842,,262.5375
2612406.67,1269064.2682,,262.5353
2612408.1401,1269061.6531,,262.5353
2612409.6117,1269059.0389,,262.5641
2612411.0849,1269056.4255,,262.5919
2612412.5597,1269053.813,,262.6098
2612414.0361,1269051.2015,,262.6098
2612415.514,1269048.5908,,262.6429
2612416.9935,1269045.9809,,262.6429
2612418.4745,1269043.372,,262.7045
2612419.9571,1269040.764,,262.7045
2612421.4413,1269038.1568,,262.7251
2612422.9271,1269035.5506,,262.7251
2612424.4144,1269032.9452,,262.6821
2612425.9032,1269030.3407,,262.7433
2612426.3308,1269029.5935,,262.7191
2612427.3933,1269027.7369,,262.7191
2612428.8834,1269025.1332,,262.7191
2612430.3735,1269022.5294,,262.7195
2612431.8636,1269019.9256,,262.6719
2612433.3537,1269017.3219,,262.6719
2612434.8438,1269014.7181,,262.5436
2612436.3339,1269012.1143,,262.6749
2612437.824,1269009.5106,,262.6347
2612439.3141,1269006.9068,,262.6347
2612440.8041,1269004.303,,262.6527
2612442.2942,1269001.6993,,262.6527
2612443.7843,1268999.0955,,262.5565
2612445.2744,1268996.4917,,262.6941
2612446.7645,1268993.888,,262.5862
2612448.2546,1268991.2842,,262.5862
2612449.7447,1268988.6804,,262.5786
2612451.2348,1268986.0767,,262.5993
2612452.7249,1268983.4729,,262.5519
2612454.215,1268980.8691,,262.5519
2612455.7051,1268978.2653,,262.6379
2612457.1952,1268975.6616,,262.6379
2612458.6853,1268973.0578,,262.6548
2612460.1754,1268970.454,,262.8311
2612461.6655,1268967.8503,,262.8065
2612463.1556,1268965.2465,,262.8065
2612464.6457,1268962.6427,,262.8657
2612466.1358,1268960.039,,262.9531
2612467.6259,1268957.4352,,262.9869
2612469.116,1268954.8314,,262.8869
2612470.6061,1268952.2277,,262.7819
2612472.0962,1268949.6239,,262.8746
2612473.5863,1268947.0201,,262.8746
2612475.0764,1268944.4164,,262.9595
2612476.5665,1268941.8126,,262.9595
2612478.0566,1268939.2088,,262.7365
2612479.5467,1268936.6051,,262.7365
2612481.0368,1268934.0013,,262.8015
2612482.5269,1268931.3975,,262.8015
2612484.017,1268928.7938,,262.8928
2612485.5071,1268926.19,,262.7388
2612486.9972,1268923.5862,,262.7975
2612488.4873,1268920.9825,,262.7975
2612489.9774,1268918.3787,,262.8974
2612491.4675,1268915.7749,,262.8025
2612492.9576,1268913.1711,,262.824
2612494.4477,1268910.5674,,262.824
2612495.9378,1268907.9636,,262.8629
2612497.4279,1268905.3598,,262.8629
2612498.918,1268902.7561,,263.1008
2612500.4081,1268900.1523,,262.7113
2612501.8982,1268897.5485,,262.7465
2612503.3883,1268894.9448,,263.2593
2612504.8784,1268892.341,,263.2593
2612506.3685,1268889.7372,,262.7076
2612507.8586,1268887.1335,,262.7076
2612509.3487,1268884.5297,,262.647
2612510.8388,1268881.9259,,262.6999
2612512.3289,1268879.3222,,262.7411
2612513.819,1268876.7184,,262.7411
2612515.3091,1268874.1146,,262.7215
2612516.7992,1268871.5109,,262.7215
2612518.2893,1268868.9071,,262.6904
2612519.7794,1268866.3033,,262.6904
2612521.2695,1268863.6996,,262.7617
2612522.7596,1268861.0958,,262.7617
2612524.2496,1268858.492,,262.6682
2612525.7397,1268855.8883,,262.718
2612527.2298,1268853.2845,,262.7326
2612528.7199,1268850.6807,,262.7326
2612530.21,1268848.077,,262.6776
2612531.7001,1268845.4732,,262.6776
2612533.1902,1268842.8694,,262.6697
2612534.6803,1268840.2656,,262.6697
2612536.1704,1268837.6619,,262.6843
2612537.6605,1268835.0581,,262.6843
2612539.1506,1268832.4543,,262.7016
2612540.6407,1268829.8506,,262.6887
2612542.1308,1268827.2468,,262.6887
2612543.6209,1268824.643,,262.6736
2612545.111,1268822.0393,,262.7103
2612546.6011,1268819.4355,,262.7427
2612548.0912,1268816.8317,,262.7427
2612549.5813,1268814.228,,262.696
2612551.0714,1268811.6242,,262.6942
2612552.5615,1268809.0204,,262.7177
2612554.0516,1268806.4167,,262.7177
2612555.5417,1268803.8129,,262.6722
2612557.0318,1268801.2091,,262.6722
2612558.5219,1268798.6054,,262.8003
2612560.012,1268796.0016,,262.6787
2612561.5021,1268793.3978,,262.8346
2612562.9922,1268790.7941,,262.8346
2612564.4823,1268788.1903,,262.7385
2612565.9724,1268785.5865,,262.7423
2612567.4625,1268782.9828,,262.7391
2612568.9526,1268780.379,,262.7391
2612570.4427,1268777.7752,,262.7998
2612571.9328,1268775.1715,,262.7998
2612573.4229,1268772.5677,,262.7726
2612574.913,1268769.9639,,262.7447
2612576.4031,1268767.3601,,262.7864
2612577.8932,1268764.7564,,262.7409
2612579.3833,1268762.1526,,262.7409
2612580.8734,1268759.5488,,262.7576
2612582.3635,1268756.9451,,262.7576
2612583.8536,1268754.3413,,262.7678
2612585.3437,1268751.7375,,262.8464
2612586.8338,1268749.1338,,262.7714
2612588.3239,1268746.53,,262.7714
2612589.814,1268743.9262,,262.7695
2612591.3041,1268741.3225,,262.795
2612592.7942,1268738.7187,,262.7809
2612594.2843,1268736.1149,,262.7809
2612595.7744,1268733.5112,,262.8103
2612597.2645,1268730.9074,,262.8103
2612598.7546,1268728.3036,,262.804
2612600.2447,1268725.6999,,262.8578
2612601.7348,1268723.0961,,262.8045
2612603.2249,1268720.4923,,262.8045
2612604.715,1268717.8886,,262.7668
2612606.2051,1268715.2848,,263.018
2612607.6952,1268712.681,,262.7613
2612609.1852,1268710.0773,,262.7613
2612610.6753,1268707.4735,,262.8018
2612612.1654,1268704.8697,,262.7202
2612613.6555,1268702.266,,262.7202
2612615.1456,1268699.6622,,262.8064
2612616.6357,1268697.0584,,262.8064
2612618.1258,1268694.4546,,262.6923
2612619.6159,1268691.8509,,262.6923
2612621.106,1268689.2471,,262.7547
2612622.5961,1268686.6433,,262.7547
2612624.0862,1268684.0396,,262.7132
2612625.5763,1268681.4358,,262.68
2612627.0664,1268678.832,,262.7687
2612628.5565,1268676.2283,,262.7687
2612630.0466,1268673.6245,,262.8799
2612631.5367,1268671.0207,,262.8799
2612633.0268,1268668.417,,262.791
2612634.5169,1268665.8132,,262.791
2612636.007,1268663.2094,,262.8113
2612637.4971,1268660.6057,,262.8113
2612638.9872,1268658.0019,,262.3998
2612640.4773,1268655.3981,,262.9533
2612641.9674,1268652.7944,,262.8039
2612643.4575,1268650.1906,,262.8039
2612644.9476,1268647.5868,,262.5259
2612646.4377,1268644.9831,,262.5532
2612647.9278,1268642.3793,,262.5532
2612649.4179,1268639.7755,,262.3399
2612650.908,1268637.1718,,262.9803
2612652.3981,1268634.568,,262.8513
2612653.8882,1268631.9642,,262.8513
2612655.3783,1268629.3604,,262.9792
2612656.8684,1268626.7567,,262.9792
2612658.3585,1268624.1529,,262.8658
2612659.8486,1268621.5491,,262.8658
2612661.3387,1268618.9454,,262.9876
2612662.8288,1268616.3416,,262.9876
2612664.3189,1268613.7378,,262.899
2612665.809,1268611.1341,,263.1153
2612667.2991,1268608.5303,,263.0352
2612668.7892,1268605.9265,,263.0352
2612670.2793,1268603.3228,,263.091
2612671.7694,1268600.719,,263.091
2612673.2595,1268598.1152,,263.0636
2612674.7496,1268595.5115,,263.0636
2612676.2397,1268592.9077,,263.0849
2612677.7298,1268590.3039,,263.0849
2612679.2199,1268587.7002,,263.0054
2612679.277,1268587.6003,,263.0054
2612680.71,1268585.0964,,263.1968
2612682.2001,1268582.4926,,263.0381
2612683.6902,1268579.8889,,262.9917
2612685.1803,1268577.2851,,263.1348
2612686.6704,1268574.6813,,263.0796
2612688.1605,1268572.0776,,263.0796
2612689.6506,1268569.4738,,263.1461
2612691.1407,1268566.87,,263.158
2612692.6307,1268564.2663,,263.0902
2612694.1208,1268561.6625,,263.0902
2612695.6109,1268559.0587,,263.1824
2612697.101,1268556.4549,,263.1824
2612698.5911,1268553.8512,,263.0327
2612700.0812,1268551.2474,,263.2141
2612701.5713,1268548.6436,,263.1578
2612703.0614,1268546.0399,,263.1578
2612704.5515,1268543.4361,,263.049
2612706.0416,1268540.8323,,263.2554
2612707.5317,1268538.2286,,263.1974
2612709.0218,1268535.6248,,263.1974
2612710.5119,1268533.021,,263.2567
2612712.002,1268530.4173,,263.2567
2612713.4921,1268527.8135,,263.1887
2612714.9822,1268525.2097,,263.1887
2612716.4723,1268522.606,,263.2267
2612717.9624,1268520.0022,,263.2267
2612719.4525,1268517.3984,,263.0771
2612720.9426,1268514.7947,,263.122
2612722.4327,1268512.1909,,263.122
2612723.9228,1268509.5871,,263.1236
2612725.4129,1268506.9834,,263.1819
2612726.903,1268504.3796,,263.261
2612728.3931,1268501.7758,,263.261
2612729.8832,1268499.1721,,263.1013
2612731.3733,1268496.5683,,263.2246
2612732.8634,1268493.9645,,263.1934
2612734.3535,1268491.3608,,263.1934
2612735.8436,1268488.757,,263.1832
2612737.3337,1268486.1532,,263.1832
2612738.8238,1268483.5494,,263.1616
2612740.3139,1268480.9457,,263.142
2612741.804,1268478.3419,,263.3423
2612743.2941,1268475.7381,,263.3423
2612744.7842,1268473.1344,,263.2831
2612746.2743,1268470.5306,,263.2639
2612747.7644,1268467.9268,,263.301
2612749.2545,1268465.3231,,263.301
2612750.7446,1268462.7193,,263.5874
2612752.2347,1268460.1155,,263.5874
2612753.7248,1268457.5118,,263.3326
2612755.2149,1268454.908,,263.3116
2612756.705,1268452.3042,,263.3116
2612758.1951,1268449.7005,,263.2885
2612759.6852,1268447.0967,,263.2885
2612761.1753,1268444.4929,,262.8943
2612762.6654,1268441.8892,,262.8943
2612764.1555,1268439.2854,,263.2923
2612765.6456,1268436.6816,,262.9656
2612767.1357,1268434.0779,,262.8666
2612768.6258,1268431.4741,,262.8666
2612770.1159,1268428.8703,,262.8535
2612771.606,1268426.2666,,262.8535
2612773.0961,1268423.6628,,262.8529
2612774.5862,1268421.059,,262.8529
2612776.0763,1268418.4552,,262.8997
2612777.5663,1268415.8515,,262.8997
2612779.0564,1268413.2477,,262.9303
2612780.5465,1268410.6439,,263.0743
2612782.0366,1268408.0402,,263.2999
2612783.5267,1268405.4364,,263.2999
2612785.0168,1268402.8326,,261.5571
2612786.5069,1268400.2289,,261.5571
2612787.997,1268397.6251,,262.946
2612789.4871,1268395.0213,,262.946
2612790.9772,1268392.4176,,262.7934
2612792.4673,1268389.8138,,262.8589
2612793.9574,1268387.21,,262.8589
2612795.4475,1268384.6063,,263.813
2612796.9376,1268382.0025,,263.813
2612798.4277,1268379.3987,,262.8555
2612799.9178,1268376.795,,262.8555
2612801.4079,1268374.1912,,263.8342
2612802.898,1268371.5874,,263.8342
2612803.277,1268370.9252,,263.8342
2612804.3881,1268368.9837,,262.8915
2612805.8782,1268366.3799,,263.8058
2612807.3683,1268363.7761,,263.815
2612808.8584,1268361.1724,,263.815
2612810.3485,1268358.5686,,263.7896
2612811.8386,1268355.9648,,263.7896
2612813.3287,1268353.3611,,263.7949
2612814.8188,1268350.7573,,263.7949
2612816.3089,1268348.1535,,263.7769
2612817.799,1268345.5497,,263.7769
2612819.2891,1268342.946,,263.7775
2612820.7792,1268340.3422,,263.7678
2612822.2693,1268337.7384,,263.7746
2612823.7594,1268335.1347,,263.7746
2612825.2495,1268332.5309,,263.7735
2612826.7396,1268329.9271,,263.6704
2612828.2297,1268327.3234,,263.6704
2612829.7198,1268324.7196,,262.916
2612831.2099,1268322.1158,,262.7514
2612832.7,1268319.5121,,262.8978
2612834.1901,1268316.9083,,262.8978
2612835.6802,1268314.3045,,262.822
2612837.1703,1268311.7008,,262.822
2612838.6604,1268309.097,,262.9739
2612840.1505,1268306.4932,,262.8005
2612841.6406,1268303.8895,,262.9517
2612843.1307,1268301.2857,,262.9517
2612844.6208,1268298.6819,,262.8559
2612846.1109,1268296.0782,,262.9911
2612847.601,1268293.4744,,262.8534
2612849.0911,1268290.8706,,262.8534
2612850.5812,1268288.2669,,262.929
2612852.0713,1268285.6631,,262.929
2612853.5614,1268283.0593,,262.7926
2612855.0515,1268280.4556,,262.927
2612856.5416,1268277.8518,,262.7719
2612858.0317,1268275.248,,262.7719
2612859.5218,1268272.6442,,262.8404
2612861.0118,1268270.0405,,262.8843
2612862.5019,1268267.4367,,262.6891
2612863.992,1268264.8329,,262.8012
2612865.4821,1268262.2292,,262.7913
2612866.9722,1268259.6254,,262.6972
2612868.4623,1268257.0216,,262.6972
2612869.9524,1268254.4179,,262.7577
2612871.4425,1268251.8141,,262.8163
2612872.9326,1268249.2103,,262.7784
2612874.4227,1268246.6066,,262.7784
2612875.9128,1268244.0028,,262.7959
2612877.4029,1268241.399,,262.7959
2612878.893,1268238.7953,,262.8328
2612880.3831,1268236.1915,,262.8037
2612881.7295,1268233.8388,,262.7869
2612881.8732,1268233.5877,,262.7869
2612883.3634,1268230.984,,262.7869
2612884.8537,1268228.3804,,262.7005
2612886.3445,1268225.777,,262.7309
2612887.8358,1268223.1739,,262.7851
2612889.3279,1268220.5713,,262.7851
2612890.821,1268217.9693,,262.7747
2612892.3153,1268215.3679,,262.7747
2612893.8109,1268212.7673,,262.7161
2612895.3081,1268210.1676,,262.8109
2612896.807,1268207.5689,,262.7325
2612898.3078,1268204.9713,,262.7585
2612899.8108,1268202.3749,,262.7585
2612901.316,1268199.7799,,262.808
2612902.8238,1268197.1863,,262.808
2612904.3342,1268194.5943,,262.7896
2612905.8475,1268192.0039,,262.8183
2612907.3639,1268189.4154,,262.7533
2612908.8836,1268186.8287,,262.7533
2612910.4066,1268184.2441,,262.7672
2612911.9333,1268181.6616,,262.7672
2612913.4638,1268179.0814,,262.8075
2612914.9983,1268176.5035,,262.8075
2612916.537,1268173.9282,,262.8412
2612918.08,1268171.3554,,262.8412
2612919.6276,1268168.7854,,262.8161
2612921.18,1268166.2183,,262.9201
2612922.7372,1268163.6541,,262.841
2612924.2996,1268161.0931,,262.841
2612925.6945,1268158.8164,,262.8883
2612925.8672,1268158.5352,,262.8883
2612927.4403,1268155.9807,,262.8883
2612929.0191,1268153.4298,,262.8079
2612930.6036,1268150.8824,,262.7924
2612932.1942,1268148.3387,,262.7393
2612933.791,1268145.799,,262.7393
2612935.3941,1268143.2632,,262.7514
2612937.0037,1268140.7316,,262.7514
2612938.6201,1268138.2043,,262.7794
2612940.2433,1268135.6814,,262.7348
2612941.8736,1268133.163,,262.7713
2612943.5111,1268130.6494,,262.7713
2612945.156,1268128.1405,,262.7579
2612946.8085,1268125.6367,,262.7579
2612948.4687,1268123.1379,,262.8011
2612950.1368,1268120.6445,,262.8201
2612951.813,1268118.1564,,262.8037
2612953.4975,1268115.6739,,262.8037
2612955.1903,1268113.1972,,262.7997
2612956.8917,1268110.7263,,262.7997
2612958.6018,1268108.2614,,262.7655
2612958.7738,1268108.0144,,262.7655
2612960.3209,1268105.8024,,262.896
2612962.0488,1268103.35,,262.7781
2612963.7855,1268100.9038,,262.7781
2612965.531,1268098.4639,,262.9668
2612967.2853,1268096.0303,,262.9668
2612969.0484,1268093.6031,,262.8468
2612970.8203,1268091.1822,,262.8191
2612972.6009,1268088.7678,,262.9604
2612974.3902,1268086.3598,,262.9604
2612976.1883,1268083.9584,,262.8387
2612977.9949,1268081.5634,,262.8387
2612979.8103,1268079.175,,262.9881
2612981.6342,1268076.7931,,262.8918
2612983.4668,1268074.4179,,262.8689
2612985.3079,1268072.0493,,262.9046
2612987.1576,1268069.6874,,262.8564
2612989.0158,1268067.3321,,262.8564
2612990.8825,1268064.9836,,262.8444
2612992.7577,1268062.6419,,262.8444
2612994.6413,1268060.307,,262.8444
2612996.5333,1268057.9789,,262.7451
2612998.4338,1268055.6576,,262.7451
2613000.3426,1268053.3432,,262.7773
2613002.2598,1268051.0358,,262.7773
2613004.1853,1268048.7352,,262.7466
2613006.1191,1268046.4417,,262.7515
2613008.0612,1268044.1552,,262.7583
2613010.0116,1268041.8757,,263.09
2613011.9702,1268039.6032,,262.773
2613013.9369,1268037.3379,,262.773
2613015.9119,1268035.0796,,262.9814
2613017.895,1268032.8286,,262.771
2613019.8862,1268030.5847,,262.771
2613021.8855,1268028.348,,262.8827
2613023.8929,1268026.1186,,262.8827
2613025.9084,1268023.8964,,262.6887
2613027.9318,1268021.6816,,262.6887
2613029.9633,1268019.474,,262.6117
2613032.0027,1268017.2738,,262.6112
2613034.05,1268015.081,,262.6112
2613036.1053,1268012.8957,,262.6112
2613038.1684,1268010.7177,,262.6112
2613040.2394,1268008.5473,,262.8863
2613042.3183,1268006.3843,,262.8863
2613044.4049,1268004.2289,,262.9224
2613046.4993,1268002.081,,262.7726
2613048.6015,1267999.9407,,262.935
2613050.7114,1267997.808,,262.8111
2613052.829,1267995.683,,262.8111
2613054.9542,1267993.5656,,262.8129
2613057.0871,1267991.4559,,262.8693
2613059.2276,1267989.3539,,262.8016
2613061.3757,1267987.2597,,262.8447
2613063.5314,1267985.1733,,262.8447
2613065.6946,1267983.0947,,262.9063
2613067.8652,1267981.0239,,262.9063
2613070.0434,1267978.961,,262.8047
2613072.2289,1267976.9059,,262.8047
2613074.4219,1267974.8588,,262.7826
2613076.6223,1267972.8196,,262.7647
2613078.8301,1267970.7884,,262.7647
2613081.0451,1267968.7651,,262.7911
2613083.2675,1267966.7499,,262.7911
2613083.7237,1267966.338,,262.7911
2613085.4971,1267964.7427,,262.8169
2613087.734,1267962.7436,,262.8169
2613089.9781,1267960.7526,,262.8169
2613092.2293,1267958.7698,,262.8448
2613094.4878,1267956.795,,262.8448
2613096.7533,1267954.8285,,262.746
2613099.0259,1267952.8701,,262.746
2613101.3056,1267950.92,,262.921
2613103.5924,1267948.9782,,262.7625
2613105.8861,1267947.0446,,262.8985
2613108.1868,1267945.1193,,262.8985
2613110.4945,1267943.2023,,263.0583
2613112.809,1267941.2937,,263.0583
2613115.1305,1267939.3935,,262.9003
2613117.4588,1267937.5017,,262.9003
2613119.7939,1267935.6183,,262.9003
2613122.1358,1267933.7433,,262.8951
2613124.4845,1267931.8769,,262.8951
2613126.8399,1267930.0189,,262.5272
2613129.202,1267928.1695,,262.5704
2613131.5708,1267926.3286,,262.3905
2613133.9462,1267924.4963,,262.6363
2613136.3282,1267922.6725,,261.8797
2613138.7169,1267920.8574,,261.8797
2613141.112,1267919.051,,261.1158
2613143.5137,1267917.2532,,261.1158
2613145.9218,1267915.4641,,258.9587
2613148.3364,1267913.6837,,260.9368
2613150.7574,1267911.9121,,258.2578
2613153.1848,1267910.1492,,258.2578
2613155.6186,1267908.3952,,257.9923
2613158.0586,1267906.6499,,257.9923
2613160.505,1267904.9134,,257.8036
2613162.9576,1267903.1858,,257.8036
2613165.4165,1267901.4671,,257.7863
2613167.8816,1267899.7573,,257.7454
2613170.3528,1267898.0564,,257.8284
2613172.8301,1267896.3644,,257.8284
2613175.3136,1267894.6815,,257.8825
2613177.8031,1267893.0075,,257.8825
2613180.2987,1267891.3425,,257.89
2613182.8002,1267889.6865,,257.8768
2613185.3077,1267888.0396,,257.9996
2613187.8212,1267886.4018,,257.9996
2613190.3406,1267884.773,,257.92
2613192.8658,1267883.1534,,257.92
2613195.3969,1267881.5429,,258.169
2613196.2644,1267880.9939,,258.169
2613197.9341,1267879.9414,,258.1832
2613200.4766,1267878.3491,,258.2271
2613203.0247,1267876.7657,,258.2271
2613205.5783,1267875.1911,,258.2544
2613208.137,1267873.6249,,258.4418
2613210.7009,1267872.0672,,258.4499
2613213.2697,1267870.5177,,258.4499
2613213.6143,1267870.3107,,258.4499
2613215.8434,1267868.9762,,258.3028
2613218.4218,1267867.4426,,258.3028
2613221.0047,1267865.9166,,258.3728
2613223.5921,1267864.3982,,258.4262
2613226.1837,1267862.8871,,258.2936
2613228.7795,1267861.3831,,258.2936
2613231.3793,1267859.8862,,258.2683
2613233.983,1267858.396,,258.2683
2613236.5905,1267856.9124,,258.4685
2613239.2017,1267855.4353,,258.4685
2613241.8163,1267853.9644,,258.0211
2613244.4344,1267852.4996,,258.0211
2613247.0557,1267851.0406,,258.105
2613249.6802,1267849.5874,,258.0523
2613252.3078,1267848.1396,,258.0827
2613254.9383,1267846.6972,,258.0827
2613257.5715,1267845.2599,,258.3826
2613260.2075,1267843.8275,,258.0776
2613262.8461,1267842.3999,,258.0776
2613265.4871,1267840.9769,,259.8011
2613268.1304,1267839.5582,,258.9315
2613270.7761,1267838.1437,,259.8292
2613273.4238,1267836.7332,,259.8292
2613276.0736,1267835.3266,,259.8994
2613278.7252,1267833.9235,,259.8751
2613281.3787,1267832.5238,,259.8802
2613284.0339,1267831.1274,,259.8802
2613286.6907,1267829.734,,259.7826
2613289.3489,1267828.3434,,259.7826
2613292.0086,1267826.9555,,259.843
2613294.6695,1267825.5701,,259.843
2613297.3316,1267824.1869,,259.1831
2613299.9947,1267822.8057,,259.1831
2613302.6589,1267821.4264,,259.7793
2613305.3239,1267820.0488,,259.7239
2613307.9896,1267818.6727,,259.7414
2613310.656,1267817.2979,,259.8027
2613313.323,1267815.9241,,259.8027
2613315.9905,1267814.5512,,259.5131
2613318.6583,1267813.179,,259.5131
2613321.3263,1267811.8074,,258.9171
2613323.9945,1267810.436,,258.9171
2613325.4324,1267809.697,,258.8519
2613326.6628,1267809.0647,,258.8519
2613329.331,1267807.6934,,258.8519
2613331.9993,1267806.3222,,258.9613
2613334.6676,1267804.9509,,259.078
2613337.3358,1267803.5796,,259.3083
2613340.0041,1267802.2084,,259.1869
2613342.6723,1267800.8371,,259.1869
2613345.3406,1267799.4658,,259.0588
2613348.0089,1267798.0946,,259.0588
2613350.6771,1267796.7233,,259.1325
2613353.3454,1267795.352,,259.1325
2613356.0137,1267793.9808,,259.1495
2613358.6819,1267792.6095,,259.1495
2613361.3502,1267791.2382,,259.1824
2613364.0184,1267789.8669,,259.4056
2613366.6867,1267788.4957,,259.7665
2613369.355,1267787.1244,,259.7665
2613372.0232,1267785.7531,,259.7296
2613374.6915,1267784.3819,,259.7695
2613377.3598,1267783.0106,,259.6274
2613380.028,1267781.6393,,259.6855
2613382.6963,1267780.2681,,259.6855
2613385.3645,1267778.8968,,259.9187
2613388.0328,1267777.5255,,259.9187
2613390.7011,1267776.1543,,260.0566
2613393.3693,1267774.783,,260.0258
2613396.0376,1267773.4117,,260.0502
2613398.7059,1267772.0405,,260.0502
2613401.3741,1267770.6692,,259.9373
2613404.0424,1267769.2979,,257.8363
2613406.7106,1267767.9267,,257.3291
2613409.3789,1267766.5554,,257.3291
2613412.0472,1267765.1841,,257.3417
2613414.7154,1267763.8129,,259.0408
2613417.3837,1267762.4416,,260.0309
2613420.052,1267761.0703,,260.0651
2613422.7202,1267759.6991,,260.3375
2613425.3885,1267758.3278,,260.4947
2613428.0567,1267756.9565,,260.4947
2613430.725,1267755.5853,,260.6397
2613433.3933,1267754.214,,260.6734
2613436.0615,1267752.8427,,260.84
2613438.7298,1267751.4715,,260.84
2613441.3981,1267750.1002,,260.5812
2613444.0663,1267748.7289,,260.9209
2613446.7346,1267747.3576,,260.5342
2613449.4028,1267745.9864,,260.5342
2613452.0711,1267744.6151,,260.3939
2613454.7394,1267743.2438,,260.3939
2613457.4076,1267741.8726,,259.9536
2613460.0759,1267740.5013,,259.9533
2613462.7442,1267739.13,,260.16
2613465.4124,1267737.7588,,260.7455
2613468.0807,1267736.3875,,260.7455
2613470.7489,1267735.0162,,260.5913
2613473.4172,1267733.645,,260.8447
2613476.0855,1267732.2737,,260.8951
2613478.7537,1267730.9024,,260.8951
2613481.422,1267729.5312,,260.9416
2613484.0903,1267728.1599,,260.9416
2613486.7585,1267726.7886,,260.9496
2613489.4268,1267725.4174,,260.9496
2613492.095,1267724.0461,,260.7142
2613494.7633,1267722.6748,,260.7142
2613497.4316,1267721.3036,,260.7149
2613500.0998,1267719.9323,,259.1596
2613502.7681,1267718.561,,259.1596
2613505.4364,1267717.1898,,257.8479
2613508.1046,1267715.8185,,257.8479
2613510.7729,1267714.4472,,256.2224
2613513.4411,1267713.076,,256.2224
2613516.1094,1267711.7047,,255.9959
2613518.7777,1267710.3334,,255.9959
2613521.4459,1267708.9622,,252.7621
2613524.1142,1267707.5909,,252.7621
2613526.7825,1267706.2196,,251.4224
2613529.4507,1267704.8483,,248.1268
2613532.119,1267703.4771,,247.0887
2613532.4608,1267703.3014,,247.0887
2613534.7872,1267702.1058,,247.0887
2613537.4555,1267700.7345,,246.8339
2613540.1238,1267699.3633,,245.8214
2613542.792,1267697.992,,245.8214
2613545.4603,1267696.6207,,245.6581
2613548.1286,1267695.2495,,245.6581
2613550.7968,1267693.8782,,245.859
2613553.4651,1267692.5069,,245.859
2613556.1333,1267691.1357,,245.804
2613558.8016,1267689.7644,,245.7762
2613561.4699,1267688.3931,,245.8851
2613564.1381,1267687.0219,,245.8851
2613566.8064,1267685.6506,,245.8426
2613569.4747,1267684.2793,,245.8617
2613572.1429,1267682.9081,,245.8419
2613574.8112,1267681.5368,,245.8419
2613577.4794,1267680.1655,,245.8409
2613580.1477,1267678.7943,,245.6877
2613582.816,1267677.423,,245.6877
2613585.4842,1267676.0517,,245.8562
2613588.1525,1267674.6805,,245.7636
2613590.8208,1267673.3092,,245.7682
2613593.489,1267671.9379,,245.7682
2613596.1573,1267670.5667,,245.8048
2613598.8255,1267669.1954,,245.7209
2613601.4938,1267667.8241,,245.6301
2613604.1621,1267666.4529,,245.6301
2613606.8303,1267665.0816,,245.6932
2613609.4986,1267663.7103,,245.5981
2613612.1669,1267662.339,,245.6458
2613614.8351,1267660.9678,,245.6458
2613617.5034,1267659.5965,,245.5541
2613620.1716,1267658.2252,,245.6207
2613622.8399,1267656.854,,245.6207
2613625.5082,1267655.4827,,245.6283
2613628.1764,1267654.1114,,245.5632
2613630.8447,1267652.7402,,245.5909
2613633.513,1267651.3689,,245.5909
2613636.1812,1267649.9976,,245.5251
2613638.8495,1267648.6264,,245.5251
2613641.5177,1267647.2551,,245.523
2613644.186,1267645.8838,,245.523
2613646.8543,1267644.5126,,245.5062
2613649.5225,1267643.1413,,245.5062
2613652.1908,1267641.77,,245.5419
2613654.8591,1267640.3988,,245.5419
2613657.5273,1267639.0275,,245.4957
2613660.1956,1267637.6562,,245.526
2613662.8638,1267636.285,,245.526
2613665.5321,1267634.9137,,245.6332
2613668.2004,1267633.5424,,245.6332
2613670.8686,1267632.1712,,245.5117
2613673.5369,1267630.7999,,245.5117
2613676.2052,1267629.4286,,245.5922
2613678.8734,1267628.0574,,245.5922
2613681.5417,1267626.6861,,245.5987
2613684.2099,1267625.3148,,245.5987
2613686.8782,1267623.9436,,245.6268
2613689.5465,1267622.5723,,245.6268
2613692.2147,1267621.201,,245.5333
2613694.883,1267619.8297,,245.5319
2613697.5513,1267618.4585,,245.5339
2613700.2195,1267617.0872,,245.5576
2613702.8878,1267615.7159,,245.5576
2613705.556,1267614.3447,,245.5616
2613708.2243,1267612.9734,,245.5616
2613710.8926,1267611.6021,,245.5531
2613713.5608,1267610.2309,,245.5531
2613716.2291,1267608.8596,,245.5363
2613718.8974,1267607.4883,,245.5363
2613721.5656,1267606.1171,,245.5905
2613724.2339,1267604.7458,,245.5733
2613726.9021,1267603.3745,,245.5759
2613729.5704,1267602.0033,,245.5759
2613732.2387,1267600.632,,245.5841
2613734.9069,1267599.2607,,245.5446
2613737.5752,1267597.8895,,245.5393
2613740.2435,1267596.5182,,245.4851
2613742.9117,1267595.1469,,245.4851
2613745.58,1267593.7757,,245.5385
2613748.2482,1267592.4044,,245.5385
2613750.9165,1267591.0331,,245.5881
2613753.5848,1267589.6619,,245.5111
2613756.253,1267588.2906,,245.5799
2613758.9213,1267586.9193,,245.5799
2613761.5896,1267585.5481,,245.6384
2613764.2578,1267584.1768,,245.6364
2613766.9261,1267582.8055,,245.64
2613769.5943,1267581.4343,,245.64
2613772.2626,1267580.063,,245.6104
2613774.9309,1267578.6917,,245.6416
2613777.5991,1267577.3204,,245.6184
2613780.2674,1267575.9492,,245.5779
2613782.9357,1267574.5779,,245.6265
2613785.6039,1267573.2066,,245.586
2613788.2722,1267571.8354,,245.586
2613790.9404,1267570.4641,,245.5531
2613793.6087,1267569.0928,,245.5157
2613796.277,1267567.7216,,245.5538
2613798.9452,1267566.3503,,245.5538
2613801.6135,1267564.979,,245.542
2613804.2818,1267563.6078,,245.542
2613806.95,1267562.2365,,245.5581
2613809.6183,1267560.8652,,245.5581
2613812.2865,1267559.494,,245.5407
2613814.9548,1267558.1227,,245.5407
2613817.6231,1267556.7514,,245.5541
2613820.2913,1267555.3802,,245.5495
2613822.9596,1267554.0089,,245.5281
2613825.6279,1267552.6376,,245.5224
2613828.2961,1267551.2664,,245.5224
2613830.9644,1267549.8951,,245.4954
2613833.6326,1267548.5238,,245.4954
2613836.3009,1267547.1526,,245.4897
2613838.9692,1267545.7813,,245.4897
2613841.6374,1267544.41,,245.4626
2613844.3057,1267543.0388,,245.4626
2613846.974,1267541.6675,,245.4229
2613849.6422,1267540.2962,,245.4229
2613852.3105,1267538.925,,245.3319
2613854.9787,1267537.5537,,245.3319
2613857.647,1267536.1824,,245.3389
2613860.3153,1267534.8111,,245.3653
2613862.9835,1267533.4399,,245.3653
2613865.6518,1267532.0686,,245.3768
2613868.3201,1267530.6973,,245.3768
2613870.9883,1267529.3261,,245.4033
2613873.6566,1267527.9548,,245.4033
2613876.3248,1267526.5835,,245.4149
2613878.9931,1267525.2123,,245.4149
2613881.6614,1267523.841,,245.4413
2613884.3296,1267522.4697,,245.4413
2613886.9979,1267521.0985,,245.4476
2613889.6662,1267519.7272,,245.4636
2613892.3344,1267518.3559,,245.4607
2613895.0027,1267516.9847,,245.4572
2613897.6709,1267515.6134,,245.4572
2613900.3392,1267514.2421,,248.086
2613903.0075,1267512.8709,,248.086
2613905.6757,1267511.4996,,248.6095
2613908.344,1267510.1283,,248.6095
2613911.0123,1267508.7571,,251.4223
2613913.6805,1267507.3858,,251.4223
2613916.3488,1267506.0145,,251.8864
2613919.017,1267504.6433,,254.4724
2613921.6853,1267503.272,,254.4782
2613924.3536,1267501.9007,,254.4782
2613927.0218,1267500.5295,,254.992
2613929.6901,1267499.1582,,255.1071
2613932.3584,1267497.7869,,255.2873
2613935.0266,1267496.4157,,255.3546
2613937.6949,1267495.0444,,255.3546
2613940.3631,1267493.6731,,255.6002
2613943.0314,1267492.3018,,255.6002
2613945.6997,1267490.9306,,255.6879
2613948.3679,1267489.5593,,255.6502
2613951.0362,1267488.188,,255.7068
2613953.7045,1267486.8168,,255.7068
2613956.3727,1267485.4455,,255.6841
2613959.041,1267484.0742,,255.653
2613961.7092,1267482.703,,255.7286
2613964.3775,1267481.3317,,255.7286
2613967.0458,1267479.9604,,255.7394
2613969.714,1267478.5892,,255.7394
2613972.3823,1267477.2179,,255.8083
2613975.0506,1267475.8466,,255.9267
2613977.7188,1267474.4754,,255.7907
2613980.3871,1267473.1041,,255.9125
2613983.0553,1267471.7328,,255.9125
2613985.7236,1267470.3616,,255.9021
2613988.3919,1267468.9903,,255.8115
2613991.0601,1267467.619,,255.759
2613993.7284,1267466.2478,,255.759
2613996.3967,1267464.8765,,255.5609
2613999.0649,1267463.5052,,255.5609
2614001.7332,1267462.134,,255.5206
2614004.4014,1267460.7627,,255.5206
2614007.0697,1267459.3914,,255.5565
2614009.738,1267458.0202,,255.5565
2614012.4062,1267456.6489,,255.5757
2614015.0745,1267455.2776,,255.5187
2614017.7428,1267453.9064,,255.5345
2614020.411,1267452.5351,,255.6897
2614023.0793,1267451.1638,,255.6897
2614025.7475,1267449.7925,,256.2679
2614028.4158,1267448.4213,,256.2679
2614031.0841,1267447.05,,256.424
2614033.7523,1267445.6787,,256.424
2614036.4206,1267444.3075,,256.5677
2614039.0889,1267442.9362,,256.5677
2614041.7571,1267441.5649,,256.6361
2614044.4254,1267440.1937,,256.6361
2614047.0936,1267438.8224,,257.0137
2614049.7619,1267437.4511,,257.0137
2614052.4302,1267436.0799,,256.7185
2614055.0984,1267434.7086,,256.9169
2614057.7667,1267433.3373,,256.9169
2614060.435,1267431.9661,,256.6966
2614063.1032,1267430.5948,,256.6966
2614065.7715,1267429.2235,,256.728
2614068.4397,1267427.8523,,256.728
2614071.108,1267426.481,,256.5789
2614073.7763,1267425.1097,,256.5789
2614076.4445,1267423.7385,,256.6684
2614079.1128,1267422.3672,,256.6684
2614081.7811,1267420.9959,,256.6024
2614084.4493,1267419.6247,,256.7802
2614087.1176,1267418.2534,,256.7374
2614089.7858,1267416.8821,,256.7374
2614092.4541,1267415.5109,,256.7192
2614095.1224,1267414.1396,,256.7202
2614097.7906,1267412.7683,,256.7202
2614100.4589,1267411.3971,,256.6693
2614103.1272,1267410.0258,,256.6693
2614105.7954,1267408.6545,,256.8108
2614108.4637,1267407.2832,,256.8108
2614111.1319,1267405.912,,256.6548
2614113.8002,1267404.5407,,256.9778
2614116.4685,1267403.1694,,256.8406
2614119.1367,1267401.7982,,256.8406
2614121.805,1267400.4269,,256.7974
2614123.9338,1267399.3329,,257.0512
2614124.4733,1267399.0556,,257.0512
2614127.1415,1267397.6843,,256.9684
2614129.8096,1267396.3128,,256.9684
2614132.4776,1267394.941,,256.8147
2614135.1454,1267393.5687,,257.0298
2614137.8128,1267392.1958,,257.0298
2614140.4798,1267390.8221,,256.9175
2614143.1463,1267389.4474,,257.0266
2614145.8123,1267388.0717,,256.8945
2614148.4776,1267386.6947,,256.8945
2614151.1422,1267385.3164,,257.1693
2614153.806,1267383.9366,,256.8789
2614156.469,1267382.555,,256.773
2614159.131,1267381.1716,,256.773
2614161.792,1267379.7863,,256.8215
2614164.4519,1267378.3988,,256.8215
2614167.1105,1267377.0091,,256.7258
2614169.768,1267375.6169,,256.7258
2614172.424,1267374.2222,,257.14
2614175.0787,1267372.8247,,256.9556
2614177.7318,1267371.4244,,256.9556
2614180.3833,1267370.0211,,256.8105
2614183.0332,1267368.6146,,257.2441
2614185.6813,1267367.2048,,257.153
2614188.3276,1267365.7915,,257.153
2614190.9719,1267364.3746,,257.0451
2614193.6142,1267362.954,,257.0451
2614196.2544,1267361.5295,,257.1586
2614198.8925,1267360.101,,257.1586
2614201.5283,1267358.6683,,257.1599
2614204.1617,1267357.2312,,257.1599
2614206.7926,1267355.7897,,257.0891
2614209.4211,1267354.3436,,256.9831
2614212.0469,1267352.8927,,256.9671
2614214.67,1267351.4369,,256.9671
2614217.2903,1267349.976,,256.9831
2614219.9077,1267348.51,,256.9831
2614222.5221,1267347.0386,,257.0562
2614225.1334,1267345.5618,,257.0061
2614227.7416,1267344.0794,,257.0916
2614230.3464,1267342.5912,,257.1706
2614232.9479,1267341.0971,,257.1706
2614235.5459,1267339.5971,,257.248
2614238.1404,1267338.0908,,257.248
2614240.7312,1267336.5782,,257.2464
2614243.3182,1267335.0593,,257.2464
2614245.9013,1267333.5337,,257.2547
2614248.4805,1267332.0014,,257.2547
2614251.0556,1267330.4623,,257.2856
2614253.6265,1267328.9162,,257.2262
2614256.1932,1267327.363,,257.2552
2614258.7554,1267325.8026,,257.2552
2614261.3131,1267324.2348,,257.1932
2614261.5313,1267324.1005,,257.1932
2614263.866,1267322.6596,,257.1932
2614266.4145,1267321.0768,,257.2363
2614268.9583,1267319.4865,,257.2405
2614271.4974,1267317.8887,,257.3515
2614274.0318,1267316.2835,,257.3515
2614276.5615,1267314.6708,,257.299
2614279.0864,1267313.0507,,257.299
2614281.6066,1267311.4232,,257.286
2614284.1219,1267309.7883,,257.3375
2614286.6325,1267308.146,,257.3177
2614289.1382,1267306.4963,,257.3177
2614291.639,1267304.8392,,257.6941
2614294.1349,1267303.1748,,257.6941
2614296.626,1267301.503,,257.7745
2614299.1121,1267299.824,,257.7699
2614301.5932,1267298.1376,,257.7888
2614301.7036,1267298.0624,,257.7888
2614304.0694,1267296.444,,257.7888
2614306.5406,1267294.743,,257.6482
2614309.0068,1267293.0348,,257.6482
2614311.468,1267291.3194,,257.2472
2614313.924,1267289.5967,,256.8351
2614316.3751,1267287.8668,,256.4943
2614318.821,1267286.1297,,256.4943
2614321.2618,1267284.3855,,257.9139
2614323.6974,1267282.634,,257.9139
2614326.1279,1267280.8754,,257.74
2614328.5532,1267279.1097,,257.8312
2614330.9734,1267277.3368,,257.8374
2614333.3882,1267275.5568,,257.8374
2614335.7979,1267273.7697,,257.5688
2614338.2023,1267271.9756,,257.5688
2614340.6013,1267270.1744,,257.5862
2614342.9951,1267268.3661,,257.57
2614345.3836,1267266.5508,,257.5398
2614347.7667,1267264.7285,,257.8143
2614350.1444,1267262.8992,,257.7349
2614352.5167,1267261.0629,,257.7349
2614354.8837,1267259.2196,,258.1251
2614357.2451,1267257.3694,,258.2046
2614359.6012,1267255.5122,,258.2046
2614361.9518,1267253.6481,,258.213
2614364.2968,1267251.7771,,258.213
2614366.6364,1267249.8993,,258.375
2614368.9704,1267248.0145,,258.375
2614371.2989,1267246.1229,,258.0749
2614373.6218,1267244.2244,,257.9924
2614375.9391,1267242.3192,,258.0803
2614378.2508,1267240.4071,,258.0803
2614380.5569,1267238.4882,,258.4178
2614382.8573,1267236.5626,,258.4178
2614385.152,1267234.6302,,258.3511
2614387.4411,1267232.691,,258.3511
2614389.7244,1267230.7452,,258.3511
2614392.002,1267228.7926,,258.2221
2614394.2738,1267226.8333,,258.2221
2614396.5399,1267224.8674,,258.3782
2614398.8002,1267222.8948,,258.3782
2614401.0547,1267220.9156,,258.4035
2614403.3033,1267218.9297,,258.1891
2614405.5461,1267216.9372,,257.5744
2614407.783,1267214.9382,,258.9337
2614410.014,1267212.9326,,259.2811
2614412.2391,1267210.9204,,259.2811
2614414.4583,1267208.9017,,259.3201
2614416.6716,1267206.8765,,259.2995
2614418.8789,1267204.8447,,259.2667
2614421.0801,1267202.8065,,259.2884
2614423.2754,1267200.7618,,259.2884
2614425.4647,1267198.7107,,259.3179
2614427.6479,1267196.6532,,259.3179
2614429.8251,1267194.5892,,259.3487
2614431.9962,1267192.5188,,259.3136
2614434.1612,1267190.4421,,259.3136
2614436.32,1267188.359,,259.3865
2614438.4727,1267186.2696,,259.3865
2614440.6193,1267184.1738,,259.386
2614442.7597,1267182.0717,,259.386
2614444.8939,1267179.9634,,259.3084
2614447.0219,1267177.8488,,259.3463
2614449.1437,1267175.7279,,259.3463
2614451.2592,1267173.6008,,259.3482
2614453.3685,1267171.4675,,259.3482
2614455.4715,1267169.328,,258.6278
2614457.5681,1267167.1823,,258.6278
2614459.6585,1267165.0305,,258.6278
2614461.7425,1267162.8725,,258.6938
2614463.8202,1267160.7084,,258.6938
2614465.8914,1267158.5382,,258.7493
2614467.9563,1267156.3619,,258.7493
2614470.0148,1267154.1795,,259.2386
2614472.0669,1267151.9912,,259.2386
2614474.1125,1267149.7967,,259.1135
2614476.1516,1267147.5963,,259.2693
2614477.0723,1267146.5986,,259.2693
2614478.1843,1267145.3899,,259.2693
2614480.2105,1267143.1775,,260.2161
2614482.2301,1267140.9592,,260.2161
2614484.2432,1267138.7349,,260.1974
2614486.2498,1267136.5047,,260.3837
2614488.2498,1267134.2687,,260.4258
2614490.2432,1267132.0267,,260.4359
2614490.8901,1267131.2964,,260.4359
2614492.23,1267129.7789,,260.5203
2614494.2101,1267127.5252,,260.5203
2614496.1833,1267125.2654,,260.4877
2614498.1493,1267122.9995,,260.5478
2614500.1081,1267120.7272,,260.5512
2614502.0594,1267118.4485,,260.5782
2614504.003,1267116.1633,,260.5782
2614505.9388,1267113.8714,,260.6042
2614507.8665,1267111.5727,,260.6042
2614509.786,1267109.2672,,260.6147
2614511.1324,1267107.6398,,260.6504
2614511.6968,1267106.955,,260.6504
2614512.0958,1267106.47,,260.6504
2614513.5993,1267104.6354,,260.6579
2614515.4932,1267102.3088,,260.7031
2614517.3785,1267099.9751,,260.7306
2614519.2551,1267097.6346,,260.7306
2614521.123,1267095.287,,260.7901
2614522.9822,1267092.9326,,260.7957
2614524.8327,1267090.5713,,260.7957
2614526.6745,1267088.2032,,260.7473
2614528.5074,1267085.8283,,260.7473
2614530.3315,1267083.4466,,260.692
2614532.1468,1267081.0581,,260.692
2614533.9533,1267078.663,,260.7218
2614535.7508,1267076.2611,,260.6982
2614537.5395,1267073.8527,,260.6754
2614539.3192,1267071.4376,,260.6754
2614541.09,1267069.0159,,260.6188
2614542.8518,1267066.5878,,260.6188
2614544.6045,1267064.1531,,260.4513
2614546.3483,1267061.7119,,260.4983
2614548.083,1267059.2643,,260.4257
2614549.8086,1267056.8102,,260.4257
2614551.5251,1267054.3498,,260.3344
2614553.2325,1267051.8831,,260.3344
2614554.9307,1267049.4101,,259.7194
2614556.6198,1267046.9307,,260.1685
2614558.2997,1267044.4452,,259.342
2614559.9704,1267041.9534,,259.342
2614561.6318,1267039.4555,,259.3613
2614563.2839,1267036.9514,,259.3613
2614564.9268,1267034.4412,,259.0941
2614566.5604,1267031.925,,259.2183
2614568.1846,1267029.4027,,259.0897
2614569.7995,1267026.8745,,259.0897
2614571.405,1267024.3402,,259.0959
2614573.0011,1267021.8001,,259.0959
2614574.5878,1267019.254,,259.1079
2614576.165,1267016.7021,,259.1125
2614577.7328,1267014.1443,,259.099
2614579.2911,1267011.5808,,259.099
2614580.8399,1267009.0115,,259.0851
2614582.3792,1267006.4365,,259.0851
2614583.9089,1267003.8558,,259.0778
2614585.4291,1267001.2695,,259.1636
2614586.9396,1266998.6776,,259.0763
2614588.4406,1266996.08,,259.0763
2614589.9319,1266993.477,,259.0995
2614591.4136,1266990.8684,,259.7667
2614592.8856,1266988.2544,,259.9101
2614594.3479,1266985.6349,,259.9101
2614595.8005,1266983.01,,260.4462
2614597.2434,1266980.3798,,260.4462
2614598.6765,1266977.7442,,260.466
2614600.0998,1266975.1034,,260.5054
2614601.5134,1266972.4573,,260.5313
2614602.9171,1266969.806,,260.5335
2614604.311,1266967.1495,,260.5335
2614605.6951,1266964.4878,,260.5309
2614607.0693,1266961.8211,,260.5309
2614608.4336,1266959.1492,,260.5337
2614609.788,1266956.4724,,260.5337
2614611.1325,1266953.7905,,260.5053
2614612.467,1266951.1037,,260.5053
2614613.7916,1266948.412,,260.5482
2614615.1062,1266945.7153,,260.5316
2614616.4108,1266943.0139,,260.4385
2614617.7054,1266940.3076,,260.4385
2614618.99,1266937.5965,,260.4995
2614620.2645,1266934.8807,,260.5491
2614621.5289,1266932.1602,,260.5491
2614622.7833,1266929.435,,260.4779
2614624.0275,1266926.7052,,260.4779
2614625.2617,1266923.9708,,260.4048
2614626.4857,1266921.2319,,260.4048
2614627.6995,1266918.4884,,260.318
2614628.9032,1266915.7405,,260.318
2614629.0438,1266915.4178,,260.318
2614630.0967,1266912.9881,,260.5764
2614631.28,1266910.2313,,260.5764
2614632.4531,1266907.4702,,260.8605
2614633.6159,1266904.7047,,260.7418
2614634.7685,1266901.935,,260.7418
2614635.9108,1266899.161,,260.5053
2614637.0429,1266896.3828,,260.5053
2614638.1646,1266893.6004,,260.6288
2614639.276,1266890.8138,,260.6288
2614640.3771,1266888.0232,,260.4477
2614641.4679,1266885.2285,,260.4477
2614642.5483,1266882.4298,,260.5004
2614643.6183,1266879.6272,,260.4479
2614644.678,1266876.8205,,260.4479
2614645.7272,1266874.01,,260.322
2614646.766,1266871.1956,,260.322
2614647.7944,1266868.3774,,260.28
2614648.8124,1266865.5554,,260.28
2614649.8198,1266862.7296,,260.3589
2614650.8169,1266859.9001,,260.5691
2614651.8034,1266857.067,,260.5691
2614652.7794,1266854.2302,,260.8314
2614653.7449,1266851.3898,,260.8314
2614654.6999,1266848.5458,,261.1153
2614655.0383,1266847.5297,,261.2384
2614655.6444,1266845.6984,,261.2384
2614656.5783,1266842.8475,,261.4272
2614657.5016,1266839.9931,,261.4449
2614658.4143,1266837.1353,,261.4449
2614659.3165,1266834.2742,,261.4199
2614660.2081,1266831.4097,,261.5056
2614661.089,1266828.542,,261.6165
2614661.9593,1266825.671,,261.6165
2614662.819,1266822.7968,,261.6862
2614663.668,1266819.9195,,261.7303
2614664.5064,1266817.039,,261.7303
2614665.3341,1266814.1554,,261.6895
2614666.1511,1266811.2688,,261.6895
2614666.9574,1266808.3792,,261.6737
2614667.753,1266805.4866,,261.6737
2614668.5379,1266802.5911,,261.6651
2614669.312,1266799.6927,,261.6421
2614670.0754,1266796.7915,,261.5123
2614670.8281,1266793.8874,,261.4963
2614671.57,1266790.9806,,261.4963
2614672.3011,1266788.0711,,261.5621
2614673.0215,1266785.1589,,261.5621
2614673.731,1266782.244,,261.6133
2614674.4298,1266779.3265,,261.6982
2614675.1177,1266776.4064,,261.5387
2614675.7949,1266773.4839,,261.7588
2614676.4612,1266770.5588,,261.7588
2614677.1166,1266767.6313,,261.968
2614677.7612,1266764.7013,,261.9902
2614678.395,1266761.769,,261.9902
2614679.0179,1266758.8344,,261.861
2614679.6299,1266755.8975,,261.861
2614680.231,1266752.9584,,261.8072
2614680.8213,1266750.017,,261.8072
2614681.4006,1266747.0735,,261.8564
2614681.9691,1266744.1278,,262.034
2614682.5266,1266741.1801,,262.034
2614683.0732,1266738.2303,,262.1074
2614683.6089,1266735.2785,,262.1074
2614684.1336,1266732.3248,,262.1196
2614684.6474,1266729.3691,,262.2168
2614685.1503,1266726.4115,,262.2688
2614685.6422,1266723.4521,,262.3366
2614686.1231,1266720.4909,,262.3366
2614686.593,1266717.528,,262.3983
2614687.052,1266714.5633,,262.4898
2614687.5,1266711.5969,,262.4898
2614687.937,1266708.6289,,262.5793
2614688.363,1266705.6594,,262.5793
2614688.778,1266702.6882,,262.5964
2614689.182,1266699.7155,,262.6135
2614689.575,1266696.7414,,262.6135
2614689.957,1266693.7658,,262.6946
2614690.328,1266690.7888,,262.7586
2614690.6879,1266687.8105,,263.1336
2614691.0368,1266684.8309,,263.072
2614691.3746,1266681.8499,,263.072
2614691.7014,1266678.8678,,262.7679
2614692.0172,1266675.8845,,262.7679
2614692.3219,1266672.9,,262.7218
2614692.6155,1266669.9144,,262.8238
2614692.8981,1266666.9277,,262.8238
2614693.1697,1266663.94,,262.8051
2614693.4301,1266660.9514,,262.8051
2614693.6795,1266657.9618,,262.7514
2614693.9178,1266654.9712,,262.7523
2614694.1451,1266651.9799,,262.7523
2614694.3612,1266648.9877,,262.8189
2614694.5663,1266645.9947,,262.8189
2614694.7603,1266643.001,,262.918
2614694.9432,1266640.0065,,262.918
2614695.115,1266637.0115,,263.121
2614695.2757,1266634.0158,,263.2276
2614695.4253,1266631.0195,,263.2276
2614695.5638,1266628.0227,,263.3371
2614695.6912,1266625.0254,,263.3371
2614695.8076,1266622.0277,,263.466
2614695.9128,1266619.0295,,263.6998
2614696.0069,1266616.031,,263.6998
2614696.0899,1266613.0321,,263.9437
2614696.1618,1266610.033,,263.9437
2614696.1626,1266609.996,,264.1604
2614696.2226,1266607.0336,,264.1604
2614696.2722,1266604.034,,264.1966
2614696.3108,1266601.0343,,264.1966
2614696.3383,1266598.0344,,264.2579
2614696.3546,1266595.0345,,264.2579
2614696.3598,1266592.0345,,264.8436
2614696.354,1266589.0345,,264.6189
2614696.337,1266586.0345,,264.6189
2614696.3364,1266585.9648,,264.6189
2614696.3089,1266583.0347,,264.6474
2614696.27,1266580.035,,264.6474
2614696.2207,1266577.0354,,264.8163
2614696.1611,1266574.036,,265.0494
2614696.0915,1266571.0368,,265.0494
2614696.0124,1266568.0378,,265.094
2614695.924,1266565.0391,,265.094
2614695.8265,1266562.0407,,265.1734
2614695.7203,1266559.0426,,265.2545
2614695.6057,1266556.0448,,265.2545
2614695.483,1266553.0473,,265.5703
2614695.3525,1266550.0501,,265.5703
2614695.2145,1266547.0533,,265.0663
2614695.0693,1266544.0568,,265.1637
2614694.9171,1266541.0607,,265.3593
2614694.7584,1266538.0649,,265.4978
2614694.5933,1266535.0694,,265.4978
2614694.4223,1266532.0743,,265.5646
2614694.2455,1266529.0795,,265.6947
2614694.0633,1266526.0851,,265.6947
2614693.876,1266523.0909,,265.9281
2614693.6839,1266520.0971,,265.9281
2614693.4873,1266517.1035,,266.0379
2614693.2865,1266514.1103,,266.1139
2614693.0817,1266511.1173,,266.1139
2614693.0693,1266510.9369,,266.1139
2614692.8734,1266508.1245,,266.2904
2614692.6614,1266505.132,,266.2904
2614692.4458,1266502.1398,,266.462
2614692.2267,1266499.1478,,266.6588
2614692.0039,1266496.1561,,266.6588
2614691.7776,1266493.1646,,266.8461
2614691.5477,1266490.1734,,266.8461
2614691.3142,1266487.1825,,267.052
2614691.0771,1266484.1919,,267.3386
2614690.8364,1266481.2016,,267.3386
2614690.5921,1266478.2115,,267.7011
2614690.3443,1266475.2218,,267.7011
2614690.0928,1266472.2324,,267.9556
2614689.8378,1266469.2432,,266.5447
2614689.5791,1266466.2544,,266.5447
2614689.3169,1266463.2659,,266.5733
2614689.0511,1266460.2777,,266.5733
2614688.7817,1266457.2898,,266.5562
2614688.6484,1266455.8256,,266.5562
2614688.5088,1266454.3022,,266.627
2614688.2321,1266451.315,,266.627
2614687.9516,1266448.3282,,266.7053
2614687.6672,1266445.3417,,266.7053
2614687.3785,1266442.3556,,266.8058
2614687.0855,1266439.3699,,267.0687
2614686.788,1266436.3847,,267.0687
2614686.5895,1266434.4187,,267.2226
2614686.4858,1266433.4,,267.2226
2614686.1788,1266430.4157,,267.2226
2614685.8667,1266427.432,,267.3625
2614685.5495,1266424.4488,,267.5805
2614685.227,1266421.4662,,267.5805
2614684.8989,1266418.4842,,266.9708
2614684.5651,1266415.5028,,266.9708
2614684.2256,1266412.5221,,267.0397
2614683.88,1266409.5421,,267.0725
2614683.5282,1266406.5628,,267.0725
2614683.1701,1266403.5842,,267.0481
2614682.8055,1266400.6065,,267.0481
2614682.4342,1266397.6295,,267.2787
2614682.0561,1266394.6535,,267.3052
2614681.6709,1266391.6783,,267.3052
2614681.2786,1266388.7041,,267.3554
2614681.0266,1266386.8228,,267.3554
2614680.879,1266385.7309,,267.3554
2614680.4719,1266382.7587,,267.7145
2614680.0574,1266379.7874,,268.0931
2614679.6355,1266376.8173,,267.333
2614679.2062,1266373.8482,,267.3729
2614678.7694,1266370.8801,,267.3729
2614678.3252,1266367.9132,,267.5622
2614677.8735,1266364.9474,,274.6102
2614677.4145,1266361.9827,,274.6102
2614676.948,1266359.0192,,274.7914
2614676.4741,1266356.0569,,274.7914
2614675.9928,1266353.0957,,274.775
2614675.5042,1266350.1358,,274.775
2614675.0081,1266347.1771,,274.7712
2614674.5046,1266344.2196,,274.691
2614673.9937,1266341.2635,,274.691
2614673.4754,1266338.3086,,267.6861
2614672.9497,1266335.355,,267.6861
2614672.4166,1266332.4027,,267.844
2614671.8762,1266329.4518,,268.04
2614671.3283,1266326.5023,,268.04
2614670.7731,1266323.5541,,268.1814
2614670.2106,1266320.6073,,268.1814
2614669.6406,1266317.662,,267.9163
2614669.0633,1266314.718,,267.9572
2614668.4786,1266311.7756,,267.9572
2614667.8865,1266308.8346,,268.0876
2614667.2871,1266305.8951,,268.0876
2614666.6804,1266302.957,,268.3059
2614666.0663,1266300.0206,,268.3059
2614665.4449,1266297.0856,,268.95
2614664.8161,1266294.1523,,268.1612
2614664.1799,1266291.2205,,268.1612
2614663.5365,1266288.2903,,268.2336
2614662.8857,1266285.3618,,268.2336
2614662.2276,1266282.4348,,268.3232
2614661.5622,1266279.5096,,268.6075
2614660.8894,1266276.586,,268.6075
2614660.2094,1266273.6641,,269.5364
2614659.522,1266270.7439,,268.3535
2614658.8273,1266267.8254,,268.4533
2614658.1254,1266264.9087,,268.6119
2614657.4161,1266261.9937,,268.6119
2614656.6996,1266259.0806,,268.9798
2614655.9757,1266256.1692,,268.9798
2614655.2446,1266253.2597,,269.6414
2614654.5062,1266250.352,,268.6071
2614653.7605,1266247.4461,,268.7331
2614653.0076,1266244.5421,,268.8231
2614652.2474,1266241.64,,268.8231
2614651.48,1266238.7399,,269.2726
2614650.7052,1266235.8416,,269.2726
2614649.9233,1266232.9453,,268.7924
2614649.1341,1266230.051,,268.7924
2614648.3376,1266227.1586,,268.9684
2614647.534,1266224.2683,,269.2166
2614647.3492,1266223.6078,,269.2166
2614646.7232,1266221.3802,,269.2166
2614645.9052,1266218.4939,,269.464
2614645.0802,1266215.6096,,269.464
2614644.2484,1266212.7272,,269.0785
2614643.4099,1266209.8468,,269.2322
2614642.5649,1266206.9682,,269.2322
2614642.2041,1266205.7464,,269.2322
2614642.1743,1266205.6457,,269.2322
2614641.7135,1266204.0916,,269.3416
2614640.8558,1266201.2168,,269.3416
2614639.992,1266198.3438,,269.1767
2614639.1223,1266195.4727,,269.1767
2614638.2468,1266192.6033,,269.3263
2614637.3655,1266189.7356,,269.4029
2614636.4788,1266186.8697,,269.4029
2614635.5866,1266184.0054,,269.4105
2614634.6892,1266181.1428,,269.3022
2614633.7867,1266178.2818,,269.3582
2614632.8792,1266175.4223,,269.3582
2614631.9669,1266172.5644,,269.5274
2614631.0499,1266169.708,,269.4974
2614630.1284,1266166.853,,269.4974
2614629.2025,1266163.9995,,269.5389
2614628.2723,1266161.1473,,269.5389
2614627.3379,1266158.2965,,269.6509
2614626.3996,1266155.447,,269.6509
2614625.4575,1266152.5988,,269.7584
2614624.5116,1266149.7518,,269.6412
2614623.5622,1266146.906,,269.6412
2614622.6094,1266144.0614,,269.7696
2614621.6533,1266141.2178,,269.7696
2614620.6941,1266138.3753,,269.8082
2614619.7318,1266135.5338,,269.7659
2614618.7667,1266132.6933,,269.8412
2614617.7988,1266129.8537,,269.9177
2614616.8284,1266127.015,,269.9177
2614615.8555,1266124.1771,,269.9387
2614614.8803,1266121.34,,269.8532
2614613.9029,1266118.5037,,269.8396
2614612.9235,1266115.6681,,269.8396
2614611.9422,1266112.8331,,269.9727
2614610.9592,1266109.9988,,269.9955
2614609.9745,1266107.165,,269.9194
2614608.9883,1266104.3317,,269.9859
2614608.0008,1266101.4989,,269.9859
2614607.0121,1266098.6665,,270.0679
2614606.0223,1266095.8345,,270.0679
2614605.0316,1266093.0028,,270.0879
2614604.0401,1266090.1714,,269.9131
2614603.0479,1266087.3402,,270.0223
2614602.0552,1266084.5092,,270.0794
2614601.0621,1266081.6783,,270.0794
2614600.0688,1266078.8475,,270.1093
2614599.2877,1266076.6217,,269.9796
2614599.0754,1266076.0168,,269.9796
2614598.0819,1266073.1861,,270.1031
2614597.8848,1266072.6244,,270.1031
2614597.0885,1266070.3553,,270.1031
2614596.0951,1266067.5246,,270.0491
2614595.1016,1266064.6938,,270.0807
2614594.1082,1266061.8631,,270.0372
2614593.1147,1266059.0324,,270.0005
2614592.1213,1266056.2016,,270.0005
2614591.1278,1266053.3709,,270.0828
2614590.1344,1266050.5402,,270.0828
2614589.141,1266047.7094,,269.9628
2614588.1475,1266044.8787,,269.9724
2614587.1541,1266042.0479,,269.9724
2614586.1606,1266039.2172,,270.0327
2614585.1672,1266036.3865,,270.0327
2614584.1738,1266033.5557,,269.901
2614583.1803,1266030.725,,269.901
2614582.1869,1266027.8943,,270.0154
2614581.1934,1266025.0635,,270.0154
2614580.2,1266022.2328,,269.9168
2614579.2066,1266019.402,,269.7921
2614578.2131,1266016.5713,,269.7921
2614577.2197,1266013.7406,,269.8804
2614576.2262,1266010.9098,,269.8804
2614575.2328,1266008.0791,,269.9128
2614574.2394,1266005.2484,,269.7603
2614573.2459,1266002.4176,,269.7228
2614572.2525,1265999.5869,,269.7057
2614571.259,1265996.7561,,269.7057
2614570.2656,1265993.9254,,269.7682
2614569.2722,1265991.0947,,269.6732
2614568.2787,1265988.2639,,269.6079
2614567.2853,1265985.4332,,269.6079
2614566.2918,1265982.6025,,269.6148
2614565.2984,1265979.7717,,269.6337
2614564.305,1265976.941,,269.5825
2614563.3115,1265974.1102,,269.566
2614562.3181,1265971.2795,,269.566
2614561.3246,1265968.4488,,269.5902
2614560.3312,1265965.618,,269.5902
2614559.3377,1265962.7873,,269.381
2614558.633,1265960.7791,,269.381
2612478.30235004,1268942.80599048,,262.9595
2612493.20335004,1268916.76829048,,262.8025
