easting,northing,site_name,tmp14900475037932
2612071.5482,1269294.1221,,236
2612202.6903,1269320.5606,,236
2612203.1649,1269320.4035,,236
2612203.6388,1269320.2447,,236
2612204.1122,1269320.0841,,236
2612204.585,1269319.9218,,236
2612205.0572,1269319.7577,,236
2612205.5288,1269319.592,,236
2612205.9998,1269319.4246,,236
2612206.4702,1269319.2555,,236
2612206.94,1269319.0848,,236
2612207.4092,1269318.9123,,236
2612207.8777,1269318.7383,,236
2612208.3457,1269318.5626,,235.5
2612208.813,1269318.3852,,235.5
2612209.2798,1269318.2063,,235.5
2612209.7459,1269318.0257,,235.5
2612210.2114,1269317.8435,,235.5
2612210.6762,1269317.6598,,235.5
2612211.1405,1269317.4744,,235.5
2612211.6041,1269317.2875,,235.5
2612212.0671,1269317.0991,,235.5
2612212.5294,1269316.9091,,235.5
2612212.9911,1269316.7175,,235.5
2612215.748,1269315.5365,,235.5
2612216.2052,1269315.3345,,235.5
2612216.6618,1269315.131,,235.5
2612217.1177,1269314.9261,,235.5
2612217.573,1269314.7197,,236
2612218.0276,1269314.5119,,236
2612218.4816,1269314.3027,,236
2612218.9349,1269314.0921,,236
2612219.3876,1269313.88,,236
2612219.8396,1269313.6666,,236
2612220.291,1269313.4518,,236
2612220.7417,1269313.2357,,236
2612221.1917,1269313.0182,,236
2612221.6411,1269312.7993,,236
2612222.0899,1269312.5791,,236
2612222.538,1269312.3576,,236
2612222.9854,1269312.1348,,236
2612223.4322,1269311.9106,,236
2612223.8784,1269311.6851,,236
2612224.3238,1269311.4584,,236
2612224.7687,1269311.2304,,236
2612225.2128,1269311.0011,,236
2612225.6564,1269310.7705,,236
2612226.0992,1269310.5387,,236
2612226.5414,1269310.3056,,236
2612226.983,1269310.0714,,236
2612227.4239,1269309.8359,,236
2612227.8642,1269309.5991,,236
2612228.3038,1269309.3612,,236
2612228.7427,1269309.1221,,236
2612229.181,1269308.8818,,236
2612229.6187,1269308.6403,,236
2612230.0557,1269308.3976,,236
2612230.4921,1269308.1538,,236
2612230.9278,1269307.9089,,236
2612231.3629,1269307.6628,,236
2612231.7974,1269307.4155,,236
2612232.2312,1269307.1672,,236
2612232.6643,1269306.9177,,236
2612233.0969,1269306.6672,,236
2612233.5288,1269306.4155,,236
2612233.96,1269306.1628,,236
2612234.3907,1269305.9089,,236
2612234.8207,1269305.6541,,236
2612235.25,1269305.3981,,236
2612235.6788,1269305.1411,,236
2612236.1069,1269304.8831,,236
2612236.5344,1269304.624,,236
2612236.9613,1269304.364,,236
2612237.3875,1269304.1029,,236
2612237.8132,1269303.8408,,236
2612238.2382,1269303.5777,,236
2612238.6626,1269303.3136,,236
2612239.0864,1269303.0485,,236
2612239.5096,1269302.7825,,236
2612239.9322,1269302.5155,,236
2612240.3542,1269302.2476,,236
2612240.7756,1269301.9787,,236
2612241.1964,1269301.7089,,236
2612241.6166,1269301.4382,,236
2612242.0362,1269301.1665,,236
2612242.4552,1269300.894,,236
2612242.8737,1269300.6205,,236
2612243.2915,1269300.3462,,236
2612243.7088,1269300.0709,,236
2612244.1255,1269299.7948,,236
2612244.5416,1269299.5178,,236
2612244.9571,1269299.24,,236
2612245.3721,1269298.9613,,236
2612245.7865,1269298.6818,,236
2612246.2004,1269298.4015,,236
2612246.6137,1269298.1203,,236
2612247.0264,1269297.8383,,235.5
2612247.4386,1269297.5555,,235.5
2612247.8502,1269297.2719,,235.5
2612315.865,1269228.4306,,236
2612316.1457,1269228.0125,,236
2612316.4255,1269227.5939,,236
2612316.7045,1269227.1748,,236
2612316.9828,1269226.7552,,236
2612317.2602,1269226.335,,236
2612317.5369,1269225.9144,,236
2612317.8128,1269225.4932,,236
2612318.0879,1269225.0715,,236
2612318.3623,1269224.6494,,236
2612318.636,1269224.2267,,236
2612318.9088,1269223.8036,,236
2612319.181,1269223.38,,236
2612319.4524,1269222.9559,,236
2612319.7231,1269222.5314,,236
2612319.9931,1269222.1064,,236
2612320.2624,1269221.6809,,236
2612320.5309,1269221.255,,236
2612320.7988,1269220.8287,,236
2612321.066,1269220.402,,236.142857142857
2612321.3324,1269219.9748,,236.142857142857
2612321.5983,1269219.5472,,236.142857142857
2612321.8634,1269219.1191,,236.142857142857
2612322.1279,1269218.6907,,236.142857142857
2612322.3917,1269218.2618,,236.142857142857
2612322.6549,1269217.8326,,236.142857142857
2612322.9174,1269217.403,,236.142857142857
2612323.1793,1269216.9729,,236.142857142857
2612323.4406,1269216.5425,,236.142857142857
2612323.7012,1269216.1118,,236.142857142857
2612323.9612,1269215.6806,,236.142857142857
2612324.2207,1269215.2491,,236.142857142857
2612324.4795,1269214.8172,,236.142857142857
2612324.7377,1269214.385,,236.142857142857
2612324.9954,1269213.9524,,236.142857142857
2612325.2524,1269213.5195,,236.142857142857
2612325.5089,1269213.0862,,236.142857142857
2612325.7648,1269212.6526,,236.142857142857
2612326.0202,1269212.2187,,236.142857142857
2612326.275,1269211.7844,,236.142857142857
2612326.5293,1269211.3498,,236.142857142857
2612326.783,1269210.9149,,236.142857142857
2612327.0363,1269210.4798,,236.142857142857
2612327.2889,1269210.0443,,236.142857142857
2612327.5411,1269209.6085,,236.142857142857
2612327.7928,1269209.1724,,236.142857142857
2612328.044,1269208.736,,236.142857142857
2612328.2946,1269208.2994,,236.142857142857
2612328.5448,1269207.8624,,236.142857142857
2612328.7946,1269207.4252,,236.142857142857
2612329.0438,1269206.9877,,236.142857142857
2612329.2926,1269206.55,,236.142857142857
2612329.5409,1269206.112,,236.142857142857
2612329.7888,1269205.6738,,236.142857142857
2612330.0362,1269205.2353,,236.142857142857
2612330.2833,1269204.7965,,236.142857142857
2612330.5298,1269204.3575,,236.142857142857
2612330.776,1269203.9183,,236.142857142857
2612331.0218,1269203.4789,,236.142857142857
2612331.2671,1269203.0392,,236.142857142857
2612331.5121,1269202.5993,,236.142857142857
2612331.7567,1269202.1592,,236.142857142857
2612332.0009,1269201.7189,,236.142857142857
2612332.2447,1269201.2784,,236.142857142857
2612332.4881,1269200.8377,,236.142857142857
2612332.7312,1269200.3967,,236.142857142857
2612332.974,1269199.9556,,236.142857142857
2612333.2164,1269199.5143,,236.142857142857
2612333.4585,1269199.0728,,236.142857142857
2612333.7002,1269198.6312,,236.142857142857
2612333.9417,1269198.1893,,236.142857142857
2612334.1828,1269197.7473,,236.142857142857
2612334.4236,1269197.3052,,236.142857142857
2612334.6641,1269196.8628,,236.142857142857
2612334.9044,1269196.4203,,236.142857142857
2612335.1443,1269195.9777,,236.142857142857
2612335.384,1269195.5349,,236.142857142857
2612335.6234,1269195.092,,236.142857142857
2612335.8626,1269194.6489,,236.142857142857
2612336.1015,1269194.2057,,236.142857142857
2612336.3401,1269193.7624,,236
2612336.5786,1269193.3189,,236
2612336.8168,1269192.8753,,236
2612337.0547,1269192.4316,,236
2612337.2925,1269191.9878,,236
2612337.5301,1269191.5439,,236
2612337.7675,1269191.0998,,236
2612338.0047,1269190.6557,,236
2612338.2417,1269190.2115,,236
2612338.4785,1269189.7672,,236
2612338.7152,1269189.3228,,236
2612338.9517,1269188.8783,,236
2612339.1881,1269188.4337,,236
2612339.4243,1269187.9891,,236
2612339.6604,1269187.5444,,236
2612339.8963,1269187.0996,,236
2612340.1322,1269186.6547,,236
2612340.3679,1269186.2098,,236
2612340.6036,1269185.7649,,236
2612340.8391,1269185.3199,,236
2612341.0746,1269184.8748,,236
2612341.31,1269184.4297,,236
2612341.5453,1269183.9846,,236
2612341.7805,1269183.5395,,236
2612342.0157,1269183.0943,,236.184706316956
2612342.2508,1269182.6491,,236.184706316956
2612342.486,1269182.2038,,236.184706316956
2612342.721,1269181.7586,,236.184706316956
2612342.9561,1269181.3133,,236.184706316956
2612343.1911,1269180.868,,236.184706316956
2612343.4261,1269180.4228,,236.184706316956
2612343.6945,1269179.9142,,236.184706316956
2612343.9634,1269179.4048,,236.184706316956
2612344.2323,1269178.8955,,236.184706316956
2612344.5013,1269178.3861,,236.184706316956
2612344.7703,1269177.8768,,236.184706316956
2612426.3308,1269029.5935,,236.881150463513
2612881.7295,1268233.8388,,239.611242954613
2612881.978,1268233.4046,,239.611242954613
2612882.2265,1268232.9704,,239.620351725064
2612882.475,1268232.5362,,239.620351725064
2612882.7235,1268232.1019,,239.620351725064
2612882.972,1268231.6677,,239.620351725064
2612883.2206,1268231.2335,,239.620351725064
2612883.4691,1268230.7993,,239.620351725064
2612883.7176,1268230.3651,,239.620351725064
2612883.9661,1268229.9309,,239.620351725064
2612884.2147,1268229.4967,,239.620351725064
2612884.4632,1268229.0625,,239.620351725064
2612884.7118,1268228.6283,,239.620351725064
2612884.9604,1268228.1941,,239.620351725064
2612885.2089,1268227.7599,,239.620351725064
2612885.4575,1268227.3257,,239.620351725064
2612885.7061,1268226.8916,,239.620351725064
2612885.9548,1268226.4574,,239.620351725064
2612886.2034,1268226.0233,,239.620351725064
2612886.4521,1268225.5891,,239.620351725064
2612886.7007,1268225.155,,239.620351725064
2612886.9494,1268224.7209,,239.620351725064
2612887.1981,1268224.2868,,239.620351725064
2612887.4469,1268223.8527,,239.620351725064
2612887.6956,1268223.4186,,239.620351725064
2612887.9444,1268222.9845,,239.620351725064
2612888.1932,1268222.5504,,239.620351725064
2612888.442,1268222.1164,,239.620351725064
2612888.6908,1268221.6823,,239.620351725064
2612888.9397,1268221.2483,,239.620351725064
2612889.1886,1268220.8143,,239.620351725064
2612889.4375,1268220.3803,,239.620351725064
2612889.6864,1268219.9464,,239.620351725064
2612889.9354,1268219.5124,,239.620351725064
2612890.1844,1268219.0785,,239.620351725064
2612890.4334,1268218.6445,,239.620351725064
2612890.6825,1268218.2106,,239.620351725064
2612890.9316,1268217.7767,,239.620351725064
2612891.1807,1268217.3429,,239.620351725064
2612891.4299,1268216.909,,239.648140690025
2612891.679,1268216.4752,,239.648140690025
2612891.9283,1268216.0414,,239.648140690025
2612892.1775,1268215.6076,,239.648140690025
2612892.4268,1268215.1738,,239.648140690025
2612892.6762,1268214.7401,,239.648140690025
2612892.9256,1268214.3063,,239.648140690025
2612893.175,1268213.8726,,239.648140690025
2612893.4244,1268213.439,,239.648140690025
2612893.6739,1268213.0053,,239.648140690025
2612893.9235,1268212.5717,,239.648140690025
2612894.1731,1268212.1381,,239.648140690025
2612894.4227,1268211.7045,,239.648140690025
2612894.6724,1268211.271,,239.648140690025
2612894.9221,1268210.8374,,239.648140690025
2612895.1719,1268210.4039,,239.648140690025
2612895.4217,1268209.9705,,239.648140690025
2612895.6716,1268209.537,,239.648140690025
2612895.9215,1268209.1036,,239.648140690025
2612896.1715,1268208.6702,,239.648140690025
2612896.4215,1268208.2369,,239.648140690025
2612896.6715,1268207.8035,,239.648140690025
2612896.9217,1268207.3702,,239.648140690025
2612897.1718,1268206.937,,239.648140690025
2612897.4221,1268206.5037,,239.648140690025
2612897.6724,1268206.0705,,239.648140690025
2612897.9227,1268205.6374,,239.648140690025
2612898.1731,1268205.2042,,239.648140690025
2612898.4236,1268204.7711,,239.648140690025
2612898.6741,1268204.3381,,239.648140690025
2612898.9247,1268203.905,,239.648140690025
2612899.1753,1268203.472,,239.648140690025
2612899.426,1268203.0391,,239.648140690025
2612899.6768,1268202.6062,,239.648140690025
2612899.9276,1268202.1733,,239.648140690025
2612900.1785,1268201.7404,,239.648140690025
2612900.4295,1268201.3076,,239.648140690025
2612900.6805,1268200.8748,,239.648140690025
2612900.9316,1268200.4421,,239.648140690025
2612901.1828,1268200.0094,,239.648140690025
2612901.434,1268199.5768,,239.648140690025
2612901.6853,1268199.1442,,239.648140690025
2612901.9367,1268198.7116,,239.648140690025
2612902.1881,1268198.279,,239.648140690025
2612902.4396,1268197.8466,,239.648140690025
2612902.6912,1268197.4141,,239.648140690025
2612902.9429,1268196.9817,,239.615917424963
2612903.1946,1268196.5494,,239.615917424963
2612903.4464,1268196.117,,239.61809704211
2612903.6983,1268195.6848,,239.61809704211
2612903.9503,1268195.2525,,239.61809704211
2612904.2023,1268194.8204,,239.61809704211
2612904.4545,1268194.3882,,239.61809704211
2612904.7067,1268193.9561,,239.61809704211
2612904.9589,1268193.5241,,239.61809704211
2612905.2113,1268193.0921,,239.61809704211
2612905.4638,1268192.6602,,239.61809704211
2612905.7163,1268192.2283,,239.61809704211
2612905.9689,1268191.7964,,239.61809704211
2612906.2216,1268191.3646,,239.61809704211
2612906.4744,1268190.9329,,239.61809704211
2612906.7273,1268190.5012,,239.61809704211
2612906.9803,1268190.0696,,239.61809704211
2612907.2333,1268189.638,,239.61809704211
2612907.4865,1268189.2064,,239.61809704211
2612907.7397,1268188.775,,239.61809704211
2612907.9931,1268188.3435,,239.61809704211
2612908.2465,1268187.9122,,239.61809704211
2612908.5,1268187.4808,,239.61809704211
2612908.7536,1268187.0496,,239.61809704211
2612909.0073,1268186.6184,,239.61809704211
2612909.2611,1268186.1872,,239.61809704211
2612909.515,1268185.7561,,239.61809704211
2612909.769,1268185.3251,,239.61809704211
2612910.0231,1268184.8941,,239.61809704211
2612910.2773,1268184.4632,,239.61809704211
2612910.5316,1268184.0323,,239.61809704211
2612910.786,1268183.6015,,239.61809704211
2612911.0405,1268183.1708,,239.61809704211
2612911.2951,1268182.7401,,239.61809704211
2612911.5498,1268182.3095,,239.61809704211
2612911.8046,1268181.879,,239.61809704211
2612912.0595,1268181.4485,,239.61809704211
2612912.3146,1268181.018,,239.61809704211
2612912.5697,1268180.5877,,239.61809704211
2612912.8249,1268180.1574,,239.61809704211
2612913.0803,1268179.7271,,239.61809704211
2612913.3357,1268179.2969,,239.61809704211
2612913.5913,1268178.8668,,239.61809704211
2612913.847,1268178.4368,,239.61809704211
2612914.1028,1268178.0068,,239.61809704211
2612914.3587,1268177.5769,,239.61809704211
2612914.6147,1268177.1471,,239.61809704211
2612914.8708,1268176.7173,,239.61809704211
2612915.1271,1268176.2876,,239.61809704211
2612915.3834,1268175.858,,239.61809704211
2612915.6399,1268175.4284,,239.61809704211
2612915.8965,1268174.9989,,239.625678399752
2612916.1532,1268174.5695,,239.625678399752
2612916.4101,1268174.1402,,239.625678399752
2612916.6671,1268173.7109,,239.625678399752
2612916.9241,1268173.2817,,239.625678399752
2612917.1813,1268172.8526,,239.625678399752
2612917.4387,1268172.4235,,239.625678399752
2612917.6961,1268171.9945,,239.625678399752
2612917.9537,1268171.5656,,239.625678399752
2612918.2114,1268171.1368,,239.625678399752
2612918.4693,1268170.7081,,239.625678399752
2612918.7272,1268170.2794,,239.625678399752
2612918.9853,1268169.8508,,239.625678399752
2612919.2435,1268169.4223,,239.625678399752
2612919.5019,1268168.9938,,239.625678399752
2612919.7604,1268168.5655,,239.625678399752
2612920.019,1268168.1372,,239.625678399752
2612920.2777,1268167.709,,239.625678399752
2612920.5366,1268167.2809,,239.625678399752
2612920.7956,1268166.8528,,239.625678399752
2612921.0548,1268166.4249,,239.625678399752
2612921.3141,1268165.997,,239.625678399752
2612921.5735,1268165.5692,,239.625678399752
2612921.8331,1268165.1415,,239.625678399752
2612922.0928,1268164.7139,,239.625678399752
2612922.3526,1268164.2863,,239.625678399752
2612922.6126,1268163.8589,,239.625678399752
2612922.8727,1268163.4315,,239.625678399752
2612923.133,1268163.0042,,239.625678399752
2612923.3934,1268162.577,,239.625678399752
2612923.6539,1268162.1499,,239.625678399752
2612923.9146,1268161.7229,,239.555555555556
2612924.1755,1268161.296,,239.555555555556
2612924.4365,1268160.8692,,239.555555555556
2612924.6976,1268160.4424,,239.555555555556
2612924.9589,1268160.0158,,239.555555555556
2612925.2203,1268159.5892,,239.555555555556
2612925.7437,1268158.7363,,239.555555555556
2612926.0056,1268158.3101,,239.555555555556
2612926.2676,1268157.8839,,239.555555555556
2612926.5298,1268157.4578,,239.555555555556
2612926.7921,1268157.0318,,239.555555555556
2612927.0546,1268156.6058,,239.555555555556
2612927.3173,1268156.18,,239.555555555556
2612927.5801,1268155.7543,,239.555555555556
2612927.8431,1268155.3287,,239.555555555556
2612928.1062,1268154.9032,,239.555555555556
2612928.3695,1268154.4778,,239.559421751555
2612928.633,1268154.0524,,239.559421751555
2612928.8966,1268153.6272,,239.559421751555
2612929.1603,1268153.2021,,239.559421751555
2612929.4243,1268152.7771,,239.559421751555
2612929.6884,1268152.3521,,239.559421751555
2612929.9526,1268151.9273,,239.559421751555
2612930.2171,1268151.5026,,239.559421751555
2612930.4817,1268151.078,,239.559421751555
2612930.7464,1268150.6535,,239.559421751555
2612931.0113,1268150.2291,,239.559421751555
2612931.2764,1268149.8048,,239.559421751555
2612931.5417,1268149.3806,,239.559421751555
2612931.8071,1268148.9565,,239.559421751555
2612932.0727,1268148.5325,,239.559421751555
2612932.3385,1268148.1086,,239.559421751555
2612932.6045,1268147.6849,,239.559421751555
2612932.8706,1268147.2612,,239.559421751555
2612933.1369,1268146.8377,,239.559421751555
2612933.4033,1268146.4142,,239.559421751555
2612933.67,1268145.9909,,239.559421751555
2612933.9368,1268145.5677,,239.559421751555
2612934.2038,1268145.1446,,239.559421751555
2612934.471,1268144.7216,,239.559421751555
2612934.7383,1268144.2987,,239.559421751555
2612935.0059,1268143.8759,,239.559421751555
2612935.2736,1268143.4533,,239.559421751555
2612935.5415,1268143.0307,,239.559421751555
2612935.8096,1268142.6083,,239.559421751555
2612936.0778,1268142.186,,239.559421751555
2612936.3463,1268141.7638,,239.559421751555
2612936.6149,1268141.3418,,239.559421751555
2612936.8837,1268140.9198,,239.559421751555
2612937.1527,1268140.498,,239.559421751555
2612937.4219,1268140.0763,,239.559421751555
2612937.6913,1268139.6547,,239.559421751555
2612937.9609,1268139.2332,,239.559421751555
2612938.2306,1268138.8118,,239.559421751555
2612938.5006,1268138.3906,,239.559421751555
2612938.7707,1268137.9695,,239.559421751555
2612939.041,1268137.5485,,239.559421751555
2612939.3116,1268137.1276,,239.559421751555
2612939.5823,1268136.7069,,239.559421751555
2612939.8532,1268136.2863,,239.559421751555
2612940.1243,1268135.8658,,239.559421751555
2612940.3956,1268135.4455,,239.559421751555
2612940.6671,1268135.0252,,239.559421751555
2612940.9388,1268134.6051,,239.559421751555
2612941.2107,1268134.1851,,239.559421751555
2612941.4828,1268133.7653,,239.56386630533
2612941.7551,1268133.3456,,239.56386630533
2612942.0276,1268132.926,,239.56386630533
2612942.3003,1268132.5065,,239.56386630533
2612942.5731,1268132.0872,,239.56386630533
2612942.8462,1268131.668,,239.56386630533
2612943.1195,1268131.2489,,239.56386630533
2612943.3931,1268130.83,,239.56386630533
2612943.6668,1268130.4112,,239.56386630533
2612943.9407,1268129.9926,,239.56386630533
2612944.2148,1268129.574,,239.56386630533
2612944.4891,1268129.1557,,239.46628713752
2612944.7637,1268128.7374,,239.46628713752
2612945.0384,1268128.3193,,239.46628713752
2612945.3134,1268127.9013,,239.46628713752
2612945.5886,1268127.4835,,239.46628713752
2612945.864,1268127.0658,,239.46628713752
2612946.1396,1268126.6482,,239.46628713752
2612946.4154,1268126.2308,,239.46628713752
2612946.6914,1268125.8135,,239.46628713752
2612946.9676,1268125.3964,,239.46628713752
2612947.2441,1268124.9794,,239.46628713752
2612947.5208,1268124.5626,,239.46628713752
2612947.7976,1268124.1459,,239.46628713752
2612948.0748,1268123.7293,,239.46628713752
2612948.3521,1268123.3129,,239.46628713752
2612948.6296,1268122.8967,,239.46628713752
2612948.9074,1268122.4805,,239.46628713752
2612949.1854,1268122.0646,,239.46628713752
2612949.4636,1268121.6487,,239.46628713752
2612949.742,1268121.2331,,239.46628713752
2612950.0207,1268120.8176,,239.46628713752
2612950.2995,1268120.4022,,239.46628713752
2612950.5786,1268119.987,,239.46628713752
2612950.858,1268119.5719,,239.46628713752
2612951.1375,1268119.157,,239.46628713752
2612951.4173,1268118.7422,,239.46628713752
2612951.6973,1268118.3276,,239.46628713752
2612951.9776,1268117.9131,,239.46628713752
2612952.258,1268117.4988,,239.46628713752
2612952.5387,1268117.0847,,239.46628713752
2612952.8197,1268116.6707,,239.46628713752
2612953.1008,1268116.2569,,239.46628713752
2612953.3822,1268115.8432,,239.46628713752
2612953.6638,1268115.4297,,239.46628713752
2612953.9457,1268115.0164,,239.46628713752
2612954.2278,1268114.6032,,239.46628713752
2612954.5101,1268114.1901,,239.46628713752
2612954.7927,1268113.7773,,239.46628713752
2612955.0755,1268113.3645,,239.46628713752
2612955.3585,1268112.952,,239.47139230619
2612955.6418,1268112.5396,,239.47139230619
2612955.9253,1268112.1274,,239.47139230619
2612956.2091,1268111.7153,,239.47139230619
2612956.4931,1268111.3035,,239.47139230619
2612956.7773,1268110.8917,,239.47139230619
2612957.0618,1268110.4802,,239.47139230619
2612957.3465,1268110.0688,,239.47139230619
2612957.6315,1268109.6576,,239.47139230619
2612957.9167,1268109.2465,,239.47139230619
2612958.2022,1268108.8357,,239.47139230619
2612958.4879,1268108.425,,239.47139230619
2612958.7738,1268108.0144,,239.47139230619
2613196.2644,1267880.9939,,239.256426598683
2613196.6874,1267880.7267,,239.256426598683
2613197.1106,1267880.4598,,239.256426598683
2613197.5339,1267880.1931,,239.256426598683
2613197.9574,1267879.9267,,239.256426598683
2613198.381,1267879.6606,,239.256426598683
2613198.8048,1267879.3947,,239.256426598683
2613199.2287,1267879.129,,239.256426598683
2613199.6529,1267878.8636,,239.256426598683
2613200.0771,1267878.5985,,239.256426598683
2613200.5015,1267878.3336,,239.256426598683
2613200.9261,1267878.0689,,239.256426598683
2613201.3508,1267877.8045,,239.256426598683
2613201.7757,1267877.5403,,239.256426598683
2613202.2007,1267877.2764,,239.256426598683
2613202.6259,1267877.0127,,239.256426598683
2613203.0513,1267876.7493,,239.256426598683
2613203.4768,1267876.4861,,239.256426598683
2613203.9024,1267876.2231,,239.256426598683
2613204.3282,1267875.9604,,239.256426598683
2613204.7541,1267875.698,,239.256426598683
2613205.1802,1267875.4357,,239.256426598683
2613205.6064,1267875.1737,,239.256426598683
2613206.0328,1267874.912,,239.256426598683
2613206.4593,1267874.6505,,239.256426598683
2613206.8859,1267874.3892,,239.256426598683
2613207.3127,1267874.1282,,239.256426598683
2613207.7397,1267873.8673,,239.256426598683
2613208.1668,1267873.6068,,239.256426598683
2613208.594,1267873.3464,,239.256426598683
2613209.0214,1267873.0863,,239.256426598683
2613209.4489,1267872.8264,,239.256426598683
2613209.8766,1267872.5668,,239.256426598683
2613210.3044,1267872.3074,,239.256426598683
2613210.7323,1267872.0482,,239.256426598683
2613211.1604,1267871.7892,,239.256426598683
2613211.5886,1267871.5305,,239.256426598683
2613212.0169,1267871.272,,239.256426598683
2613212.4454,1267871.0137,,239.256426598683
2613212.874,1267870.7556,,239.256426598683
2613213.7317,1267870.2402,,239.256426598683
2613214.1607,1267869.9828,,239.256426598683
2613214.5898,1267869.7257,,239.256426598683
2613215.0191,1267869.4687,,239.160172179429
2613215.4485,1267869.212,,239.160172179429
2613215.8781,1267868.9555,,239.160172179429
2613216.3078,1267868.6992,,239.160172179429
2613216.7376,1267868.4431,,239.160172179429
2613217.1675,1267868.1873,,239.160172179429
2613217.5976,1267867.9316,,239.160172179429
2613218.0278,1267867.6762,,239.160172179429
2613218.4581,1267867.421,,239.160172179429
2613218.8886,1267867.166,,239.160172179429
2613219.3191,1267866.9113,,239.160172179429
2613219.7498,1267866.6567,,239.160172179429
2613220.1807,1267866.4023,,239.160172179429
2613220.6116,1267866.1482,,239.160172179429
2613221.0427,1267865.8943,,239.160172179429
2613221.4739,1267865.6405,,239.160172179429
2613221.9052,1267865.387,,239.160172179429
2613222.3366,1267865.1337,,239.160172179429
2613222.7682,1267864.8806,,239.160172179429
2613223.1999,1267864.6277,,239.160172179429
2613223.6317,1267864.375,,239.160172179429
2613224.0636,1267864.1225,,239.160172179429
2613224.4956,1267863.8702,,239.160172179429
2613224.9278,1267863.6181,,239.160172179429
2613225.3601,1267863.3663,,239.273448119619
2613225.7925,1267863.1146,,239.273448119619
2613226.225,1267862.8631,,239.273448119619
2613226.6576,1267862.6118,,239.273448119619
2613227.0903,1267862.3607,,239.273448119619
2613227.5232,1267862.1098,,239.273448119619
2613227.9561,1267861.8591,,239.273448119619
2613228.3892,1267861.6086,,239.273448119619
2613228.8224,1267861.3583,,239.273448119619
2613229.2557,1267861.1082,,239.273448119619
2613229.6891,1267860.8583,,239.273448119619
2613230.1227,1267860.6086,,239.273448119619
2613230.5563,1267860.3591,,239.273448119619
2613230.99,1267860.1097,,239.273448119619
2613231.4239,1267859.8606,,239.273448119619
2613231.8579,1267859.6116,,239.273448119619
2613232.2919,1267859.3628,,239.273448119619
2613232.7261,1267859.1142,,239.273448119619
2613233.1604,1267858.8658,,239.273448119619
2613233.5948,1267858.6176,,239.273448119619
2613234.0293,1267858.3696,,239.273448119619
2613234.4639,1267858.1217,,239.273448119619
2613234.8986,1267857.8741,,239.273448119619
2613235.3334,1267857.6266,,239.273448119619
2613235.7683,1267857.3793,,239.150201827066
2613236.2033,1267857.1322,,239.150201827066
2613236.6384,1267856.8852,,239.150201827066
2613237.0736,1267856.6385,,239.150201827066
2613237.509,1267856.3919,,239.150201827066
2613237.9444,1267856.1455,,239.150201827066
2613238.3799,1267855.8992,,239.150201827066
2613238.8155,1267855.6532,,239.150201827066
2613239.2512,1267855.4073,,239.150201827066
2613239.6871,1267855.1616,,239.150201827066
2613240.123,1267854.9161,,239.150201827066
2613240.559,1267854.6707,,239.150201827066
2613240.9951,1267854.4255,,239.150201827066
2613241.4313,1267854.1805,,239.150201827066
2613241.8676,1267853.9356,,239.150201827066
2613242.304,1267853.691,,239.150201827066
2613242.7404,1267853.4464,,239.150201827066
2613243.177,1267853.2021,,239.150201827066
2613243.6137,1267852.9579,,239.150201827066
2613244.0505,1267852.7139,,239.150201827066
2613244.4873,1267852.47,,239.150201827066
2613244.9243,1267852.2263,,239.150201827066
2613245.3613,1267851.9828,,239.150201827066
2613245.7984,1267851.7394,,239.150201827066
2613246.2356,1267851.4962,,239.150201827066
2613246.6729,1267851.2532,,239.150201827066
2613247.1103,1267851.0103,,239.150201827066
2613247.5478,1267850.7676,,239.150201827066
2613247.9854,1267850.525,,239.150201827066
2613248.423,1267850.2826,,239.150201827066
2613248.8608,1267850.0403,,239.150201827066
2613249.2986,1267849.7982,,239.150201827066
2613249.7365,1267849.5563,,239.150201827066
2613250.1745,1267849.3145,,239.150201827066
2613250.6126,1267849.0728,,239.150201827066
2613251.0507,1267848.8313,,239.150201827066
2613251.489,1267848.59,,239.150201827066
2613251.9273,1267848.3488,,239.150201827066
2613252.3657,1267848.1078,,239.150201827066
2613252.8042,1267847.8669,,239.150201827066
2613253.2428,1267847.6261,,239.150201827066
2613253.6814,1267847.3855,,239.150201827066
2613254.1202,1267847.145,,239.150201827066
2613254.559,1267846.9047,,239.150201827066
2613254.9979,1267846.6646,,239.150201827066
2613255.4368,1267846.4245,,239.150201827066
2613255.8759,1267846.1846,,239.150201827066
2613256.315,1267845.9449,,239.111111111111
2613256.7542,1267845.7053,,239.111111111111
2613257.1935,1267845.4658,,239.111111111111
2613257.6328,1267845.2265,,239.111111111111
2613258.0723,1267844.9873,,239.111111111111
2613258.5118,1267844.7482,,239.111111111111
2613258.9513,1267844.5093,,239.111111111111
2613259.391,1267844.2705,,239.111111111111
2613259.8307,1267844.0319,,239.111111111111
2613260.2705,1267843.7934,,239.111111111111
2613260.7103,1267843.555,,239.111111111111
2613261.1503,1267843.3167,,239.111111111111
2613261.5903,1267843.0786,,239.111111111111
2613262.0304,1267842.8406,,239.111111111111
2613262.4705,1267842.6027,,239.168053244592
2613262.9107,1267842.365,,239.168053244592
2613263.351,1267842.1274,,239.168053244592
2613263.7913,1267841.8899,,239.168053244592
2613264.2318,1267841.6525,,239.168053244592
2613264.6722,1267841.4153,,239.168053244592
2613265.1128,1267841.1782,,239.168053244592
2613265.5534,1267840.9412,,239.168053244592
2613265.9941,1267840.7043,,239.168053244592
2613266.4348,1267840.4676,,239.168053244592
2613266.8756,1267840.231,,239.168053244592
2613267.3165,1267839.9944,,239.168053244592
2613267.7574,1267839.758,,239.168053244592
2613268.1984,1267839.5218,,239.168053244592
2613268.6395,1267839.2856,,239.168053244592
2613269.0806,1267839.0496,,239.168053244592
2613269.5218,1267838.8136,,239.168053244592
2613269.9631,1267838.5778,,239.168053244592
2613270.4044,1267838.3421,,239.168053244592
2613270.8457,1267838.1065,,239.168053244592
2613271.2872,1267837.8711,,239.168053244592
2613271.7286,1267837.6357,,239.168053244592
2613272.1702,1267837.4004,,239.168053244592
2613272.6118,1267837.1653,,239.168053244592
2613273.0534,1267836.9302,,239.168053244592
2613273.4952,1267836.6953,,239.168053244592
2613273.9369,1267836.4605,,239.168053244592
2613274.3787,1267836.2257,,239.168053244592
2613274.8206,1267835.9911,,239.168053244592
2613275.2626,1267835.7566,,239.168053244592
2613275.7045,1267835.5222,,239.168053244592
2613276.1466,1267835.2878,,239.168053244592
2613276.5887,1267835.0536,,239.168053244592
2613277.0308,1267834.8195,,239.125
2613277.473,1267834.5855,,239.125
2613277.9153,1267834.3516,,239.125
2613278.3576,1267834.1177,,239.125
2613278.7999,1267833.884,,239.125
2613279.2423,1267833.6504,,239.125
2613279.6848,1267833.4168,,239.125
2613280.1273,1267833.1834,,239.125
2613280.5699,1267832.95,,239.125
2613281.0125,1267832.7168,,239.125
2613281.4551,1267832.4836,,239.125
2613281.8978,1267832.2505,,239.125
2613282.3405,1267832.0175,,239.125
2613282.7833,1267831.7846,,239.125
2613283.2262,1267831.5518,,239.125
2613283.669,1267831.3191,,239.125
2613284.112,1267831.0864,,239.125
2613284.5549,1267830.8538,,239.125
2613284.9979,1267830.6214,,239.125
2613285.441,1267830.389,,239.125
2613285.8841,1267830.1566,,239.125
2613286.3272,1267829.9244,,239.125
2613286.7704,1267829.6922,,239.125
2613287.2136,1267829.4602,,239.125
2613287.6569,1267829.2282,,239.125
2613288.1002,1267828.9962,,239.125
2613288.5435,1267828.7644,,239.125
2613288.9869,1267828.5326,,239.125
2613289.4303,1267828.3009,,239.125
2613289.8738,1267828.0693,,239.125
2613290.3173,1267827.8377,,239.125
2613290.7608,1267827.6063,,239.125
2613291.2044,1267827.3748,,239.125
2613291.648,1267827.1435,,239.125
2613292.0916,1267826.9122,,239.125
2613292.5353,1267826.681,,239.125
2613292.979,1267826.4499,,239.125
2613293.4228,1267826.2188,,239.125
2613293.8666,1267825.9878,,239.125
2613294.3104,1267825.7569,,239.125
2613294.7542,1267825.526,,239.125
2613295.1981,1267825.2952,,239.125
2613295.642,1267825.0644,,239.125
2613296.086,1267824.8337,,239.125
2613296.53,1267824.6031,,239.125
2613296.974,1267824.3725,,239.125
2613297.418,1267824.142,,239.125
2613297.8621,1267823.9115,,239
2613298.3062,1267823.6811,,239
2613298.7503,1267823.4508,,239
2613299.1944,1267823.2205,,239
2613299.6386,1267822.9903,,239
2613300.0828,1267822.7601,,239
2613300.5271,1267822.5299,,239
2613300.9713,1267822.2999,,239
2613301.4156,1267822.0698,,239
2613301.8599,1267821.8398,,239.142857142857
2613302.3043,1267821.6099,,239.142857142857
2613302.7486,1267821.38,,239.142857142857
2613303.193,1267821.1502,,239.142857142857
2613303.6374,1267820.9204,,239.142857142857
2613304.0818,1267820.6906,,239.142857142857
2613304.5263,1267820.4609,,239.142857142857
2613304.9708,1267820.2312,,239.142857142857
2613305.4153,1267820.0016,,239.142857142857
2613305.8598,1267819.772,,239.142857142857
2613306.3043,1267819.5425,,239.142857142857
2613306.7489,1267819.313,,239.142857142857
2613307.1935,1267819.0835,,239.142857142857
2613307.6381,1267818.8541,,239.142857142857
2613308.0827,1267818.6247,,239.142857142857
2613308.5273,1267818.3953,,239.142857142857
2613308.972,1267818.166,,239.142857142857
2613309.4167,1267817.9367,,239.142857142857
2613309.8613,1267817.7075,,239.142857142857
2613310.306,1267817.4782,,239.142857142857
2613310.7508,1267817.249,,239.142857142857
2613311.1955,1267817.0199,,239.142857142857
2613311.6403,1267816.7907,,239.142857142857
2613312.085,1267816.5616,,239.142857142857
2613312.5298,1267816.3326,,239.142857142857
2613312.9746,1267816.1035,,239.142857142857
2613313.4194,1267815.8745,,239.142857142857
2613313.8642,1267815.6455,,239.142857142857
2613314.309,1267815.4165,,239.142857142857
2613314.7539,1267815.1875,,239.142857142857
2613315.1987,1267814.9586,,239.142857142857
2613315.6436,1267814.7297,,239.142857142857
2613316.0885,1267814.5008,,239.142857142857
2613316.5334,1267814.2719,,239.142857142857
2613316.9783,1267814.0431,,239.142857142857
2613317.4232,1267813.8142,,239.142857142857
2613317.8681,1267813.5854,,239.142857142857
2613318.313,1267813.3566,,239.142857142857
2613318.7579,1267813.1278,,239
2613319.2029,1267812.899,,239
2613319.6478,1267812.6702,,239
2613320.0927,1267812.4415,,239
2613320.5377,1267812.2127,,239
2613320.9826,1267811.984,,239
2613321.4276,1267811.7553,,239
2613321.8726,1267811.5266,,239
2613322.3175,1267811.2978,,239
2613322.7625,1267811.0691,,239
2613323.2075,1267810.8404,,239
2613323.6525,1267810.6118,,239
2613324.0975,1267810.3831,,239
2613324.5424,1267810.1544,,239
2613324.9874,1267809.9257,,239
2613325.4324,1267809.697,,239
2614123.9338,1267399.3329,,240
2614124.3795,1267399.1038,,240
2614124.8252,1267398.8747,,240
2614125.271,1267398.6457,,240
2614125.7167,1267398.4166,,240
2614126.1625,1267398.1875,,240
2614126.6082,1267397.9584,,240
2614127.0539,1267397.7293,,240
2614127.4997,1267397.5002,,240
2614127.9454,1267397.2711,,240
2614128.3911,1267397.042,,240
2614128.8368,1267396.8129,,240
2614129.2826,1267396.5838,,240
2614129.7283,1267396.3547,,240
2614130.174,1267396.1255,,240
2614130.6197,1267395.8964,,240
2614131.0654,1267395.6672,,240
2614131.5111,1267395.4381,,240
2614131.9568,1267395.2089,,240
2614132.4024,1267394.9797,,240
2614132.8481,1267394.7505,,240
2614133.2938,1267394.5213,,240
2614133.7394,1267394.292,,240
2614134.1851,1267394.0628,,240
2614134.6307,1267393.8335,,240
2614135.0764,1267393.6042,,240
2614135.522,1267393.3749,,240
2614135.9676,1267393.1456,,240
2614136.4132,1267392.9163,,240
2614136.8588,1267392.6869,,240
2614137.3044,1267392.4575,,240
2614137.75,1267392.2281,,240
2614138.1955,1267391.9987,,240
2614138.6411,1267391.7693,,240
2614139.0866,1267391.5398,,240
2614139.5321,1267391.3103,,240
2614139.9777,1267391.0808,,240
2614140.4232,1267390.8512,,240
2614140.8686,1267390.6217,,240
2614141.3141,1267390.3921,,240
2614141.7596,1267390.1625,,240
2614142.205,1267389.9328,,240
2614142.6505,1267389.7031,,240
2614143.0959,1267389.4734,,240
2614143.5413,1267389.2437,,240
2614143.9867,1267389.0139,,240
2614144.432,1267388.7841,,240
2614144.8774,1267388.5543,,240
2614145.3227,1267388.3244,,240
2614145.768,1267388.0945,,240
2614146.2133,1267387.8646,,240
2614146.6586,1267387.6346,,240
2614147.1039,1267387.4046,,240
2614147.5491,1267387.1746,,240
2614147.9943,1267386.9445,,240
2614148.4395,1267386.7144,,240
2614148.8847,1267386.4843,,240
2614149.3299,1267386.2541,,240
2614149.775,1267386.0238,,240.142857142857
2614150.2202,1267385.7936,,240.142857142857
2614150.6653,1267385.5633,,240.142857142857
2614151.1104,1267385.3329,,240.125
2614151.5554,1267385.1025,,240.125
2614152.0004,1267384.8721,,240.125
2614152.4455,1267384.6416,,240.125
2614152.8905,1267384.4111,,240.125
2614153.3354,1267384.1805,,240.125
2614153.7804,1267383.9499,,240.125
2614154.2253,1267383.7192,,240.125
2614154.6702,1267383.4885,,240.125
2614155.115,1267383.2577,,240.125
2614155.5599,1267383.0269,,240.125
2614156.0047,1267382.796,,240.125
2614156.4495,1267382.5651,,240.125
2614156.8943,1267382.3342,,240.125
2614157.339,1267382.1032,,240.125
2614157.7837,1267381.8721,,240.125
2614158.2284,1267381.641,,240.125
2614158.6731,1267381.4098,,240.125
2614159.1177,1267381.1786,,240.125
2614159.5623,1267380.9473,,240.125
2614160.0069,1267380.7159,,240.125
2614160.4514,1267380.4846,,240.125
2614160.8959,1267380.2531,,240.125
2614161.3404,1267380.0216,,240.125
2614161.7848,1267379.79,,240.125
2614162.2293,1267379.5584,,240.125
2614162.6736,1267379.3267,,240.125
2614163.118,1267379.095,,240.125
2614163.5623,1267378.8631,,240.125
2614164.0066,1267378.6313,,240.125
2614164.4509,1267378.3993,,240.125
2614164.8951,1267378.1673,,240.125
2614165.3393,1267377.9353,,240.125
2614165.7835,1267377.7032,,240.125
2614166.2276,1267377.471,,240.125
2614166.6717,1267377.2387,,240.125
2614167.1157,1267377.0064,,240.125
2614167.5597,1267376.774,,240.125
2614168.0037,1267376.5415,,240.125
2614168.4477,1267376.309,,240.125
2614168.8916,1267376.0764,,240.125
2614169.3355,1267375.8437,,240.125
2614169.7793,1267375.611,,240.125
2614170.2231,1267375.3782,,240.125
2614170.6669,1267375.1453,,240.25
2614171.1106,1267374.9123,,240.25
2614171.5543,1267374.6793,,240.25
2614171.9979,1267374.4462,,240.25
2614172.4415,1267374.213,,240.25
2614172.8851,1267373.9797,,240.25
2614173.3286,1267373.7464,,240.25
2614173.7721,1267373.513,,240.25
2614174.2155,1267373.2795,,240.25
2614174.6589,1267373.0459,,240.25
2614175.1023,1267372.8123,,240.25
2614175.5456,1267372.5785,,240.25
2614175.9889,1267372.3447,,240.25
2614176.4321,1267372.1108,,240.25
2614176.8753,1267371.8769,,240.25
2614177.3185,1267371.6428,,240.25
2614177.7616,1267371.4087,,240.25
2614178.2046,1267371.1744,,240.25
2614178.6476,1267370.9401,,240.25
2614179.0906,1267370.7057,,240.25
2614179.5335,1267370.4713,,240.25
2614179.9764,1267370.2367,,240.25
2614180.4192,1267370.002,,240.25
2614180.862,1267369.7673,,240.25
2614181.3047,1267369.5325,,240.25
2614181.7474,1267369.2975,,240.25
2614182.1901,1267369.0625,,240.25
2614182.6327,1267368.8274,,240.25
2614183.0752,1267368.5922,,240.25
2614183.5177,1267368.357,,240.25
2614183.9601,1267368.1216,,240.25
2614184.4025,1267367.8861,,240.25
2614184.8449,1267367.6505,,240.25
2614185.2872,1267367.4149,,240.25
2614185.7294,1267367.1791,,240.25
2614186.1716,1267366.9433,,240.25
2614186.6137,1267366.7073,,240.25
2614187.0558,1267366.4713,,240.25
2614187.4979,1267366.2351,,240.25
2614187.9398,1267365.9989,,240.25
2614188.3818,1267365.7625,,240.25
2614188.8236,1267365.5261,,240.25
2614189.2655,1267365.2895,,240.25
2614189.7072,1267365.0529,,240.25
2614190.1489,1267364.8161,,240.25
2614190.5906,1267364.5792,,240.25
2614191.0322,1267364.3423,,240.25
2614191.4737,1267364.1052,,240.375
2614191.9152,1267363.868,,240.375
2614192.3566,1267363.6308,,240.375
2614192.798,1267363.3934,,240.375
2614193.2393,1267363.1559,,240.375
2614193.6806,1267362.9183,,240.375
2614194.1218,1267362.6806,,240.375
2614194.5629,1267362.4428,,240.375
2614195.004,1267362.2048,,240.375
2614195.445,1267361.9668,,240.375
2614195.886,1267361.7286,,240.375
2614196.3269,1267361.4904,,240.375
2614196.7677,1267361.252,,240.375
2614197.2085,1267361.0135,,240.375
2614197.6492,1267360.7749,,240.375
2614198.0899,1267360.5362,,240.375
2614198.5304,1267360.2974,,240.375
2614198.971,1267360.0584,,240.375
2614199.4114,1267359.8193,,240.375
2614199.8518,1267359.5802,,240.375
2614200.2922,1267359.3409,,240.375
2614200.7324,1267359.1014,,240.375
2614201.1726,1267358.8619,,240.375
2614201.6128,1267358.6222,,240.375
2614202.0529,1267358.3824,,240.375
2614202.4929,1267358.1425,,240.375
2614202.9328,1267357.9025,,240.375
2614203.3727,1267357.6624,,240.375
2614203.8125,1267357.4221,,240.375
2614204.2522,1267357.1817,,240.375
2614204.6919,1267356.9412,,240.375
2614205.1315,1267356.7005,,240.375
2614205.571,1267356.4598,,240.375
2614206.0105,1267356.2189,,240.375
2614206.4499,1267355.9778,,240.375
2614206.8892,1267355.7367,,240.375
2614207.3285,1267355.4954,,240.375
2614207.7676,1267355.254,,240.375
2614208.2067,1267355.0124,,240.375
2614208.6458,1267354.7708,,240.375
2614209.0847,1267354.5289,,240.375
2614209.5236,1267354.287,,240.375
2614209.9625,1267354.0449,,240.375
2614210.4012,1267353.8027,,240.375
2614210.8399,1267353.5604,,240.375
2614211.2785,1267353.3179,,240.375
2614211.717,1267353.0753,,240.375
2614212.1554,1267352.8326,,240.510986203373
2614212.5938,1267352.5897,,240.510986203373
2614213.0321,1267352.3466,,240.510986203373
2614213.4703,1267352.1035,,240.510986203373
2614213.9084,1267351.8602,,240.510986203373
2614214.3465,1267351.6167,,240.510986203373
2614214.7845,1267351.3732,,240.510986203373
2614215.2224,1267351.1294,,240.510986203373
2614215.6602,1267350.8856,,240.510986203373
2614216.098,1267350.6416,,240.510986203373
2614216.5356,1267350.3974,,240.510986203373
2614216.9732,1267350.1531,,240.510986203373
2614217.4107,1267349.9087,,240.510986203373
2614217.8482,1267349.6641,,240.510986203373
2614218.2855,1267349.4194,,240.510986203373
2614218.7228,1267349.1745,,240.510986203373
2614219.1599,1267348.9295,,240.510986203373
2614219.597,1267348.6844,,240.510986203373
2614220.0341,1267348.439,,240.510986203373
2614220.471,1267348.1936,,240.510986203373
2614220.9078,1267347.948,,240.510986203373
2614221.3446,1267347.7022,,240.510986203373
2614221.7813,1267347.4563,,240.510986203373
2614222.2179,1267347.2102,,240.510986203373
2614222.6544,1267346.964,,240.510986203373
2614223.0908,1267346.7176,,240.510986203373
2614223.5271,1267346.4711,,240.510986203373
2614223.9634,1267346.2244,,240.510986203373
2614224.3995,1267345.9776,,240.510986203373
2614224.8356,1267345.7306,,240.510986203373
2614225.2716,1267345.4835,,240.510986203373
2614225.7075,1267345.2362,,240.510986203373
2614226.1433,1267344.9887,,240.510986203373
2614226.579,1267344.7411,,240.510986203373
2614227.0146,1267344.4933,,240.510986203373
2614227.4501,1267344.2454,,240.510986203373
2614227.8856,1267343.9973,,240.510986203373
2614228.3209,1267343.749,,240.444444444444
2614228.7562,1267343.5006,,240.444444444444
2614229.1914,1267343.252,,240.444444444444
2614229.6264,1267343.0033,,240.444444444444
2614230.0614,1267342.7544,,240.444444444444
2614230.4963,1267342.5053,,240.444444444444
2614230.9311,1267342.2561,,240.444444444444
2614231.3658,1267342.0067,,240.444444444444
2614231.8004,1267341.7571,,240.444444444444
2614232.2349,1267341.5074,,240.444444444444
2614232.6693,1267341.2575,,240.444444444444
2614233.1036,1267341.0075,,240.594247682434
2614233.5378,1267340.7572,,240.594247682434
2614233.972,1267340.5068,,240.594247682434
2614234.406,1267340.2563,,240.594247682434
2614234.8399,1267340.0055,,240.594247682434
2614235.2737,1267339.7546,,240.594247682434
2614235.7075,1267339.5035,,240.594247682434
2614236.1411,1267339.2523,,240.594247682434
2614236.5746,1267339.0008,,240.594247682434
2614237.008,1267338.7492,,240.594247682434
2614237.4413,1267338.4975,,240.594247682434
2614237.8746,1267338.2455,,240.594247682434
2614238.3077,1267337.9934,,240.594247682434
2614238.7407,1267337.7411,,240.594247682434
2614239.1736,1267337.4886,,240.594247682434
2614239.6064,1267337.2359,,240.594247682434
2614240.0391,1267336.9831,,240.594247682434
2614240.4717,1267336.7301,,240.594247682434
2614240.9042,1267336.4769,,240.594247682434
2614241.3366,1267336.2235,,240.594247682434
2614241.7689,1267335.97,,240.594247682434
2614242.2011,1267335.7162,,240.594247682434
2614242.6332,1267335.4623,,240.594247682434
2614243.0651,1267335.2082,,240.594247682434
2614243.497,1267334.9539,,240.594247682434
2614243.9287,1267334.6995,,240.594247682434
2614244.3604,1267334.4448,,240.594247682434
2614244.7919,1267334.19,,240.594247682434
2614245.2233,1267333.935,,240.594247682434
2614245.6546,1267333.6798,,240.594247682434
2614246.0858,1267333.4244,,240.594247682434
2614246.5169,1267333.1688,,240.594247682434
2614246.9479,1267332.913,,240.594247682434
2614247.3788,1267332.6571,,240.594247682434
2614247.8095,1267332.4009,,240.594247682434
2614248.2402,1267332.1446,,240.594247682434
2614248.6707,1267331.8881,,240.594247682434
2614249.1011,1267331.6313,,240.594247682434
2614249.5314,1267331.3744,,240.594247682434
2614249.9616,1267331.1173,,240.594247682434
2614250.3917,1267330.86,,240.594247682434
2614250.8216,1267330.6025,,240.594247682434
2614251.2515,1267330.3449,,240.594247682434
2614251.6812,1267330.087,,240.594247682434
2614252.1108,1267329.8289,,240.594247682434
2614252.5403,1267329.5706,,240.594247682434
2614252.9696,1267329.3122,,240.594247682434
2614253.3989,1267329.0535,,240.594247682434
2614253.828,1267328.7946,,240.713097218921
2614254.257,1267328.5356,,240.713097218921
2614254.6859,1267328.2763,,240.713097218921
2614255.1147,1267328.0169,,240.713097218921
2614255.5433,1267327.7572,,240.713097218921
2614255.9718,1267327.4973,,240.713097218921
2614256.4002,1267327.2373,,240.713097218921
2614256.8285,1267326.977,,240.713097218921
2614257.2567,1267326.7165,,240.713097218921
2614257.6847,1267326.4559,,240.713097218921
2614258.1126,1267326.195,,240.713097218921
2614258.5404,1267325.9339,,240.713097218921
2614258.968,1267325.6726,,240.713097218921
2614259.3956,1267325.4111,,240.713097218921
2614259.823,1267325.1494,,240.713097218921
2614260.2502,1267324.8875,,240.713097218921
2614260.6774,1267324.6254,,240.713097218921
2614261.1044,1267324.3631,,240.713097218921
2614261.5313,1267324.1005,,240.713097218921
2614490.8901,1267131.2964,,240
2614491.2228,1267130.9202,,240
2614491.5553,1267130.5439,,240
2614491.8876,1267130.1673,,240
2614492.2197,1267129.7906,,240
2614492.5517,1267129.4138,,240
2614493.5464,1267128.2822,,240
2614493.8776,1267127.9047,,240
2614494.2085,1267127.527,,240
2614494.5393,1267127.1491,,240
2614494.8699,1267126.7711,,240
2614495.2003,1267126.3929,,240
2614495.5306,1267126.0145,,240
2614495.8606,1267125.636,,240
2614496.1904,1267125.2573,,240
2614496.52,1267124.8784,,240
2614496.8494,1267124.4993,,240
2614497.1786,1267124.12,,240
2614497.5076,1267123.7406,,240
2614497.8365,1267123.361,,240
2614498.1651,1267122.9813,,240
2614498.4935,1267122.6013,,240
2614498.8217,1267122.2212,,240
2614499.1497,1267121.8409,,240
2614499.4774,1267121.4604,,240
2614499.805,1267121.0798,,240
2614500.1324,1267120.6989,,240
2614500.4595,1267120.3179,,240
2614500.7865,1267119.9367,,240
2614501.1132,1267119.5553,,240
2614501.4398,1267119.1738,,240
2614501.7661,1267118.792,,240
2614502.0922,1267118.4101,,240
2614502.4181,1267118.028,,240
2614502.7437,1267117.6457,,240
2614503.0692,1267117.2632,,240.333333333333
2614503.3944,1267116.8805,,240.333333333333
2614503.7194,1267116.4977,,240.333333333333
2614504.0442,1267116.1147,,240.333333333333
2614504.3688,1267115.7314,,240.333333333333
2614504.6931,1267115.348,,240.333333333333
2614505.0173,1267114.9644,,240
2614505.3412,1267114.5807,,240
2614505.6649,1267114.1967,,240
2614505.9883,1267113.8125,,240
2614506.3116,1267113.4282,,240
2614506.6346,1267113.0436,,240
2614506.9574,1267112.6589,,240
2614507.2799,1267112.274,,240
2614507.6022,1267111.8889,,240
2614507.9243,1267111.5035,,240
2614508.2462,1267111.118,,240
2614508.5678,1267110.7323,,240
2614508.8892,1267110.3465,,240
2614509.2104,1267109.9604,,240
2614509.5313,1267109.5741,,240
2614509.852,1267109.1876,,240
2614510.1725,1267108.8009,,240
2614510.4927,1267108.4141,,240
2614510.8127,1267108.027,,240
2614511.1324,1267107.6398,,240
2614696.3364,1266585.9648,,242
2614696.3325,1266585.464,,242
2614696.3282,1266584.9633,,242
2614696.3236,1266584.4626,,242
2614696.3188,1266583.9619,,242
2614696.3136,1266583.4612,,242
2614696.3081,1266582.9605,,242
2614696.3023,1266582.4598,,242
2614696.2962,1266581.959,,242
2614696.2898,1266581.4583,,242
2614696.2831,1266580.9577,,242
2614696.2762,1266580.457,,242
2614696.2689,1266579.9563,,242
2614696.2613,1266579.4556,,242
2614696.2535,1266578.9549,,242
2614696.2453,1266578.4542,,242
2614696.2369,1266577.9536,,242
2614696.2282,1266577.4529,,242
2614696.2191,1266576.9523,,242
2614696.2099,1266576.4516,,242
2614696.2003,1266575.951,,242
2614696.1904,1266575.4503,,242
2614696.1803,1266574.9497,,242
2614696.1699,1266574.449,,242.166666666667
2614696.1592,1266573.9484,,242.166666666667
2614696.1482,1266573.4478,,242.166666666667
2614696.137,1266572.9472,,242.166666666667
2614696.1254,1266572.4466,,242.166666666667
2614696.1136,1266571.946,,242.166666666667
2614696.1016,1266571.4454,,242.166666666667
2614696.0893,1266570.9448,,242.166666666667
2614696.0767,1266570.4442,,242.166666666667
2614696.0638,1266569.9436,,242.166666666667
2614696.0507,1266569.4431,,242.166666666667
2614696.0373,1266568.9425,,242.166666666667
2614696.0236,1266568.442,,242.166666666667
2614696.0097,1266567.9414,,242.166666666667
2614695.9955,1266567.4409,,242.166666666667
2614695.9811,1266566.9403,,242.166666666667
2614695.9664,1266566.4398,,242.166666666667
2614695.9515,1266565.9393,,242.166666666667
2614695.9363,1266565.4388,,242.166666666667
2614695.9208,1266564.9383,,242.166666666667
2614695.9051,1266564.4378,,242.166666666667
2614695.8892,1266563.9373,,242.166666666667
2614695.873,1266563.4368,,242.166666666667
2614695.8565,1266562.9364,,242.166666666667
2614695.8398,1266562.4359,,242.166666666667
2614695.8229,1266561.9354,,242.166666666667
2614695.8057,1266561.435,,242.166666666667
2614695.7883,1266560.9346,,242.166666666667
2614695.7707,1266560.4341,,242.166666666667
2614695.7528,1266559.9337,,242.166666666667
2614695.7346,1266559.4333,,242.166666666667
2614695.7163,1266558.9329,,242.166666666667
2614695.6977,1266558.4325,,242.166666666667
2614695.6788,1266557.9321,,242.166666666667
2614695.6598,1266557.4317,,242.166666666667
2614695.6405,1266556.9314,,242.166666666667
2614695.621,1266556.431,,242.166666666667
2614695.6012,1266555.9307,,242.166666666667
2614695.5812,1266555.4303,,242.166666666667
2614695.561,1266554.93,,242.166666666667
2614695.5406,1266554.4297,,242.166666666667
2614695.52,1266553.9294,,242.166666666667
2614695.4991,1266553.4291,,242.2
2614695.478,1266552.9288,,242.2
2614695.4567,1266552.4285,,242.2
2614695.4352,1266551.9282,,242.2
2614695.4135,1266551.4279,,242.2
2614695.3915,1266550.9277,,242.2
2614695.3694,1266550.4274,,242.2
2614695.347,1266549.9272,,242.2
2614695.3244,1266549.4269,,242.2
2614695.3016,1266548.9267,,242.2
2614695.2787,1266548.4265,,242.2
2614695.2555,1266547.9263,,242.2
2614695.2321,1266547.4261,,242.2
2614695.2085,1266546.9259,,242.2
2614695.1847,1266546.4258,,242.2
2614695.1607,1266545.9256,,242.2
2614695.1365,1266545.4254,,242.2
2614695.1121,1266544.9253,,242.2
2614695.0875,1266544.4252,,242.2
2614695.0627,1266543.925,,242.2
2614695.0377,1266543.4249,,242.2
2614695.0126,1266542.9248,,242.2
2614694.9872,1266542.4247,,242.2
2614694.9617,1266541.9246,,242.2
2614694.936,1266541.4246,,242.2
2614694.9101,1266540.9245,,242.2
2614694.884,1266540.4244,,242.2
2614694.8577,1266539.9244,,242.2
2614694.8312,1266539.4243,,242.2
2614694.8046,1266538.9243,,242.2
2614694.7778,1266538.4243,,242.2
2614694.7508,1266537.9243,,242.2
2614694.7236,1266537.4243,,242.2
2614694.6963,1266536.9243,,242.2
2614694.6687,1266536.4243,,242.2
2614694.6411,1266535.9243,,242.2
2614694.6132,1266535.4244,,242.2
2614694.5852,1266534.9244,,242.2
2614694.557,1266534.4245,,242.2
2614694.5286,1266533.9245,,242.2
2614694.5001,1266533.4246,,242.2
2614694.4714,1266532.9247,,242.320344358858
2614694.4426,1266532.4248,,242.320344358858
2614694.4136,1266531.9249,,242.320344358858
2614694.3844,1266531.425,,242.320344358858
2614694.3551,1266530.9251,,242.320344358858
2614694.3256,1266530.4252,,242.320344358858
2614694.296,1266529.9254,,242.320344358858
2614694.2662,1266529.4255,,242.320344358858
2614694.2362,1266528.9257,,242.320344358858
2614694.2062,1266528.4258,,242.320344358858
2614694.1759,1266527.926,,242.320344358858
2614694.1455,1266527.4262,,242.320344358858
2614694.115,1266526.9264,,242.320344358858
2614694.0843,1266526.4266,,242.320344358858
2614694.0535,1266525.9268,,242.320344358858
2614694.0226,1266525.427,,242.320344358858
2614693.9288,1266523.9277,,242.320344358858
2614693.8973,1266523.428,,242.320344358858
2614693.8657,1266522.9282,,242.320344358858
2614693.8339,1266522.4285,,242.320344358858
2614693.802,1266521.9288,,242.320344358858
2614693.7699,1266521.4291,,242.320344358858
2614693.7378,1266520.9294,,242.320344358858
2614693.7082,1266520.4722,,242.320344358858
2614693.7055,1266520.4297,,242.320344358858
2614693.673,1266519.93,,242.320344358858
2614693.6405,1266519.4303,,242.320344358858
2614693.6078,1266518.9306,,242.320344358858
2614693.575,1266518.431,,242.320344358858
2614693.5421,1266517.9313,,242.320344358858
2614693.509,1266517.4317,,242.320344358858
2614693.4759,1266516.932,,242.320344358858
2614693.4426,1266516.4324,,242.320344358858
2614693.4092,1266515.9328,,242.320344358858
2614693.3757,1266515.4331,,242.320344358858
2614693.3421,1266514.9335,,242.320344358858
2614693.3084,1266514.4339,,242.320344358858
2614693.2745,1266513.9343,,242.320344358858
2614693.2406,1266513.4347,,242.320344358858
2614693.2065,1266512.9352,,242.320344358858
2614693.1724,1266512.4356,,242.320344358858
2614693.1381,1266511.936,,242.679655641142
2614693.1038,1266511.4365,,242.679655641142
2614693.0693,1266510.9369,,242.679655641142
2614688.6484,1266455.8256,,243.125
2614688.6026,1266455.3246,,243.125
2614688.5567,1266454.8236,,243.125
2614688.5107,1266454.3226,,243.125
2614688.4645,1266453.8217,,243.125
2614688.4183,1266453.3207,,243.125
2614688.372,1266452.8197,,243.125
2614688.3255,1266452.3188,,243.125
2614688.279,1266451.8178,,243.125
2614688.2323,1266451.3169,,243.125
2614688.1855,1266450.816,,243.125
2614688.1387,1266450.3151,,243.125
2614688.0917,1266449.8142,,243.19072025897
2614688.0446,1266449.3133,,243.19072025897
2614687.9974,1266448.8124,,243.19072025897
2614687.9501,1266448.3115,,243.19072025897
2614687.9026,1266447.8107,,243.19072025897
2614687.8551,1266447.3098,,243.19072025897
2614687.8074,1266446.809,,243.19072025897
2614687.7597,1266446.3081,,243.19072025897
2614687.7118,1266445.8073,,243.19072025897
2614687.6638,1266445.3065,,243.19072025897
2614687.6157,1266444.8057,,243.19072025897
2614687.5674,1266444.3049,,243.19072025897
2614687.5191,1266443.8042,,243.19072025897
2614687.4706,1266443.3034,,243.19072025897
2614687.422,1266442.8027,,243.19072025897
2614687.3733,1266442.3019,,243.19072025897
2614687.3244,1266441.8012,,243.19072025897
2614687.2755,1266441.3005,,243.19072025897
2614687.2264,1266440.7998,,243.19072025897
2614687.1772,1266440.2991,,243.19072025897
2614687.1278,1266439.7984,,243.19072025897
2614687.0784,1266439.2978,,243.19072025897
2614687.0288,1266438.7971,,243.19072025897
2614686.979,1266438.2965,,243.19072025897
2614686.9292,1266437.7959,,243.19072025897
2614686.8792,1266437.2952,,243.19072025897
2614686.8291,1266436.7946,,243.19072025897
2614686.7789,1266436.2941,,243.19072025897
2614686.7285,1266435.7935,,243.19072025897
2614686.678,1266435.2929,,243.19072025897
2614686.5766,1266434.2919,,243.19072025897
2614686.5257,1266433.7913,,243.19072025897
2614686.4746,1266433.2908,,243.19072025897
2614686.4235,1266432.7903,,243.19072025897
2614686.3722,1266432.2899,,243.19072025897
2614686.3207,1266431.7894,,243.19072025897
2614686.2691,1266431.289,,243.19072025897
2614686.2174,1266430.7885,,243.19072025897
2614686.1655,1266430.2881,,243.19072025897
2614686.1135,1266429.7877,,243.19072025897
2614686.0614,1266429.2873,,243.19072025897
2614686.0091,1266428.7869,,243.325600215808
2614685.9566,1266428.2866,,243.325600215808
2614685.904,1266427.7862,,243.325600215808
2614685.8513,1266427.2859,,243.325600215808
2614685.7984,1266426.7856,,243.325600215808
2614685.7454,1266426.2853,,243.325600215808
2614685.6922,1266425.785,,243.325600215808
2614685.6389,1266425.2847,,243.325600215808
2614685.5855,1266424.7845,,243.325600215808
2614685.5319,1266424.2842,,243.325600215808
2614685.4781,1266423.784,,243.325600215808
2614685.4242,1266423.2838,,243.325600215808
2614685.3701,1266422.7836,,243.325600215808
2614685.3159,1266422.2835,,243.325600215808
2614685.2615,1266421.7833,,243.325600215808
2614685.207,1266421.2832,,243.325600215808
2614685.1523,1266420.7831,,243.325600215808
2614685.0975,1266420.283,,243.325600215808
2614685.0425,1266419.7829,,243.325600215808
2614684.9873,1266419.2828,,243.325600215808
2614684.932,1266418.7827,,243.325600215808
2614684.8765,1266418.2827,,243.325600215808
2614684.8209,1266417.7827,,243.325600215808
2614684.7651,1266417.2827,,243.325600215808
2614684.7091,1266416.7827,,243.325600215808
2614684.653,1266416.2828,,243.325600215808
2614684.5967,1266415.7828,,243.325600215808
2614684.5403,1266415.2829,,243.325600215808
2614684.4837,1266414.783,,243.325600215808
2614684.4269,1266414.2831,,243.325600215808
2614684.37,1266413.7832,,243.325600215808
2614684.3129,1266413.2834,,243.325600215808
2614684.2556,1266412.7836,,243.325600215808
2614684.1981,1266412.2837,,243.325600215808
2614684.1405,1266411.784,,243.325600215808
2614684.0827,1266411.2842,,243.325600215808
2614684.0248,1266410.7844,,243.325600215808
2614683.9667,1266410.2847,,243.325600215808
2614683.9084,1266409.785,,243.325600215808
2614683.8499,1266409.2853,,243.325600215808
2614683.7913,1266408.7856,,243.325600215808
2614683.7324,1266408.286,,243.546940083307
2614683.6734,1266407.7863,,243.546940083307
2614683.6143,1266407.2867,,243.546940083307
2614683.5549,1266406.7872,,243.546940083307
2614683.4954,1266406.2876,,243.546940083307
2614683.4357,1266405.788,,243.546940083307
2614683.3758,1266405.2885,,243.546940083307
2614683.3157,1266404.789,,243.546940083307
2614683.2555,1266404.2895,,243.546940083307
2614683.195,1266403.7901,,243.546940083307
2614683.1344,1266403.2906,,243.546940083307
2614683.0736,1266402.7912,,243.546940083307
2614683.0127,1266402.2918,,243.546940083307
2614682.9515,1266401.7925,,243.546940083307
2614682.8901,1266401.2931,,243.546940083307
2614682.8286,1266400.7938,,243.546940083307
2614682.7669,1266400.2945,,243.546940083307
2614682.705,1266399.7952,,243.546940083307
2614682.6429,1266399.296,,243.546940083307
2614682.5806,1266398.7967,,243.546940083307
2614682.5181,1266398.2975,,243.546940083307
2614682.4554,1266397.7984,,243.546940083307
2614682.3926,1266397.2992,,243.546940083307
2614682.3295,1266396.8001,,243.546940083307
2614682.2662,1266396.301,,243.546940083307
2614682.2028,1266395.8019,,243.546940083307
2614682.1392,1266395.3028,,243.546940083307
2614682.0753,1266394.8038,,243.546940083307
2614682.0113,1266394.3048,,243.546940083307
2614681.9471,1266393.8058,,243.546940083307
2614681.8826,1266393.3068,,243.546940083307
2614681.818,1266392.8079,,243.546940083307
2614681.7532,1266392.309,,243.546940083307
2614681.6881,1266391.8101,,243.546940083307
2614681.6229,1266391.3113,,243.546940083307
2614681.5575,1266390.8124,,243.546940083307
2614681.4918,1266390.3136,,243.546940083307
2614681.426,1266389.8149,,243.546940083307
2614681.36,1266389.3161,,243.546940083307
2614681.2937,1266388.8174,,243.546940083307
2614681.2272,1266388.3187,,243.546940083307
2614681.1606,1266387.82,,243.546940083307
2614681.0937,1266387.3214,,243.674399784192
2614681.0266,1266386.8228,,243.674399784192
2614647.3492,1266223.6078,,247
2614647.2141,1266223.1258,,247
2614647.0789,1266222.6438,,247
2614646.9434,1266222.162,,247
2614646.8077,1266221.6801,,247
2614646.6718,1266221.1984,,248
2614646.5358,1266220.7167,,248
2614646.3995,1266220.235,,248
2614646.263,1266219.7534,,248
2614646.1264,1266219.2719,,248
2614645.9895,1266218.7904,,248
2614645.8525,1266218.3089,,248
2614645.7152,1266217.8276,,248
2614645.5778,1266217.3462,,248
2614645.4402,1266216.865,,248
2614645.3023,1266216.3838,,248
2614645.1643,1266215.9026,,248
2614645.0261,1266215.4215,,248
2614644.8877,1266214.9405,,248
2614644.7492,1266214.4595,,248
2614644.6104,1266213.9785,,248
2614644.4714,1266213.4976,,248
2614644.3323,1266213.0168,,248
2614644.193,1266212.536,,248
2614644.0534,1266212.0553,,248
2614643.9137,1266211.5746,,248
2614643.7739,1266211.094,,248
2614643.6338,1266210.6135,,248
2614643.4935,1266210.133,,248
2614643.3531,1266209.6525,,248
2614643.2125,1266209.1721,,248
2614643.0717,1266208.6918,,248
2614642.9307,1266208.2115,,248
2614642.7895,1266207.7312,,248
2614642.6482,1266207.251,,248
2614642.5067,1266206.7709,,248
2614642.365,1266206.2908,,248
2614641.9389,1266204.8509,,248
2614641.7965,1266204.371,,248
2614641.6539,1266203.8912,,248
2614641.5111,1266203.4114,,248
2614641.3682,1266202.9317,,248
2614641.2251,1266202.452,,248
2614641.0819,1266201.9724,,248
2614640.9384,1266201.4928,,248
2614640.7948,1266201.0133,,248
2614640.2187,1266199.0957,,249
2614640.0743,1266198.6165,,249
2614639.9297,1266198.1372,,249
2614639.7849,1266197.6581,,249
2614639.64,1266197.179,,249
2614639.4948,1266196.6999,,249
2614639.3496,1266196.2209,,249
2614639.2041,1266195.7419,,249
2614639.0585,1266195.263,,249
2614638.9128,1266194.7841,,249
2614638.7669,1266194.3053,,249
2614638.6208,1266193.8265,,249
2614638.4745,1266193.3478,,249
2614638.3281,1266192.8692,,249
2614638.1816,1266192.3905,,249
2614638.0349,1266191.912,,249
2614637.888,1266191.4334,,249
2614637.741,1266190.9549,,249
2614637.5938,1266190.4765,,249
2614637.4464,1266189.9981,,249
2614637.299,1266189.5198,,249
2614637.1513,1266189.0415,,249
2614637.0035,1266188.5633,,249
2614636.8556,1266188.0851,,249
2614636.7074,1266187.6069,,249
2614636.5592,1266187.1288,,249
2614636.4108,1266186.6508,,249
2614636.2622,1266186.1728,,249
2614636.1135,1266185.6948,,249
2614635.9647,1266185.2169,,249
2614635.8157,1266184.739,,249
2614635.6665,1266184.2612,,249
2614635.5172,1266183.7834,,249
2614635.3678,1266183.3057,,249
2614635.2182,1266182.828,,249
2614635.0685,1266182.3504,,249
2614634.9186,1266181.8728,,249
2614634.7686,1266181.3952,,249
2614634.6184,1266180.9177,,249
2614634.4681,1266180.4403,,249
2614634.3177,1266179.9628,,249
2614634.1671,1266179.4855,,251
2614634.0164,1266179.0081,,251
2614633.8655,1266178.5309,,251
2614633.7145,1266178.0536,,251
2614633.5633,1266177.5764,,251
2614633.4121,1266177.0993,,251
2614633.2607,1266176.6222,,251
2614633.1091,1266176.1451,,251
2614632.9574,1266175.6681,,251
2614632.8056,1266175.1911,,251
2614632.6536,1266174.7142,,251
2614632.5016,1266174.2373,,251
2614632.3493,1266173.7604,,251
2614632.197,1266173.2836,,251
2614632.0445,1266172.8068,,251
2614631.8919,1266172.3301,,251
2614631.7391,1266171.8534,,251
2614631.5863,1266171.3768,,251
2614631.4333,1266170.9002,,251
2614631.2801,1266170.4236,,251
2614631.1269,1266169.9471,,251
2614630.9735,1266169.4706,,251
2614630.82,1266168.9942,,251
2614630.6663,1266168.5178,,251
2614630.5126,1266168.0414,,251
2614630.3587,1266167.5651,,251
2614630.2047,1266167.0888,,251
2614630.0506,1266166.6126,,251
2614629.8963,1266166.1364,,251
2614629.7419,1266165.6602,,251
2614629.5874,1266165.1841,,251
2614629.4328,1266164.708,,251
2614629.2781,1266164.232,,251
2614629.1232,1266163.756,,251
2614628.9682,1266163.28,,251
2614628.8131,1266162.8041,,251
2614628.6579,1266162.3282,,251
2614628.5026,1266161.8524,,251
2614628.3472,1266161.3765,,251
2614628.1916,1266160.9008,,251
2614628.0359,1266160.425,,251
2614627.8802,1266159.9493,,251
2614627.7243,1266159.4737,,251
2614627.5683,1266158.998,,251
2614627.4121,1266158.5225,,253
2614627.2559,1266158.0469,,253
2614627.0996,1266157.5714,,253
2614626.9431,1266157.0959,,253
2614626.7865,1266156.6205,,253
2614626.6299,1266156.1451,,253
2614626.4731,1266155.6697,,253
2614626.3162,1266155.1943,,253
2614626.1592,1266154.719,,253
2614626.0021,1266154.2438,,253
2614625.8449,1266153.7685,,253
2614625.6876,1266153.2933,,253
2614625.5302,1266152.8182,,253
2614625.3727,1266152.343,,253
2614625.2151,1266151.868,,253
2614625.0573,1266151.3929,,253
2614624.8995,1266150.9179,,253
2614624.7416,1266150.4429,,253
2614624.5836,1266149.9679,,253
2614624.4255,1266149.493,,253
2614624.2672,1266149.0181,,253
2614624.1089,1266148.5432,,253
2614623.9505,1266148.0684,,253
2614623.792,1266147.5936,,253
2614623.6334,1266147.1188,,253
2614623.4747,1266146.6441,,253
2614623.3159,1266146.1694,,253
2614623.157,1266145.6947,,253
2614622.998,1266145.2201,,253
2614622.8389,1266144.7455,,253
2614622.6797,1266144.2709,,253
2614622.5205,1266143.7964,,253
2614622.3611,1266143.3218,,253
2614622.2017,1266142.8474,,253
2614622.0421,1266142.3729,,253
2614621.8825,1266141.8985,,253
2614621.7228,1266141.4241,,253
2614621.563,1266140.9497,,253
2614621.4031,1266140.4754,,253
2614621.2431,1266140.0011,,253
2614621.0831,1266139.5268,,253
2614620.9229,1266139.0525,,253
2614620.7627,1266138.5783,,253
2614620.6024,1266138.1041,,254
2614620.442,1266137.63,,254
2614620.2815,1266137.1558,,254
2614620.1209,1266136.6817,,254
2614619.9603,1266136.2076,,254
2614619.7996,1266135.7336,,254
2614619.6388,1266135.2596,,254
2614619.4779,1266134.7856,,254
2614619.3169,1266134.3116,,254
2614619.1559,1266133.8376,,254
2614618.9948,1266133.3637,,254
2614618.8336,1266132.8898,,254
2614618.6723,1266132.416,,254
2614618.5109,1266131.9421,,254
2614618.3495,1266131.4683,,254
2614618.188,1266130.9945,,254
2614618.0265,1266130.5207,,254
2614617.8648,1266130.047,,254
2614617.7031,1266129.5733,,254
2614617.5413,1266129.0996,,254
2614617.3794,1266128.6259,,254
2614617.2175,1266128.1523,,254
2614617.0555,1266127.6787,,254
2614616.8935,1266127.2051,,254
2614616.7313,1266126.7315,,254
2614616.5691,1266126.2579,,254
2614616.4068,1266125.7844,,254
2614616.2445,1266125.3109,,254
2614616.0821,1266124.8374,,254
2614615.9196,1266124.364,,254
2614615.7571,1266123.8905,,254
2614615.5945,1266123.4171,,254
2614615.4319,1266122.9437,,254
2614615.2691,1266122.4704,,254
2614615.1063,1266121.997,,254
2614614.9435,1266121.5237,,254
2614614.7806,1266121.0504,,254
2614614.6176,1266120.5771,,254
2614614.4546,1266120.1038,,254
2614614.2915,1266119.6306,,254
2614614.1284,1266119.1573,,254
2614613.9652,1266118.6841,,254
2614613.8019,1266118.2109,,254
2614613.6386,1266117.7378,,254
2614613.4752,1266117.2646,,255
2614613.3118,1266116.7915,,255
2614613.1483,1266116.3184,,255
2614612.9848,1266115.8453,,255
2614612.8212,1266115.3722,,255
2614612.6576,1266114.8992,,255
2614612.4939,1266114.4261,,255
2614612.3301,1266113.9531,,255
2614612.1664,1266113.4801,,255
2614612.0025,1266113.0071,,255
2614611.8386,1266112.5341,,255
2614611.6747,1266112.0612,,255
2614611.5107,1266111.5883,,255
2614611.3467,1266111.1153,,255
2614611.1826,1266110.6424,,255
2614611.0185,1266110.1696,,255
2614610.8543,1266109.6967,,255
2614610.6901,1266109.2238,,255
2614610.5258,1266108.751,,255
2614610.3615,1266108.2782,,255
2614610.1972,1266107.8053,,255
2614610.0328,1266107.3326,,255
2614609.8683,1266106.8598,,255
2614609.7039,1266106.387,,255
2614609.5394,1266105.9143,,255
2614609.3748,1266105.4415,,255
2614609.2102,1266104.9688,,255
2614609.0456,1266104.4961,,255
2614608.8809,1266104.0234,,255
2614608.7162,1266103.5507,,255
2614608.5515,1266103.078,,255
2614608.3867,1266102.6054,,255
2614608.2219,1266102.1327,,255
2614608.057,1266101.6601,,255
2614607.8922,1266101.1874,,255
2614607.7272,1266100.7148,,255
2614607.5623,1266100.2422,,255
2614607.3973,1266099.7696,,255
2614607.2323,1266099.2971,,255
2614607.0673,1266098.8245,,255
2614606.9022,1266098.3519,,255.5
2614606.7371,1266097.8794,,255.5
2614606.572,1266097.4068,,255.5
2614606.4068,1266096.9343,,255.5
2614606.2417,1266096.4618,,256
2614606.0764,1266095.9893,,256
2614605.9112,1266095.5168,,256
2614605.7459,1266095.0443,,256
2614605.5807,1266094.5718,,256
2614605.4154,1266094.0993,,256
2614605.25,1266093.6269,,256
2614605.0847,1266093.1544,,256
2614604.9193,1266092.682,,256
2614604.7539,1266092.2095,,256
2614604.5885,1266091.7371,,256
2614604.423,1266091.2647,,256
2614604.2576,1266090.7922,,256
2614604.0921,1266090.3198,,256
2614603.9266,1266089.8474,,256
2614603.7611,1266089.375,,256
2614603.5955,1266088.9026,,256
2614603.43,1266088.4302,,256
2614603.2644,1266087.9578,,256
2614603.0988,1266087.4855,,256
2614602.9332,1266087.0131,,256
2614602.7676,1266086.5407,,256
2614602.602,1266086.0684,,256
2614602.4364,1266085.596,,256
2614602.2707,1266085.1236,,256
2614602.105,1266084.6513,,256
2614601.9394,1266084.1789,,256
2614601.2766,1266082.2896,,256
2614601.1109,1266081.8173,,256
2614600.9451,1266081.3449,,256
2614600.7794,1266080.8726,,256
2614600.6137,1266080.4003,,256
2614600.4479,1266079.928,,256
2614600.2822,1266079.4556,,256
2614600.1165,1266078.9833,,256
2614599.4534,1266077.094,,256
2614599.2877,1266076.6217,,256
2614597.8848,1266072.6244,,256.292911540715
2612213.4522,1269316.5244,,235.5
2612213.9126,1269316.3298,,235.5
2612214.3724,1269316.1337,,235.5
2612214.8316,1269315.9361,,235.5
2612215.2901,1269315.7371,,235.5
2614640.5071,1266200.0544,,249
2614599.9507,1266078.511,,256
2614599.7849,1266078.0387,,256
2614599.6192,1266077.5664,,256
2612117.7589,1269320.4587,,236
2612349.2826,1269169.3536,,236.2
2612679.277,1268587.6003,,238.6
2612925.4819,1268159.1627,,239.555555555556
2613213.3028,1267870.4978,,239.256426598683
2614301.7036,1267298.0624,,240.623635796695
2614512.0958,1267106.47,,240
2614493.215,1267128.6596,,240
2614655.0383,1266847.5297,,242.365280289331
2614686.6274,1266434.7924,,243.19072025897
2614686.5894,1266434.4177,,243.19072025897
2614693.9602,1266524.4275,,242.320344358858
2614642.2035,1266205.745,,248
2614640.6511,1266200.5338,,248
2614640.363,1266199.575,,249
2612293.2297,1269257.4188,,236
2612402.9719,1269070.8631,,236.575120192308
2612803.277,1268370.9252,,239.305029062421
2613083.7237,1267966.338,,239.433620299048
2613532.4608,1267703.3014,,239
2614477.0723,1267146.5986,,240
2614492.8834,1267129.0368,,240
2614629.0438,1266915.4178,,242.275012083132
2614696.1626,1266609.996,,242
2614693.9915,1266524.9272,,242.320344358858
2614601.608,1266083.2343,,256
2614601.7737,1266083.7066,,256
2614601.4423,1266082.7619,,256
2614558.633,1265960.7791,,256
